<?xml version="1.0" encoding="utf-8"?>
<person>
	<FullName>AGupta</FullName>
	<publication>
		<title>PMES: privilege mangagement and enforcement system for secure distributed resource sharing</title>
		<authors>AGupta,BjornKvande,IrwinBLevinstein,KurtMaly,MargretheHOlson,RaviMukkamala,RitaChambers,RoyWhitney,SNanjangud</authors>
		<jconf>IFIP International Federation for Information Processing World Conference IT Tools</jconf>
		<label>10</label>
	</publication>
	<publication>
		<title>A privilege management and enforcement system for distributed resource sharing</title>
		<authors>AGupta,BjornKvande,IrwinBLevinstein,KurtMaly,MargretheHOlson,RaviMukkamala,RitaChambers,RoyWhitney,SNanjangud</authors>
		<jconf>WETICE Workshop Enabling Technologies Infrastructure for Collaborative Enterprises</jconf>
		<label>10</label>
	</publication>
	<publication>
		<title>The software architecture and interprocess communications of IRI: an Internet-based interactive distance learning system</title>
		<authors>AGupta,AlaaYoussef,CMichaelOverstreet,EmiliaStoica,HusseinMAbdel-Wahab,JChristianWild,KurtMary</authors>
		<jconf>WETICE Workshop Enabling Technologies Infrastructure for Collaborative Enterprises</jconf>
		<label>10</label>
	</publication>
	<publication>
		<title>IRI-h, a Java-based distance education system</title>
		<authors>AGupta,AGonzalez,AymanAdelAbdelHamid,CMichaelOverstreet,HusseinMAbdel-Wahab,JChristianWild,KurtMaly,SaharGhanem,XiaoqingZhu</authors>
		<jconf>ACM Journal of Educational Resources Computing</jconf>
		<label>10</label>
	</publication>
	<publication>
		<title>A Security Architecture for Tenet Scheme</title>
		<authors>AGupta,MarkMoran,RiccardoBettati,RolfOppliger</authors>
		<jconf>IDMS Interactive Distributed Multimedia Systems and Telecommunication Services</jconf>
		<label>11</label>
	</publication>
	<publication>
		<title>Connection Establishment for Multi-Party Real-Time Communication</title>
		<authors>AGupta,DomenicoFerrari,MarkMoran,QuyenNguyen,RajendraYavatkar,RiccardoBettati,WHeffner,WingwaiHowe</authors>
		<jconf>NOSSDAV Network and Operating System Support for Digital Audio and Video</jconf>
		<label>11</label>
	</publication>
	<publication>
		<title>Fault-Containing Self-Stabilizing Algorithms</title>
		<authors>AGupta,SriramVPemmaraju,SukumarGhosh,TedHerman</authors>
		<jconf>PODC Symposium Principles of Distributed Computing</jconf>
		<label>12</label>
	</publication>
	<publication>
		<title>Self-stabilizing dynamic programming algorithms on trees,</title>
		<authors>SGhosh,AGupta,MHKaraata,SVPemmaraju</authors>
		<jconf>Workshop Self Stabilizing Systems Las Vegas</jconf>
		<label>12</label>
	</publication>
	<publication>
		<title>A self-stabilizing algorithm for maximal matching on trees,</title>
		<authors>SGhosh,AGupta,MHKaraata,SVPemmaraju</authors>
		<jconf>Technical Report TR Department of Computer Science The University of City</jconf>
		<label>12</label>
	</publication>
	<publication>
		<title>Multi-Modality Model-Based Registration in the Cardiac Domain</title>
		<authors>AGupta,GarethFunka-Lea,RichardDWhite,SandraSimonHalliburton,ShmuelAharon,ThomasO'Donnell</authors>
		<jconf>CVPR Computer Vision and Pattern RecognitioN</jconf>
		<label>13</label>
	</publication>
	<publication>
		<title>Pricing and Real-Time Database Applications for Information Services: A Framework and Economic Justification,</title>
		<authors>PKonana,AlokGupta,DaleOStahl,AndrewBWhinston</authors>
		<jconf>Proceedings of ICIS International Conference Information Systems Dcember Winner Runners up award for the Best Paper</jconf>
		<label>15</label>
	</publication>
	<publication>
		<title>Research Issues in Real-time DBMS in the Context of Electronic Commerce,</title>
		<authors>PKonana,AlokGupta,DaleOStahl,AndrewBWhinston</authors>
		<jconf>Proceedings of ACM for Workshop Databases Active and Real time association with th International Conference Information and Knowledge Management</jconf>
		<label>15</label>
	</publication>
	<publication>
		<title>Database Design in the Modern Organization - Identifying Robust Structures Under Changing Query Patterns and Arrival Rate Conditions,</title>
		<authors>AndrewChen,PauloGoes,AlokGupta,JamesMarsden</authors>
		<jconf>Forthcoming Decision Support Systems of Article Press version</jconf>
		<label>15</label>
	</publication>
	<publication>
		<title>Predictive Calibration of Online Multi-Unit Ascending Auctions,</title>
		<authors>RaviBapna,PauloGoes,AlokGupta,GilbertKaruga</authors>
		<jconf>Proceedings of WITS Workshop Information Technologies and Systems Barcelona Nominated for the Best Paper Award</jconf>
		<label>15</label>
	</publication>
	<publication>
		<title>The View Selection Problem for Stream Processing</title>
		<authors>AGupta,AshishKumarGupta,DanSuciu,AlonHalevy</authors>
		<jconf>PODS Symposium Principles of Database Systems</jconf>
		<label>18</label>
	</publication>
	<publication>
		<title>A Physical Design Tool for Built-in Self-Repairable Static RAMs</title>
		<authors>AGupta,KanadChakraborty,MayukhBhattacharya,PinakiMazumder,ShriramKulkarni</authors>
		<jconf>DATE Design Automation and Test Europe</jconf>
		<label>19</label>
	</publication>
	<publication>
		<title>Scheduling and Page Migration for Multiprocessor Compute Servers</title>
		<authors>AGupta,BenVerghese,MendelRosenblum,RohitChandra,ScottDevine</authors>
		<jconf>ASPLOS Architectural Support for Programming Languages and Operating Systems</jconf>
		<label>1</label>
	</publication>
	<publication>
		<title>Memory System Performance of UNIX on CC-NUMA Multiprocessors</title>
		<authors>AGupta,JohnChapin,MendelRosenblum,StephenAlanHerrod</authors>
		<jconf>SIGMETRICS Measurement and Modeling of Computer Systems</jconf>
		<label>1</label>
	</publication>
	<publication>
		<title>Initial Assessment of Architectures for Production Systems,</title>
		<authors>CharlesForgy,AnoopGupta,AllenNewell,RobertGWedig</authors>
		<jconf>AAAI National Conference Artificial Intelligence</jconf>
		<label>1</label>
	</publication>
	<publication>
		<title>Parallel Algorithms and Architectures for RuleBased Systems,</title>
		<authors>AnoopGupta,CharlesForgy,AllenNewell,RobertGWedig</authors>
		<jconf>ISCA International Symposium Computer Architecture</jconf>
		<label>1</label>
	</publication>
	<publication>
		<title>The Performance Impact of Flexibility in the Stanford FLASH Multiprocessor</title>
		<authors>AGupta,DavidNakahira,DavidOfelt,JaswinderPalSingh,JeffreyKuskin,JoelBaxter,JohnHeinlein,JohnLHennessy,KouroshGharachorloo,MarkHeinrich,MarkHorowitz,MendelRosenblum,RichardSimoni</authors>
		<jconf>ASPLOS Architectural Support for Programming Languages and Operating Systems</jconf>
		<label>1</label>
	</publication>
	<publication>
		<title>Soar/PSM-E: Investigating Match Parallelism in a Learning Production System</title>
		<authors>AGupta,AllenNewell,BrianMilnes,CharlesForgy,DirkKalp,MilindTambe</authors>
		<jconf>PPOPP Principles Practice of Parallel Programming PPEALS Symposium Principles and Practice of Parallel Programming</jconf>
		<label>1</label>
	</publication>
	<publication>
		<title>Integration of Message Passing and Shared Memory in the Stanford FLASH Multiprocessor</title>
		<authors>AGupta,JohnHeinlein,KouroshGharachorloo,ScottDresser</authors>
		<jconf>ASPLOS Architectural Support for Programming Languages and Operating Systems</jconf>
		<label>1</label>
	</publication>
	<publication>
		<title>Variable Compression Using JPEG</title>
		<authors>AGupta,AvneeshAgrawal,NavinChaddha,TeresaHYMeng</authors>
		<jconf>ICMCS International Conference Multimedia Computing and Systems</jconf>
		<label>1</label>
	</publication>
	<publication>
		<title>Distance learning through distributed collaborative video viewing</title>
		<authors>AGupta,AnandBalachandran,ElizabethSanocki,GavinJancke,JonathanGrudin,JonathanJCadiz</authors>
		<jconf>CSCW Conference Computer Supported Cooperative Work</jconf>
		<label>1</label>
	</publication>
	<publication>
		<title>Browsing digital video</title>
		<authors>AGupta,ElizabethSanocki,FrancisCLi,Li-weiHe,YongRui</authors>
		<jconf>CHI Conference Human Factors Computing Systems</jconf>
		<label>1</label>
	</publication>
	<publication>
		<title>Comparing presentation summaries: slides vs reading vs listening</title>
		<authors>AGupta,ElizabethSanocki,JonathanGrudin,LiweiHe</authors>
		<jconf>CHI Conference Human Factors Computing Systems</jconf>
		<label>1</label>
	</publication>
	<publication>
		<title>Designing and deploying an information awareness interface</title>
		<authors>AGupta,GavinJancke,GinaDanielleVenolia,JonathanJCadiz</authors>
		<jconf>CSCW Conference Computer Supported Cooperative Work</jconf>
		<label>1</label>
	</publication>
	<publication>
		<title>Linking public spaces: technical and social issues</title>
		<authors>AGupta,GavinJancke,GinaDanielleVenolia,JonathanGrudin,JonathanJCadiz</authors>
		<jconf>CHI Conference Human Factors Computing Systems</jconf>
		<label>1</label>
	</publication>
	<publication>
		<title>Time-Compression: Systems Concerns, Usage, and Benefits</title>
		<authors>AGupta,ElizabethSanocki,JonathanGrudin,LiweiHe,NosaOmoigui</authors>
		<jconf>CHI Conference Human Factors Computing Systems</jconf>
		<label>1</label>
	</publication>
	<publication>
		<title>Notification for shared annotation of digital documents</title>
		<authors>AGupta,AJBernheimBrush,DavidBargeron,JonathanGrudin</authors>
		<jconf>CHI Conference Human Factors Computing Systems</jconf>
		<label>1</label>
	</publication>
	<publication>
		<title>Robust annotation positioning in digital documents</title>
		<authors>AGupta,AJBernheimBrush,DavidBargeron,JonathanJCadiz</authors>
		<jconf>CHI Conference Human Factors Computing Systems</jconf>
		<label>1</label>
	</publication>
	<publication>
		<title>Automating camera management for lecture room environments</title>
		<authors>AGupta,JonathanJCadiz,QiongLiu,YongRui</authors>
		<jconf>CHI Conference Human Factors Computing Systems</jconf>
		<label>1</label>
	</publication>
	<publication>
		<title>Operating System Support for Improving Data Locality on CC-NUMA Compute Servers</title>
		<authors>AGupta,BenVerghese,MendelRosenblum,ScottDevine</authors>
		<jconf>ASPLOS Architectural Support for Programming Languages and Operating Systems</jconf>
		<label>1</label>
	</publication>
	<publication>
		<title>Scheduling and Page Migration for Multiprocessor Compute Servers,</title>
		<authors>RohitChandra,ScottDevine,BenVerghese,AnoopGupta,MendelRosenblum</authors>
		<jconf>ASPLOS Architectural Support for Programming Languages and Operating Systems</jconf>
		<label>1</label>
	</publication>
	<publication>
		<title>Specification-based anomaly detection: a new approach for detecting network intrusions</title>
		<authors>AGupta,ATiwari,HYang,JFrullo,RSekar,SZhou,TShanbhag</authors>
		<jconf>ACM Conference Computer and Communications Security</jconf>
		<label>25</label>
	</publication>
	<publication>
		<title>A System for Managing Alternate Models in Model-based Mediation</title>
		<authors>AGupta,BLudascher,MEMartone,XQian,JTran,IZaslavsky</authors>
		<jconf>British National Conference Databases BNCOD British National Conference Databases</jconf>
		<label>2</label>
	</publication>
	<publication>
		<title>Virage Video Engine</title>
		<authors>AGupta,ArunHampapur,BradleyHorowitz,CharlesFuller,Chiao-FeShu,JeffreyRBach,MonikaGorkani,RameshJain</authors>
		<jconf>Storage and Retrieval for Image and Video Databases SPIE The International Society for Optical Engineering</jconf>
		<label>2</label>
	</publication>
	<publication>
		<title>Virage Image Search Engine: An Open Framework for Image Management</title>
		<authors>AGupta,ArunHampapur,BradleyHorowitz,CharlesFuller,Chiao-FeShu,JeffreyRBach,RameshJain,RichHumphrey</authors>
		<jconf>Storage and Retrieval for Image and Video Databases SPIE The International Society for Optical Engineering</jconf>
		<label>2</label>
	</publication>
	<publication>
		<title>Federation of brain data through knowledge-guided mediation</title>
		<authors>MEMartone,AGupta,BLudascher,IZaslavsky,MHEllisman</authors>
		<jconf>R Kotter ed Neuroscience Databases A Practical Guide Kluwer Academic Publishers</jconf>
		<label>2</label>
	</publication>
	<publication>
		<title>A Practical Approach for Microscopy Imaging Data Management MIDM in Neuroscience</title>
		<authors>AGupta,MaryannEMartone,ShenglanZhang,XufeiQian</authors>
		<jconf>SSDBM Statistical and Scientific Database Management</jconf>
		<label>2</label>
	</publication>
	<publication>
		<title>Collection-based persistent digital archives</title>
		<authors>RMoore,CBaru,ARajasekar,BLudascher,RMarciano,MWan,WSchroeder,AGupta</authors>
		<jconf>D Lib Magazine Corporation for National Research Initiatives</jconf>
		<label>2</label>
	</publication>
	<publication>
		<title>Navigating Virtual Information Sources with Know-ME</title>
		<authors>XQian,BLudascher,MEMartone,AGupta</authors>
		<jconf>Proc of Conference Extending Database Technology EDBT Extending Database Technology Prague</jconf>
		<label>2</label>
	</publication>
	<publication>
		<title>Interactive video on WWW: beyond VCR-like interfaces</title>
		<authors>AKatkere,JSchlenzig,AGupta,RJain</authors>
		<jconf>Computer Networks and ISDN Systems</jconf>
		<label>2</label>
	</publication>
	<publication>
		<title>Modeling Shape and Topology of D Images of Biological Specimens</title>
		<authors>PADeAlarcon,APascual-Montano,AGupta,JMCarazo</authors>
		<jconf>Proc Int Conf Image Proc And Pattern Recog ICPR International Conference Pattern Recognition</jconf>
		<label>2</label>
	</publication>
	<publication>
		<title>BIRN-M: A Semantic Mediator for Solving Real-World Neuroscience Problems</title>
		<authors>AGupta,BertramLud&amp;auml,scher,MaryannEMartone</authors>
		<jconf>SIGMOD International Conference Management of Data Conference</jconf>
		<label>2</label>
	</publication>
	<publication>
		<title>Compiling Abstract Scientific Workflows into Web Service Workflows</title>
		<authors>AGupta,BertramLud&amp;auml,scher,IlkayAltintas</authors>
		<jconf>SSDBM Statistical and Scientific Database Management</jconf>
		<label>2</label>
	</publication>
	<publication>
		<title>A Modeling and Execution Environment for Distributed Scientific Workflows</title>
		<authors>IAltintas,SBhagwanani,DButtler,SChandra,MColeman,TCritchlow,AGupta,WHan,LLiu,BLudascher,RMoore,CPu,AShoshani,MVouk</authors>
		<jconf>Int Conf Statistical and Scientific Data Management SSDBM Statistical and Scientific Database Management</jconf>
		<label>2</label>
	</publication>
	<publication>
		<title>The Virage Image Search Engine: an open framework for image management</title>
		<authors>JRBach,CFuller,AGupta,AHampapur</authors>
		<jconf>Proc Storage and Retrieval for Still Image and Video Databases IV San Jose Computer Animation</jconf>
		<label>2</label>
	</publication>
	<publication>
		<title>XML-Based Information Mediation with MIX</title>
		<authors>CBaru,AGupta,BLudascher,RMarciano,Yapakonstantinou,PVelikhov,VChu</authors>
		<jconf>Proc of the ACM SIGMOD International Conference Management of Data</jconf>
		<label>2</label>
	</publication>
	<publication>
		<title>A Modeling and Execution Environment for Distributed Scientific Workflows</title>
		<authors>AGupta,ArieShoshani,BertramLud&amp;auml,scher,CaltonPu,DavidButtler,IlkayAltintas,LingLiu,MatthewColeman,MladenAVouk,ReaganMoore,SandeepChandra,SangeetaBhagwanani,TerenceCritchlow,WeiHan,ZhengangCheng</authors>
		<jconf>SSDBM Statistical and Scientific Database Management</jconf>
		<label>2</label>
	</publication>
	<publication>
		<title>Complex Visual Activity Recognition Using a Temporally Ordered Database</title>
		<authors>SBhonsle,AGupta,SSantini,MWorring,RJain</authors>
		<jconf>Proc Of the rd Int Conf Visual The Lecture Notes Computer Science Springer</jconf>
		<label>2</label>
	</publication>
	<publication>
		<title>Semiorder Database for Complex Activity Recognition in Multi-sensory Environments</title>
		<authors>SBhonsle,AGupta,SSantini,RJain</authors>
		<jconf>Proc Of IEEE Int Conf Data Engineering San Diego demonstration paper</jconf>
		<label>2</label>
	</publication>
	<publication>
		<title>Content-Based Image Retrieval at the End of the Early Years</title>
		<authors>AGupta,ArnoldWMSmeulders,MarcelWorring,RameshJain,SimoneSantini</authors>
		<jconf>IEEE Transactions Pattern Analysis and Machine Intelligence</jconf>
		<label>2</label>
	</publication>
	<publication>
		<title>Towards a Federated Neuroscientific Knowledge Management System Using Brain Atlases</title>
		<authors>GBurns,KStephan,BLudascher,AGupta</authors>
		<jconf>Computational Neuroscience Meeting CNS poster paper Brugge</jconf>
		<label>2</label>
	</publication>
	<publication>
		<title>A Semantic Mediation Approach for Problems in Computational Molecular Biology</title>
		<authors>MChagoyen,MEKurul,PADe-Alarcon,SSantini,BLudascher,JMCarazo,AGupta</authors>
		<jconf>IEEE Computer Society Bioinformatics Conference CSB</jconf>
		<label>2</label>
	</publication>
	<publication>
		<title>General Medical Image online Description Grammar</title>
		<authors>MHGoldbaum,AGupta,VKouznetsova,IZaslavsky,DJNazafi</authors>
		<jconf>poster American Association of Ophthalmologists</jconf>
		<label>2</label>
	</publication>
	<publication>
		<title>BIRN-M: A Semantic Mediator for Solving Real-World Neuroscience Problems</title>
		<authors>AGupta,BLudascher,MEMartone,ARajasekar,ERoss,XQian,SSantini,HHe,IZaslavsky</authors>
		<jconf>ACM Conf Management of Data SIGMOD International Conference Management of Data Demonstration page</jconf>
		<label>2</label>
	</publication>
	<publication>
		<title>Content-based retrieval of ophtalmological images</title>
		<authors>AGupta,SMoezzi,ATaylor,SChatterjee,RJain,MGoldbaum,SBurgess</authors>
		<jconf>Proc International Conference Image Processing Lusanne</jconf>
		<label>2</label>
	</publication>
	<publication>
		<title>Declarative Specification of Gene Regulatory Networks and Query Evaluation in PathSys,</title>
		<authors>AGupta,YYang,ABagchi,ARay</authors>
		<jconf>Proc of Workshop Bioinformatics conjunction with Intl Conf Data Engineering ICDE International Conference Data Engineering</jconf>
		<label>2</label>
	</publication>
	<publication>
		<title>Knowledge-Based Integration of Neuroscience Data Sources</title>
		<authors>AGupta,BertramLud&amp;auml,scher,MaryannEMartone</authors>
		<jconf>SSDBM Statistical and Scientific Database Management</jconf>
		<label>2</label>
	</publication>
	<publication>
		<title>Query Evaluation and Presentation Planning within a Spatial Mediator: Extending XML-based Mediation to Heterogeneous Sources of GIS and Imagery Data Invited Address</title>
		<authors>AGupta,BertramLud&amp;auml,scher,IlyaZaslavsky,ShabbarTambawala</authors>
		<jconf>DEXA Database and Expert Systems Applications Workshop</jconf>
		<label>2</label>
	</publication>
	<publication>
		<title>XML-Based Information Mediation with MIX</title>
		<authors>AGupta,BertramLud&amp;auml,scher,ChaitanyaKBaru,PavelVelikhov,RichardMarciano,VincentChu,YannisPapakonstantinou</authors>
		<jconf>SIGMOD International Conference Management of Data Conference</jconf>
		<label>2</label>
	</publication>
	<publication>
		<title>An Extensible Model-Based Mediatior System with Domain Maps</title>
		<authors>AGupta,BertramLud&amp;auml,scher,MaryannEMartone</authors>
		<jconf>ICDE International Conference Data Engineering Demo Sessions</jconf>
		<label>2</label>
	</publication>
	<publication>
		<title>Complex Visual Activity Recognition Using a Temporally Ordered Database</title>
		<authors>AGupta,MarcelWorring,RameshJain,ShailendraKBhonsle,SimoneSantini</authors>
		<jconf>VISUAL Visual Information and Information Systems</jconf>
		<label>2</label>
	</publication>
	<publication>
		<title>Ontology services for curriculum development in NSDL</title>
		<authors>AGupta,BertramLud&amp;auml,scher,ReaganMoore</authors>
		<jconf>JCDL ACM IEEE Joint Conference Digital Libraries</jconf>
		<label>2</label>
	</publication>
	<publication>
		<title>Accuracy Mediation in a Spatial Wrapper Mediator System</title>
		<authors>IZaslavsky,BLudascher,AGupta,RMarciano</authors>
		<jconf>st Geographic Information Science Conference Extended abstract</jconf>
		<label>2</label>
	</publication>
	<publication>
		<title>XML-based Spatial Data Mediation Infrastructure for Global Interoperability</title>
		<authors>IZaslavsky,RMarciano,AGupta,CBaru</authors>
		<jconf>th Global Spatial Data Infrastructure Conference Cape Town South Africa</jconf>
		<label>2</label>
	</publication>
	<publication>
		<title>A Practical Approach for Microscopy Imaging Data Management MIDM in Neuroscience</title>
		<authors>SZhang,XQian,AGupta,MEMartone</authors>
		<jconf>Int Conf Statistical and Scientific Data Management SSDBM Statistical and Scientific Database Management</jconf>
		<label>2</label>
	</publication>
	<publication>
		<title>An Event Management Architecture for Activity Recognition in a Multistream Video Database</title>
		<authors>AGupta,SBhonsle,SSantini,RJain</authors>
		<jconf>Proceedings of the Image Understanding Workshop Computer Animation</jconf>
		<label>2</label>
	</publication>
	<publication>
		<title>On Summarization of Video</title>
		<authors>AGupta,HHampapur,MGorkani,RJain</authors>
		<jconf>International Conference Image Processing IEEE Santa Barbara</jconf>
		<label>2</label>
	</publication>
	<publication>
		<title>Integrating GIS and Imagery through XML-Based Information Mediation</title>
		<authors>AGupta,RMarciano,IZaslavsky,CBaru</authors>
		<jconf>Proc NSF International Workshop Integrated Spatial Databases Digital Images and GIS Workshop Advances Geographic Information Systems Lecture Notes Computer Science Springer Verlag</jconf>
		<label>2</label>
	</publication>
	<publication>
		<title>Registering Scientific Information Sources for Semantic Mediation</title>
		<authors>AGupta,BertramLud&amp;auml,scher,MaryannEMartone</authors>
		<jconf>ER International Conference Conceptual Modeling the Entity Relationship Approach</jconf>
		<label>2</label>
	</publication>
	<publication>
		<title>Efficient and Complete Tests for Database Integrity Constraint Checking</title>
		<authors>AGupta,JeffreyDUllman,JenniferWidom,YehoshuaSagiv</authors>
		<jconf>PPCP Principles and Practice of Constraint Programming</jconf>
		<label>3</label>
	</publication>
	<publication>
		<title>Validating Constraints with Partial Information: Research Overview</title>
		<authors>AGupta,JeffreyDUllman,JenniferWidom,YehoshuaSagiv</authors>
		<jconf>DAISD Deductive Approach to Information Systems and Databases</jconf>
		<label>3</label>
	</publication>
	<publication>
		<title>Making Views Self-Maintainable for Data Warehousing</title>
		<authors>AGupta,DallanQuass,InderpalSinghMumick,JenniferWidom</authors>
		<jconf>PDIS Conference Parallel and Distributed Information Systems</jconf>
		<label>3</label>
	</publication>
	<publication>
		<title>Constraint Checking with Partial Information</title>
		<authors>AGupta,JeffreyDUllman,JenniferWidom,YehoshuaSagiv</authors>
		<jconf>PODS Symposium Principles of Database Systems</jconf>
		<label>3</label>
	</publication>
	<publication>
		<title>A Query Translation Scheme for Rapid Implementation of Wrappers</title>
		<authors>AGupta,HectorGarcia-Molina,JeffreyDUllman,YannisPapakonstantinou</authors>
		<jconf>DOOD Deductive and Object Oriented Databases</jconf>
		<label>3</label>
	</publication>
	<publication>
		<title>Embeddings of k-connected graphs of pathwidth k</title>
		<authors>AGupta,NNishimura,AProskurowski,PRagde</authors>
		<jconf>Proceedings of the th Annual Scandinavian Workshop Algorithm Theory</jconf>
		<label>4</label>
	</publication>
	<publication>
		<title>The Generalized Matching Problem on Partial k-Trees</title>
		<authors>AGupta,DKaller,SMahajan,TShermer</authors>
		<jconf>Contemporary Trends Discrete Math AMS American Mathematical Society</jconf>
		<label>4</label>
	</publication>
	<publication>
		<title>The [chi lc gif] t-colouring problem</title>
		<authors>DKaller,AGupta,,TShermer</authors>
		<jconf>th Annual Symposium the Theoretical Aspects of Computer Science</jconf>
		<label>4</label>
	</publication>
	<publication>
		<title>An optimal parallel algorithm for formula evaluation,</title>
		<authors>SBuss,SCook,AGupta,VRamachandran</authors>
		<jconf>SIAM Society for Industrial and Applied Mathematics Journal Computing</jconf>
		<label>4</label>
	</publication>
	<publication>
		<title>Algorithms and Data Structures</title>
		<authors>FDehne,AGupta,JSack,RTamassia</authors>
		<jconf>Springer Verlag Lecture Notes Computer Science Volume</jconf>
		<label>4</label>
	</publication>
	<publication>
		<title>Parallel Analysis of IC Power Distribution Networks</title>
		<authors>AGupta,DavidMoran,GarySDitlow,RalphWilliams,RichardMoore,TomWilkins</authors>
		<jconf>PPSC SIAM Conference Parallel Processing for Scientific Computing</jconf>
		<label>5</label>
	</publication>
	<publication>
		<title>Design and Implementation of a Scalable Parallel Direct Solver for Sparse Symmetric Positive Definite Systems: Preliminary Results</title>
		<authors>AGupta,FredGGustavson,GeorgeKarypis,MaheshVJoshi,VipinKumar</authors>
		<jconf>PPSC SIAM Conference Parallel Processing for Scientific Computing</jconf>
		<label>5</label>
	</publication>
	<publication>
		<title>PSPASES: An Efficient and Scalable Parallel Sparse Direct Solver</title>
		<authors>AGupta,FredGGustavson,GeorgeKarypis,MaheshVJoshi,VipinKumar</authors>
		<jconf>PPSC SIAM Conference Parallel Processing for Scientific Computing</jconf>
		<label>5</label>
	</publication>
	<publication>
		<title>Approximation Via Cost-Sharing: A Simple Approximation Algorithm for the Multicommodity Rent-or-Buy Problem</title>
		<authors>AGupta,AmitKumar,MartinP&amp;aacute,l,TimRoughgarden</authors>
		<jconf>FOCS IEEE Symposium Foundations of Computer Science</jconf>
		<label>6</label>
	</publication>
	<publication>
		<title>Provisioning a virtual private network: a network design problem for multicommodity flow</title>
		<authors>AGupta,AmitKumar,B&amp;uuml,lentYener,JonMKleinberg,RajeevRastogi</authors>
		<jconf>STOC ACM Symposium Theory of Computing</jconf>
		<label>6</label>
	</publication>
	<publication>
		<title>Cuts, Trees and l&lt;sub&gt; &lt;/sub&gt;-Embeddings of Graphs</title>
		<authors>AGupta,AlistairSinclair,IlanNewman,YuriRabinovich</authors>
		<jconf>FOCS IEEE Symposium Foundations of Computer Science</jconf>
		<label>6</label>
	</publication>
	<publication>
		<title>Cuts, Trees and l Embeddings</title>
		<authors>AGupta,IlanNewman,YuriRabinovich,AlistairSinclair</authors>
		<jconf>FOCS IEEE Symposium Foundations of Computer Science</jconf>
		<label>6</label>
	</publication>
	<publication>
		<title>Approximation Via Cost-Sharing: A Simple Approximation Algorithm for the Multicommodity Rent-or-Buy Problem</title>
		<authors>AGupta,AmitKumar,MartinPal,TimRoughgarden</authors>
		<jconf>FOCS IEEE Symposium Foundations of Computer Science</jconf>
		<label>6</label>
	</publication>
	<publication>
		<title>Provisioning a Virtual Private Network: A Network Design problem for Multicommodity flows</title>
		<authors>AGupta,JonKleinberg,AmitKumar,RajeevRastogi,BulentYener</authors>
		<jconf>STOC ACM Symposium Theory of Computing</jconf>
		<label>6</label>
	</publication>
	<publication>
		<title>Compact Hypercubes: Properties and Recognition</title>
		<authors>AGupta,AlfredJBoals,JahangirAHashmi,NaveedASherwani</authors>
		<jconf>ICCI International Conference Computing and Information</jconf>
		<label>7</label>
	</publication>
	<publication>
		<title>An Efficient Approximation Algorithm for Hypercube Scheduling</title>
		<authors>AGupta,AlfredJBoals,JahangirAHashmi,NaveedASherwani</authors>
		<jconf>ICCI International Conference Computing and Information</jconf>
		<label>7</label>
	</publication>
	<publication>
		<title>Development of a parallel and distributed integration package - PART</title>
		<authors>AGupta,ElisedeDoncker,KyleRathbun,PatriciaEaly</authors>
		<jconf>HPCN European International Conference High Performance Computing and Networking Europe</jconf>
		<label>7</label>
	</publication>
	<publication>
		<title>Property-specific witness graph generation for guided simulation</title>
		<authors>AGupta,AkiraMukaiyama,AlbertECasavant,KazutoshiWakabayashi,PranavAshar,SLiu</authors>
		<jconf>DATE Design Automation and Test Europe</jconf>
		<label>8</label>
	</publication>
	<publication>
		<title>Property-Specific Testbench Generation for Guided Simulation</title>
		<authors>AGupta,AkiraMukaiyama,AlbertECasavant,KazutoshiWakabayashi,PranavAshar,XGLiu</authors>
		<jconf>VLSI Very Large Scale Integration Design</jconf>
		<label>8</label>
	</publication>
	<publication>
		<title>Partition-Based Decision Heuristics for Image Computation Using SAT and BDDs</title>
		<authors>AGupta,LintaoZhang,PranavAshar,SharadMalik,ZijiangYang</authors>
		<jconf>ICCAD International Conference Computer Aided Design</jconf>
		<label>8</label>
	</publication>
	<publication>
		<title>An Integrated Framework to Support Distributed CAD over the Internet</title>
		<authors>AGupta,FenioskyPe&amp;ntilde,a-Mora,JasonYeung,SanjeevVadhavkar</authors>
		<jconf>WETICE Workshop Enabling Technologies Infrastructure for Collaborative Enterprises</jconf>
		<label>9</label>
	</publication>
	<publication>
		<title>Directions for Web and E-Commerce Applications Security</title>
		<authors>AGupta,BhavaniMThuraisingham,ChrisClifton,ElenaFerrari,ElisaBertino</authors>
		<jconf>WETICE Workshop Enabling Technologies Infrastructure for Collaborative Enterprises</jconf>
		<label>9</label>
	</publication>
	<publication>
		<title>An Integrated Architecture for Recognition of Totally Unconstrained Handwritten Numerals</title>
		<authors>AGupta,ALiu,MVNagendraprasad,PatrickShen-PeiWang,SAyyadurai</authors>
		<jconf>IJPRAI International Journal of Pattern Recognition and Artificial Intelligence</jconf>
		<label>9</label>
	</publication>
	<publication>
		<title>An Adaptive Modular Neural Network with Application to Unconstrained Character Recognition</title>
		<authors>AGupta,ArunAgarwal,LikMui,PatrickShen-PeiWang</authors>
		<jconf>IJPRAI International Journal of Pattern Recognition and Artificial Intelligence</jconf>
		<label>9</label>
	</publication>
</person>
