<?xml version="1.0" encoding="utf-8"?>
<person>
	<FullName>AKumar</FullName>
	<publication>
		<title>Scheduling of Outputs in Grammar-based Hardware Synthesis of Data Communication Protocols</title>
		<authors>AKumar,AhmedHemani,Johnny&amp;Ouml,berg</authors>
		<jconf>DATE Design Automation and Test Europe</jconf>
		<label>10</label>
	</publication>
	<publication>
		<title>An XML Application For Genomic Data Interoperation</title>
		<authors>AKumar,Kei-HoiCheung,MarkGerstein,MichaelSnyder,PerryLMiller,YangLiu</authors>
		<jconf>BIBE IEEE International Conference Bioinformatics and Bioengineering</jconf>
		<label>11</label>
	</publication>
	<publication>
		<title>EROICA: A Rule-based Approach to Organizational Policy Management in Workflow Systems,</title>
		<authors>AKumar,Kumar,A,Zhao,L</authors>
		<jconf>WAIM Web Age Information Management Conference Beijing</jconf>
		<label>1</label>
	</publication>
	<publication>
		<title>Approximation Via Cost-Sharing: A Simple Approximation Algorithm for the Multicommodity Rent-or-Buy Problem</title>
		<authors>AKumar,AnupamGupta,MartinP&amp;aacute,l,TimRoughgarden</authors>
		<jconf>FOCS IEEE Symposium Foundations of Computer Science</jconf>
		<label>3</label>
	</publication>
	<publication>
		<title>Provisioning a virtual private network : A network design problem for multicommodity flow</title>
		<authors>AKumar,AGupta,JKleinberg,RRastogi,BYener</authors>
		<jconf>Proc rd ACM Symposium Thoery of Computing</jconf>
		<label>3</label>
	</publication>
	<publication>
		<title>Optimal configuration of OSPF aggregates</title>
		<authors>AKumar,YBreitbart,MGarofalakis,RRastogi</authors>
		<jconf>Proc st IEEE INFOCOM The Conference Computer Communications</jconf>
		<label>3</label>
	</publication>
	<publication>
		<title>Building edge-failure resilient networks</title>
		<authors>AKumar,CChekuri,AGupta,SNaor,DRaz</authors>
		<jconf>Proc th International Conference IPCO Integer Programming Combinatorial Optimization</jconf>
		<label>3</label>
	</publication>
	<publication>
		<title>Algorithms for provisioning VPNs in the hose model</title>
		<authors>AKumar,RRastogi,ASilberschatz,BYener</authors>
		<jconf>Proc ACM SIGCOMM Special Interest Group Data Communications</jconf>
		<label>3</label>
	</publication>
	<publication>
		<title>Algorithms for provisioning virtual private networks in the hose model</title>
		<authors>AKumar,AbrahamSilberschatz,B&amp;uuml,lentYener,RajeevRastogi</authors>
		<jconf>SIGCOMM Special Interest Group Data Communications</jconf>
		<label>3</label>
	</publication>
	<publication>
		<title>Object-Oriented Simulation of Multimedia-On-Demand Services over ATM Network</title>
		<authors>AKumar,AditiSingru,AlokSrivastava,KhaledAKamel</authors>
		<jconf>MASCOTS INTERNATIONAL SYMPOSIUM MODELING ANALYSIS AND SIMULATION OF COMPUTER AND TELECOMMUNICATION SYSTEMS</jconf>
		<label>4</label>
	</publication>
	<publication>
		<title>VMES: A Versatile Maintenance Expert System</title>
		<authors>AKumar,JChen,JChoi,JGeller,MRTaie,SCShapiro,SNSrihari,SJUpadhyaya</authors>
		<jconf>Department of Computer Science State University of New at Number</jconf>
		<label>5</label>
	</publication>
	<publication>
		<title>Interactive Multimedia Pedagogies - Report of the Working Group on Interactive Multimedia Pedagogy</title>
		<authors>AKumar,PAVHall,ESAdams,LCarswell,AEllis,JMeyer,JMotil</authors>
		<jconf>Proceedings of The First Association for Computing Machinery ACM SIGCSE SIGCUE Special Interest Group Computer Science Education Computers Undergraduate Education Conference Integrating Technology into Computer Science Education Barcelona</jconf>
		<label>5</label>
	</publication>
	<publication>
		<title>High Level Design Experiences with IDEAS</title>
		<authors>AKumar,ARNaseer,CSAjay,DHarikrishna,MBalakrishnan,MKarunakaran,ShashiKumar,VMudgil</authors>
		<jconf>VLSI Very Large Scale Integration Design</jconf>
		<label>6</label>
	</publication>
	<publication>
		<title>A New Divide and Conquer Method for Achieving High Speed Division in Hardware</title>
		<authors>AKumar,MBalakrishnan,MuraliMohan,RohiniKrishnan</authors>
		<jconf>VLSI Very Large Scale Integration Design</jconf>
		<label>6</label>
	</publication>
</person>
