<?xml version="1.0" encoding="utf-8"?>
<person>
	<FullName>CChen</FullName>
	<publication>
		<title>A Test Strategy for Object-Oriented Programs</title>
		<authors>CChen,DavidChenhoKung,JerryGao,PeiHsia,YasufumiToyoshima</authors>
		<jconf>COMPSAC International Computer Software and Applications Conference</jconf>
		<label>10</label>
	</publication>
	<publication>
		<title>Developing an Integrated Testing Environment Using the World Wide Web Technology</title>
		<authors>CChen,DavidKLeung,JerryGao,YasufumiToyoshima</authors>
		<jconf>COMPSAC International Computer Software and Applications Conference</jconf>
		<label>10</label>
	</publication>
	<publication>
		<title>Object state testing for object-oriented programs</title>
		<authors>CChen,DavidChenhoKung,JerryZGao,PeiHsia,YasufumiToyoshima</authors>
		<jconf>COMPSAC International Computer Software and Applications Conference</jconf>
		<label>10</label>
	</publication>
	<publication>
		<title>INDUCTWISE: Inductance-Wise Interconnect Simulator and Extractor,</title>
		<authors>Tsung-HaoChen,ClementLuk,HyungsukKim,CharlieChung-PingChen</authors>
		<jconf>IEEE ACM International Conference Computer Aided Design ICCAD International Conference Computer Aided Design</jconf>
		<label>11</label>
	</publication>
	<publication>
		<title>Linear Time Hierarchical Capacitance Extraction Without Multipole Expansion,</title>
		<authors>SaisanthoshBalakrishnan,JongHyukPark,HyungsukKim,Yu-MinLee,CharlieChung-PingChen</authors>
		<jconf>International Conference Computer Design ICCD International Conference Computer Design</jconf>
		<label>11</label>
	</publication>
	<publication>
		<title>HiPRIME: Hierarchical and Passivity Reserved Interconnect Macromodeling Engine for RLKC Power Delivery,</title>
		<authors>YahongCao,Yu-MinLee,Tsung-HaoChen,CharlieChung-PingChen</authors>
		<jconf>IEEE ACM Design Automation Conference DAC Design Automation Conference</jconf>
		<label>11</label>
	</publication>
	<publication>
		<title>FDTD-ADI: An Unconditionally Stable Full Wave Maxwell Equation Solver for VLSI Modeling,</title>
		<authors>CharlieChung-PingChen,NarayananMurugesan,Tae-WooLee,SusanCHagness</authors>
		<jconf>IEEE ACM International Conference Computer Aided Design ICCAD International Conference Computer Aided Design</jconf>
		<label>11</label>
	</publication>
	<publication>
		<title>Generalized FDTD-ADI: An Unconditionally Stable Full-Wave Maxwell's Equations Solver for VLSI Interconnect Modeling</title>
		<authors>CChen,NarayananMurugesan,SusanCHagness,Tae-WooLee</authors>
		<jconf>ICCAD International Conference Computer Aided Design</jconf>
		<label>11</label>
	</publication>
	<publication>
		<title>Task Assignment and Load Balancing of Autonomous Vehicles in a Flexible Manufacturing System,</title>
		<authors>CChen,CLChen,CSGLee,CDMcGillem</authors>
		<jconf>IEEE Transaction Robotics and Automation RA</jconf>
		<label>12</label>
	</publication>
	<publication>
		<title>Model-Based Sensor Validation for a Turbofan Engine Using Auto-Associative Neural Networks</title>
		<authors>CChen,T-HGuo,DLMatternLCJaw,CLPChen</authors>
		<jconf>Journal of Smart Engineering Systems and Francis</jconf>
		<label>12</label>
	</publication>
	<publication>
		<title>Efficient Scheduling Algorithm for Robot Inverse Dynamics Computation on a Multiprocessor System,</title>
		<authors>CChen,CLChen,CSGLee,ESHHou</authors>
		<jconf>IEEE Trans Systems Man and Cybernetics SMC</jconf>
		<label>12</label>
	</publication>
	<publication>
		<title>Extension Principles and Fuzzy Set Categories</title>
		<authors>CChen,QHe,HLi,CLPhilipChen,ESLee</authors>
		<jconf>International Journal of Computers and Mathematics Applications Pergamon Press</jconf>
		<label>12</label>
	</publication>
	<publication>
		<title>Factor Spaces Theory and Fuzzy Information Processing: Fuzzy Decision Making Based on the Concepts of Feedback Extension</title>
		<authors>CChen,HLi,CLPhilipChen,ESLee</authors>
		<jconf>International Journal of Computers and Mathematics Applications Pergamon Press</jconf>
		<label>12</label>
	</publication>
	<publication>
		<title>Factor Spaces Theory and its Applications to Fuzzy Information Processing: Two Kinds of Factor Space Canes</title>
		<authors>CChen,HLi,CLPhilipChen,VCYen,ESLee</authors>
		<jconf>International Journal of Computers and Mathematics Applications Pergamon Press</jconf>
		<label>12</label>
	</publication>
	<publication>
		<title>Mathematical Essence and Structures of Neural Networks and Fuzzy Neural Networks -- Part : On Functional-Link Neural Networks,</title>
		<authors>CChen,HLi,CLPhilipChen,ESLee</authors>
		<jconf>International Journal of Mathematical Analysis and Applications</jconf>
		<label>12</label>
	</publication>
	<publication>
		<title>Mathematical Essence and Structures of Neural Networks and Fuzzy Neural Networks -- Part : On Forward Neural Networks,</title>
		<authors>CChen,HLi,CLPhilipChen,ESLee</authors>
		<jconf>International Journal of Mathematical Analysis and Applications</jconf>
		<label>12</label>
	</publication>
	<publication>
		<title>Call Admission Control and Bandwidth Reallocation Algorithm for Multi-Classes of Adaptive Multimedia Services in Wireless/Mobile Networks</title>
		<authors>CChen,YangXiao,CLPhilipChen,YanWang</authors>
		<jconf>Multiaccess Mobility and Teletraffic for Wireless Communications Volume Edited by Gordon L St ber and Bijan Jabbari Kluwer Academic Publishers</jconf>
		<label>12</label>
	</publication>
	<publication>
		<title>Optimal Admission Control for Multi-Class of Wireless Adaptive Multimedia Services</title>
		<authors>CChen,YangXiao,CLPhilipChen,YanWang</authors>
		<jconf>IEICE Transactions Communications Special Issue Multimedia communications E B</jconf>
		<label>12</label>
	</publication>
	<publication>
		<title>A Rapid Supervised Learning Neural Network for Function Approximation and Time-Series Prediction using Adaptive Functional-Link Neural Network,</title>
		<authors>CChen,CLPChen,SRLeClair,Y-HPao</authors>
		<jconf>Journal of Mathematical Modeling and Scientific Computing Principia Scientia</jconf>
		<label>12</label>
	</publication>
	<publication>
		<title>Detecting Corners of Polygonal and Polyhedral Objects</title>
		<authors>CChen,Jinn-KweiGuo,Rein-LienHsu,Yung-NienSun</authors>
		<jconf>CAIP Computer Analysis of Images and Patterns</jconf>
		<label>14</label>
	</publication>
	<publication>
		<title>Numerical Inversion of Laplace Transform Using Haar Wavelet Operational Matrices</title>
		<authors>CChen,JLWu,CHChen,CFChen,g</authors>
		<jconf>g IEEE Trans Circuits and Systems Part C C Chang S M Liang Y R Pu C H Chen I Manousakas T</jconf>
		<label>14</label>
	</publication>
	<publication>
		<title>Determining Location and Orientation of A Labelled Cylinder Using Point-Pair Estimation Algorithm</title>
		<authors>CChen,Jau-YienLee,Jiann-DerLee,Yuan-ChiuanYou</authors>
		<jconf>IJPRAI International Journal of Pattern Recognition and Artificial Intelligence</jconf>
		<label>14</label>
	</publication>
	<publication>
		<title>A Ring-Cache Genetic Algorithm for Tuning Reliable Fussy Logic Controller,</title>
		<authors>CChen,KHWu,CHChen,JDLee</authors>
		<jconf>IEEE International Conference SMC U S A</jconf>
		<label>14</label>
	</publication>
	<publication>
		<title>Data Dependence Analysis and Bit-Level Systolic Arrays of the Median Filter</title>
		<authors>CChen,DLYang,CHChen,gDa</authors>
		<jconf>g IEEE Trans Circuits and Systems for Video Technology</jconf>
		<label>14</label>
	</publication>
	<publication>
		<title>-D Cerebral Vessel Reconstruction from Angiograms</title>
		<authors>CIYu,Chun-HanChen,Jinn-KweiGuo,Yen-ChingYu,Yung-NienSun</authors>
		<jconf>CAIP Computer Analysis of Images and Patterns</jconf>
		<label>14</label>
	</publication>
	<publication>
		<title>VQ Codebook Design Using a Genetic Competitive Learning Network,</title>
		<authors>CChen,CYLin,CHChen,JSLin,g</authors>
		<jconf>g The th IPPR Conference Computer Vision Graphics and Image Processing</jconf>
		<label>14</label>
	</publication>
	<publication>
		<title>Application of Wavelet Etrema to D Object Recognition Angle Change,</title>
		<authors>CChen,WHLin,CHChen,JSLee,g</authors>
		<jconf>g th Multimedia Technology and Application Symposium MTAS Kaohsiung R O C</jconf>
		<label>14</label>
	</publication>
	<publication>
		<title>Fast Two-Stage Classification Method for High Dimensional Remote Sensing Data</title>
		<authors>CChen,TMTu,CHChen,JLWu,CIChang</authors>
		<jconf>g IEEE Trans Geoscience and Remote Sensing</jconf>
		<label>14</label>
	</publication>
	<publication>
		<title>Noise Subspace Projection Approach to Target Signature Detection and Extraction in Unknown Background for Hyperspectral Images</title>
		<authors>CChen,TMTu,CHChen,CIChang</authors>
		<jconf>g IEEE Trans Geoscience and Remote Sensing</jconf>
		<label>14</label>
	</publication>
	<publication>
		<title>A Posteriori Least Squares Orthogonal Subspace Projection Approach to Desired Signature Extraction and Detection,</title>
		<authors>CChen,TMTu,CHChen,CIChang</authors>
		<jconf>IEEE Trans Geoscience and Remote Sensing</jconf>
		<label>14</label>
	</publication>
	<publication>
		<title>Classified Vector Quantization Using Direction Classification</title>
		<authors>CChen,CCWang,CHChen,KYWang,g</authors>
		<jconf>g International Computer Symposium Workshop IPPR</jconf>
		<label>14</label>
	</publication>
	<publication>
		<title>A High-Fidelity Image Coding Technique for Multimedia Applications,</title>
		<authors>CChen,CCWang,CHChen,g</authors>
		<jconf>g International Conference Computer Systems Technology for Industrial Applications Internet and Multimedia Tsinchu ROC</jconf>
		<label>14</label>
	</publication>
	<publication>
		<title>An Edge-Preserving Image Coding System VQ,</title>
		<authors>CChen,CCWang,CHChen,CHHsieh</authors>
		<jconf>IEICE Trans Information and Systems E D</jconf>
		<label>14</label>
	</publication>
	<publication>
		<title>A Novel Perceptual Image Coding Vector Quantization</title>
		<authors>CChen,CCWang,CHChen,YDTsai,g</authors>
		<jconf>g th Multimedia Technology and Application Symposium MTAS Kaohsiung</jconf>
		<label>14</label>
	</publication>
	<publication>
		<title>A Genetic Algorithm for Tuning Reliable Fuzzy System,</title>
		<authors>CChen,KHWu,CHChen,JDLee</authors>
		<jconf>The th National Conference Fussy Theory and Applications Tainan R O C</jconf>
		<label>14</label>
	</publication>
	<publication>
		<title>A Genetic Algorithm for Tuning Reliable Fussy System</title>
		<authors>CChen,KHWu,CHChen,JDLee</authors>
		<jconf>g Journal of Fuzzy Systems</jconf>
		<label>14</label>
	</publication>
	<publication>
		<title>Model Reduction via Haar Wavelets</title>
		<authors>CChen,JLWu,CHChen,CFChen</authors>
		<jconf>g Control and Intelligent Systems Vo C C Chang I Manousakas Y R Pu S M Liang C H Chen T</jconf>
		<label>14</label>
	</publication>
	<publication>
		<title>Model Reduction via Haar Wavelets,</title>
		<authors>CChen,JLWu,CHChen,CFChen,g</authors>
		<jconf>g Proceeding of the IASTED International Conference Modeling Identification and Control Innsbruck</jconf>
		<label>14</label>
	</publication>
	<publication>
		<title>A Unified Derivation of Operational Matrices for Integration in Systems Analysis,</title>
		<authors>CChen,JLWu,CHChen,CFChen,g</authors>
		<jconf>g Proceeding of IEEE International Conference Information Technology Coding and Computing</jconf>
		<label>14</label>
	</publication>
	<publication>
		<title>Classification of Underwater Signals Using Neural Networks</title>
		<authors>CChen,CHChen,JDLee,MCLin</authors>
		<jconf>g Tamkang Journal of Sciences and Engineering</jconf>
		<label>14</label>
	</publication>
	<publication>
		<title>A Compensated Fuzzy Competitive Learning Network Applied to Image Compression</title>
		<authors>CChen,CHChen,CYLin,JSLin,g</authors>
		<jconf>The Fifth Symposium Computer and Communication Technology B B</jconf>
		<label>14</label>
	</publication>
	<publication>
		<title>A Fast Classification Method for High Dimensional Remote Sensing Images</title>
		<authors>CChen,CHChen,TMTu,g</authors>
		<jconf>g SCI Scalable Coherent Interface Caracas</jconf>
		<label>14</label>
	</publication>
	<publication>
		<title>In Vitro Study of Ultrasound Based Real-Time Tracking of Renal Stones for Shock Wave Lithotripsy : Part</title>
		<authors>CChen,SChen,CLKuo,FMYu,ZFChu</authors>
		<jconf>g The Journal of Urology</jconf>
		<label>14</label>
	</publication>
	<publication>
		<title>In Vitro Stady of Ultrasound Based Real-Time Tracking for Renal Stones in Shock Wave Lithotripsy : Part II</title>
		<authors>CChen,SChen,FMYu,WHYang,YCTong,CLKuo</authors>
		<jconf>V A Simalated Animal Experiment g The Journal of Urology</jconf>
		<label>14</label>
	</publication>
	<publication>
		<title>Interpolative Block-Based Zerotree Structure for Color Image Compression Using DWT and VQ,</title>
		<authors>CChen,WYChen,CHChen,g</authors>
		<jconf>g CVGIP Graphical Model and Image Processing</jconf>
		<label>14</label>
	</publication>
	<publication>
		<title>A Robust Multiple Watermarking Scheme for Still Image Using DWT, DCT and Spread Spectrum,</title>
		<authors>CChen,WYChen,CHChen,JSLin,g</authors>
		<jconf>g The Proceeding of th JCIS Joint Conference Information Sciences</jconf>
		<label>14</label>
	</publication>
	<publication>
		<title>A Public-Key Image Hiding Scheme Using DCT and Vector Quantization Coding</title>
		<authors>CChen,WYChen,CHChen,g</authors>
		<jconf>g th International Conf Distributed Multimedia Systems</jconf>
		<label>14</label>
	</publication>
	<publication>
		<title>Public-Key Image Steganography Using DCT and QPVQ coding</title>
		<authors>CChen,WYChen,CHChen,g</authors>
		<jconf>g Optical Engineering T M Chang Y H Lin C H Chen Y N Sun N T Chu and J Y</jconf>
		<label>14</label>
	</publication>
	<publication>
		<title>A Surface Measure for Probabilistic Structural Computations</title>
		<authors>CChen,JeanettePSchmidt,JonathanLCooper,RussBAltman</authors>
		<jconf>ISMB Intelligent Systems for Molecular Biology</jconf>
		<label>15</label>
	</publication>
	<publication>
		<title>Integrating virtual objects into real images for augmented reality</title>
		<authors>Chen-ChiungHsieh,Chen-YuanTang,Chih-GuoYu,Shen-WenShih,Yi-PingHung,You-ChungCheng</authors>
		<jconf>VRST Virtual Reality Software and Technology</jconf>
		<label>16</label>
	</publication>
	<publication>
		<title>Augmenting panoramas with object movies by generating novel views with disparity-based view morphing</title>
		<authors>CChen,Szu-WeiLin,Yi-PingHung,Yu-PaoTsai</authors>
		<jconf>Journal of Visualization and Computer Animation</jconf>
		<label>16</label>
	</publication>
	<publication>
		<title>Fast and Exact Simultaneous Wire- and Transistor-Sizing based on Lagrangian Relaxation Method</title>
		<authors>CChen,CPChen,CChu,DFWong</authors>
		<jconf>IEEE ACM International Conference Computer Aided Design</jconf>
		<label>19</label>
	</publication>
	<publication>
		<title>Fast performance-driven optimization for buffered clock trees based on Lagrangian relaxation</title>
		<authors>CChen,CPChen,YWChang,DFWong</authors>
		<jconf>Proc th IEEE ACM Design Automation Conference DAC Design Automation Conference</jconf>
		<label>19</label>
	</publication>
	<publication>
		<title>Optimal non-uniform wire-sizing under the Elmore delay Model</title>
		<authors>CChen,CPChen,HaiZhou,DFWong</authors>
		<jconf>IEEE ACM International Conference Computer Aided Design</jconf>
		<label>19</label>
	</publication>
	<publication>
		<title>Optimal wire-sizing formula under the Elmore delay model</title>
		<authors>CChen,CPChen,YPChen,DFWong</authors>
		<jconf>Proc th IEEE ACM Design Automation Conference</jconf>
		<label>19</label>
	</publication>
	<publication>
		<title>Visualizing and tracking the growth of competing paradigms: Two case studies</title>
		<authors>CChen,RobertDMacredie,SonaliMorar,TimothyCribbin</authors>
		<jconf>JASIST Journal of the American Society for Information Science</jconf>
		<label>1</label>
	</publication>
	<publication>
		<title>MRF Model-Based Algorithms for Image Segmentation,</title>
		<authors>RCDubes,AKJain,SGNadabar,CCChen</authors>
		<jconf>IEEE Proceedings of the th Int l Conference Pattern Recognition Atalantic City New</jconf>
		<label>21</label>
	</publication>
	<publication>
		<title>Issues in Networking and Data MAnagement of Distributed Multimedia Systems</title>
		<authors>CChen,ArifGhafoor,PBruceBerra,ThomasDCLittle</authors>
		<jconf>HPDC High Performance Distributed Computing Symposium</jconf>
		<label>2</label>
	</publication>
	<publication>
		<title>A Host Interface Architecture of High-Speed Networks</title>
		<authors>CChen,PeterASteenkiste,BrianDZill,HTKung,StevenJSchlick,JimHughes,BobKowalski,JohnMullaney</authors>
		<jconf>Proceedings of the th IFIP International Federation for Information Processing Conference High Performance Networks Liege A</jconf>
		<label>2</label>
	</publication>
	<publication>
		<title>Architecture and Evaluation of a High-Speed Networking Subsystem for Distributed-Memory Systems ,</title>
		<authors>CChen,PeterASteenkiste,MichaelHemy,ToddMummert,BrianZill</authors>
		<jconf>Proceedings of the IEEE st Annual International Symposium Computer</jconf>
		<label>2</label>
	</publication>
	<publication>
		<title>The Design of a -Km Dual-Simplex Fiber Optic HIPPI Extender</title>
		<authors>CChen,JWToy,PWCasper,etal</authors>
		<jconf>SPIE The International Society for Optical Engineering High Speed Fiber Networks and Channels Proceedings</jconf>
		<label>2</label>
	</publication>
	<publication>
		<title>Performance Evaluation of a HIPPI Connection System</title>
		<authors>CChen,IChlamtac,AGanz,MGKienzle</authors>
		<jconf>Proceedings of the Third Conference High Speed Networks</jconf>
		<label>2</label>
	</publication>
	<publication>
		<title>RAID-II: Design and Implementation of a Large Scale Disk Array Controller</title>
		<authors>CChen,RHKatz,PChen,etal</authors>
		<jconf>University of Computer Science CSD</jconf>
		<label>2</label>
	</publication>
	<publication>
		<title>Deployment of a HIPPI-based Distributed Supercomputing Environment at the Pittsburgh Supercomputing Center</title>
		<authors>CChen,JamshidMahdavi,GwendolynLHuntoon,MatthewBMathis</authors>
		<jconf>IEEE international Parallel Processing Symposium Los Angeles</jconf>
		<label>2</label>
	</publication>
	<publication>
		<title>Minimization of Resource Consumption for Multidatabase Query Optimization</title>
		<authors>CChen,ChiangLee,Chih-HorngKe,Jer-BingChang,Yaw-HueiChen</authors>
		<jconf>Proceedings of the International Conference Cooperative Information Systems CoopIS New New</jconf>
		<label>30</label>
	</publication>
	<publication>
		<title>Performance Upgrade for Large Object Bases Using Disk Arrays</title>
		<authors>CChen,ChiangLee,Chih-HorngKe,Yaw-HueiChen</authors>
		<jconf>Proceedings of the International Conference Database and Expert Systems Applications DEXA Database and Expert Systems Applications Zurich</jconf>
		<label>30</label>
	</publication>
	<publication>
		<title>Testing Object-Oriented Programs Based on Usage Profiles and Formal Specifications</title>
		<authors>CChen,KaiHChang,Shih-SungLiao,StephenBSeidman</authors>
		<jconf>SEKE Software Engineering and Knowledge Engineering</jconf>
		<label>33</label>
	</publication>
	<publication>
		<title>Test Scenario Generation Based on Formal Specification and Usage Profile</title>
		<authors>CChen,KaiHChang,RichardChapman,Shih-SungLiao</authors>
		<jconf>International Journal of Software Engineering and Knowledge Engineering</jconf>
		<label>33</label>
	</publication>
	<publication>
		<title>High-level scheduling model and control synthesis for a broad range of design applications</title>
		<authors>CChen,KayhanK&amp;uuml,&amp;ccedil,&amp;uuml,k&amp;ccedil,akar</authors>
		<jconf>ICCAD International Conference Computer Aided Design</jconf>
		<label>37</label>
	</publication>
	<publication>
		<title>Architectural Rule Checking for High-level Synthesis</title>
		<authors>CChen,JieGong,KayhanK&amp;uuml,&amp;ccedil,&amp;uuml,k&amp;ccedil,akar</authors>
		<jconf>DATE Design Automation and Test Europe</jconf>
		<label>37</label>
	</publication>
	<publication>
		<title>Internet Traffic Warehouse</title>
		<authors>CChen,ClaudioPetrone,MarcPucci,MarcoMesiti,MunirCochinwala,PatriziaSanta,SunilSamtani</authors>
		<jconf>SIGMOD International Conference Management of Data Conference</jconf>
		<label>3</label>
	</publication>
	<publication>
		<title>A National Clearinghouse Service for B B Exchanges in the Telecommunications Industry</title>
		<authors>CChen,AmjadUmar,MohammadMoghadam,TonyLin</authors>
		<jconf>COMPSAC International Computer Software and Applications Conference</jconf>
		<label>3</label>
	</publication>
	<publication>
		<title>Telcordia LSI Engine: Implementation Scalability and Issues</title>
		<authors>CChen,ChumkiBasu,CliffordBehrens,DevasisBasu,MikePost,NedStofel</authors>
		<jconf>RIDE Research Issues Data Engineering DM</jconf>
		<label>3</label>
	</publication>
	<publication>
		<title>Life Cycle Modeling of News Events Using Aging Theory ,</title>
		<authors>ChienChinChen,Yao-TsungChen,YealiSun,MengChangChen</authors>
		<jconf>The th European Conference Machine Learning ECML European Conference Machine Learning</jconf>
		<label>44</label>
	</publication>
	<publication>
		<title>Microvascular rarefaction and tissue vascular resistance in hypertension: Total peripheral resistance in hypertension,</title>
		<authors>CChen,ASGreene,PJTonellato,JLui,JLombard,CowleyAW</authors>
		<jconf>American Journal of Physiology Heart and Circulatory Physiology H H</jconf>
		<label>46</label>
	</publication>
	<publication>
		<title>The contribution of microvascular rarefaction to tissue oxygen delivery in hypertension,</title>
		<authors>CChen,ASGreene,PJTonellato,JLombard,AWCowley</authors>
		<jconf>American Journal of Physiology Heart and Circulatory Physiology H H</jconf>
		<label>46</label>
	</publication>
	<publication>
		<title>Soil and moisture flow for point and line sources computer programs for linear zed solutions,</title>
		<authors>CChen,AWWarrick,DOLomen,TonellatoPJ</authors>
		<jconf>Technical Report Agricultural Engineering and Soil Science Department of Soils Water Engineering University of</jconf>
		<label>46</label>
	</publication>
	<publication>
		<title>ECO: An Empirical-Based Compilation and Optimization System</title>
		<authors>CChen,BingLiu,JacquelineChame,MaryWHall,NastaranBaradaran,PedroDiniz,RobertLucas,Yoon-JuLee</authors>
		<jconf>IPDPS International Parallel and Distributed Processing Symposium</jconf>
		<label>56</label>
	</publication>
	<publication>
		<title>A Redundant Nested Invocation Suppression Mechanism for Active Replication Fault-Tolerant Web Service ,</title>
		<authors>Chen-LiangFang,DeronLiang,ChyouhwaChen,PuSanLin</authors>
		<jconf>IEEE International Conference e Technology e and e Service</jconf>
		<label>58</label>
	</publication>
	<publication>
		<title>A Fault-tolerant Object Service on CORBA,</title>
		<authors>DeronLiang,Chen-LiangFang,Shyan-MingYuan,ChyouhwaChen,GeneEuJan</authors>
		<jconf>Journal of Systems and Software SCI Scalable Coherent Interface ELSEVIER SCIENCE INC</jconf>
		<label>58</label>
	</publication>
	<publication>
		<title>A Nested Invocation Suppression Mechanism for Active Replication Fault-tolerant CORBA,</title>
		<authors>DeronLiang,Chen-LiangFang,ChyouhwaChen,Ji-ChiangTsai</authors>
		<jconf>IEEE COMPSAC International Computer Software and Applications Conference International Computer Software and Applications Conference</jconf>
		<label>58</label>
	</publication>
	<publication>
		<title>An Error Resilient Scheme for MPEG- Fine-Granular-Scalability Video,</title>
		<authors>Chih-YenLin,I-ChengTing,ChyouhwaChen,Wen-JenHo</authors>
		<jconf>The Third IEEE Pacific Rim Conference Multimedia</jconf>
		<label>58</label>
	</publication>
	<publication>
		<title>Optimal Linear Hashing Files for Orthogonal Range Retrieval</title>
		<authors>CChen,Chin-ChenChang,DCLin,RichardCTLee</authors>
		<jconf>COMPSAC International Computer Software and Applications Conference</jconf>
		<label>5</label>
	</publication>
	<publication>
		<title>A Temporal Join Mechanism Based on Trie-Ranking Data Structure</title>
		<authors>CChen,Chin-ChenChang,DCLin,RichardCTLee</authors>
		<jconf>CODAS The Second International Symposium Cooperative Database Systems for Advanced Applications</jconf>
		<label>5</label>
	</publication>
	<publication>
		<title>Simulation Budget Allocation for Further Enhancing the Efficiency of Ordinal Optimization,</title>
		<authors>JLin,EYucesan,SEChick,Chun-HungChen</authors>
		<jconf>Journal of Discrete Event Dynamic Systems Theory and Applications</jconf>
		<label>6</label>
	</publication>
	<publication>
		<title>Optimal Computing Budget Allocation for Monte Carlo Simulation Application to Product Design,</title>
		<authors>KDonohue,EYucesan,JLin,Chun-HungChen</authors>
		<jconf>Journal of Simulation Practice and Theory</jconf>
		<label>6</label>
	</publication>
	<publication>
		<title>Some Fast Parallel Algorithms for Parentheses Matching</title>
		<authors>CChen,GeneLewis,SajalKDas,SushilKPrasad</authors>
		<jconf>ICCI International Conference Computing and Information</jconf>
		<label>7</label>
	</publication>
	<publication>
		<title>RAS design for the IBM eServer z</title>
		<authors>CChen,BrianKTolan,FritzFreie,GeorgeCWellwood,IndravadanNModi,LuizCAlves,MyronLFair,NormanEWeber,PatrickJMeaney,WilliamJClarke</authors>
		<jconf>IBM Journal of Research and Development</jconf>
		<label>8</label>
	</publication>
	<publication>
		<title>The president's information technology advisory committee's february digital library report and its impact</title>
		<authors>CChen,DavidCNagel,JamesLightbourne,SallyEHowe,StephenMGriffin,WalterLWarnick</authors>
		<jconf>JCDL ACM IEEE Joint Conference Digital Libraries</jconf>
		<label>9</label>
	</publication>
	<publication>
		<title>Automated Semantic Annotation and Retrieval Based on Sharable Ontology and Case-Based Learning Techniques</title>
		<authors>CChen,Chen-YuLee,Chung-ChengLi,ShuLeiChen,Von-WunSoo</authors>
		<jconf>JCDL ACM IEEE Joint Conference Digital Libraries</jconf>
		<label>9</label>
	</publication>
	<publication>
		<title>Using sharable ontology to retrieve historical images</title>
		<authors>CChen,Chen-YuLee,JawJiumYeh,Von-WunSoo</authors>
		<jconf>JCDL ACM IEEE Joint Conference Digital Libraries</jconf>
		<label>9</label>
	</publication>
</person>
