<?xml version="1.0" encoding="utf-8"?>
<person>
	<FullName>DJohnson</FullName>
	<publication>
		<title>Design of the Commercial Data Masking Facility Data Privacy Algorithm</title>
		<authors>DJohnson,AnVLe,JohnDWilkins,StephenMMatyas</authors>
		<jconf>ACM Conference Computer and Communications Security</jconf>
		<label>10</label>
	</publication>
	<publication>
		<title>Managing Object Oriented Projects - Panel Session</title>
		<authors>DJohnson,CharlesBerman,JamesCoplien,JohnDaniels,KennethSRubin,LauraHill</authors>
		<jconf>OOPSLA Conference Object Oriented Programming Systems Languages and Applications</jconf>
		<label>15</label>
	</publication>
	<publication>
		<title>The Prize Collecting Steiner Tree Problem: Theory and Practice,</title>
		<authors>DJohnson,DSJohnson,MMinkoff,,SPhillips</authors>
		<jconf>Proc th Ann ACM SIAM Society for Industrial and Applied Mathematics Symp Discrete Algorithms</jconf>
		<label>1</label>
	</publication>
	<publication>
		<title>Some NP-Complete Geometric Problems,</title>
		<authors>DJohnson,MRGarey,RLGraham,DSJohnson</authors>
		<jconf>Proc th Annual ACM Symp Theory of Computing</jconf>
		<label>1</label>
	</publication>
	<publication>
		<title>On the sum-of-squares algorithm for bin packing</title>
		<authors>DJohnson,ClaireKenyon,J&amp;aacute,nosCsirik,JamesBOrlin,PeterWShor,RichardRWeber</authors>
		<jconf>STOC ACM Symposium Theory of Computing</jconf>
		<label>1</label>
	</publication>
	<publication>
		<title>The Complexity of Coloring Circular Arcs and Chords,</title>
		<authors>DJohnson,MRGarey,DSJohnson,GLMiller,CHPapadimitriou</authors>
		<jconf>SIAM Society for Industrial and Applied Mathematics J Algebraic and Discrete Methods</jconf>
		<label>1</label>
	</publication>
	<publication>
		<title>The Complexity of Computing Steiner Minimal Trees,</title>
		<authors>DJohnson,MRGarey,RLGraham,DSJohnson</authors>
		<jconf>SIAM Society for Industrial and Applied Mathematics J Appl Math</jconf>
		<label>1</label>
	</publication>
	<publication>
		<title>Scheduling File Transfers</title>
		<authors>DJohnson,AndreaSLaPaugh,EdwardGCoffman,MRGarey</authors>
		<jconf>SIAM Society for Industrial and Applied Mathematics J Comput</jconf>
		<label>1</label>
	</publication>
	<publication>
		<title>Scheduling File Transfers in a Distributed Network</title>
		<authors>DJohnson,AndreaSLaPaugh,EdwardGCoffman,MRGarey</authors>
		<jconf>PODC Symposium Principles of Distributed Computing</jconf>
		<label>1</label>
	</publication>
	<publication>
		<title>Efficient and robust streaming provisioning in VPNs,</title>
		<authors>ZMMao,DJohnson,OSpatscheck,JEvanderMerwe,,JWang</authors>
		<jconf>Proceedings WWW World Wide Web Conference Series</jconf>
		<label>1</label>
	</publication>
	<publication>
		<title>Scalable and accurate identification of AS-level forwarding paths,</title>
		<authors>ZMMao,DJohnson,JRexford,JWang,,RKatz</authors>
		<jconf>Proceedings INFOCOM The Conference Computer Communications</jconf>
		<label>1</label>
	</publication>
	<publication>
		<title>The Cutting-Stock Approach to Bin Packing: Theory and Experiments,</title>
		<authors>DJohnson,DLApplegate,LSBuriol,BLDillard,DSJohnson,,PWShor</authors>
		<jconf>Procedings of the Fifth Workshop Algorithm Engineering and Experimentation R E Ladner Editor SIAM Society for Industrial and Applied Mathematics</jconf>
		<label>1</label>
	</publication>
	<publication>
		<title>An Experimental Study of Bin Packing,</title>
		<authors>DJohnson,JLBentley,DSJohnson,FTLeighton,CCMcGeoch</authors>
		<jconf>Proc st Ann Allerton Conf Communication Control and Computing</jconf>
		<label>1</label>
	</publication>
	<publication>
		<title>Some Unexpected Behavior Results for Bin-Packing,</title>
		<authors>DJohnson,JLBentley,DSJohnson,FTLeighton,CCMcGeoch,LAMcGeoch</authors>
		<jconf>Proc th Ann ACM Symp Theory of Computing</jconf>
		<label>1</label>
	</publication>
	<publication>
		<title>Some Unexpected Expected Behavior Results for Bin Packing</title>
		<authors>DJohnson,CatherineCMcGeoch,FrankThomsonLeighton,JonLouisBentley,LyleAMcGeoch</authors>
		<jconf>STOC ACM Symposium Theory of Computing</jconf>
		<label>1</label>
	</publication>
	<publication>
		<title>Efficient and robust streaming provisioning in VPNs</title>
		<authors>DJohnson,JacobusEvanderMerwe,JiaWang,OliverSpatscheck,ZhuoqingMorleyMao</authors>
		<jconf>WWW World Wide Web Conference Series</jconf>
		<label>1</label>
	</publication>
	<publication>
		<title>The Complexity of Multiway Cuts Extended Abstract</title>
		<authors>DJohnson,ChristosHPapadimitriou,EliasDahlhaus,MihalisYannakakis,PaulDSeymour</authors>
		<jconf>STOC ACM Symposium Theory of Computing</jconf>
		<label>1</label>
	</publication>
	<publication>
		<title>On Packing Two-Dimensional Bins,</title>
		<authors>DJohnson,FRKChung,MRGarey,DSJohnson</authors>
		<jconf>SIAM Society for Industrial and Applied Mathematics J Algebraic and Discrete Methods</jconf>
		<label>1</label>
	</publication>
	<publication>
		<title>Bin Packing with Discrete Item Sizes, Part I: Perfect Packing Theorems and the Average Case Behavior of Optimal Packings,</title>
		<authors>DJohnson,EGCoffman,,CACourcoubetis,MRGarey,DSJohnson,PWShor,RRWeber,,MYannakakis</authors>
		<jconf>SIAM Society for Industrial and Applied Mathematics J Discrete Math</jconf>
		<label>1</label>
	</publication>
	<publication>
		<title>The Complexity of Multiterminal Cuts</title>
		<authors>DJohnson,ChristosHPapadimitriou,EliasDahlhaus,MihalisYannakakis,PaulDSeymour</authors>
		<jconf>SIAM Society for Industrial and Applied Mathematics J Comput</jconf>
		<label>1</label>
	</publication>
	<publication>
		<title>The Complexity of Searching a Graph Preliminary Version</title>
		<authors>DJohnson,ChristosHPapadimitriou,MRGarey,NimrodMegiddo,SLouisHakimi</authors>
		<jconf>FOCS IEEE Symposium Foundations of Computer Science</jconf>
		<label>1</label>
	</publication>
	<publication>
		<title>Scheduling Unit-Time Tasks with Arbitrary Release Times and Deadlines</title>
		<authors>DJohnson,BarbaraBSimons,MRGarey,RobertEndreTarjan</authors>
		<jconf>SIAM Society for Industrial and Applied Mathematics J Comput</jconf>
		<label>1</label>
	</publication>
	<publication>
		<title>Fundamental Discrepancies between Average-Case Analyses under Discrete and Continuous Distributions: A Bin Packing Case Study,</title>
		<authors>DJohnson,EGCoffman,,CACourcoubetis,MRGarey,DSJohnson,LAMcGeoch,PWShor,RRWeber,MYannakakis</authors>
		<jconf>Proc rd Ann ACM Symp Theory of Computing Journal versions See below</jconf>
		<label>1</label>
	</publication>
	<publication>
		<title>Markov Chains, Computer Proofs, and Average-Case Analysis of Best Fit Bin Packing,</title>
		<authors>DJohnson,EGCoffman,,DSJohnson,PWShor,RRWeber</authors>
		<jconf>Proc th Ann ACM Symp Theory of Computing</jconf>
		<label>1</label>
	</publication>
	<publication>
		<title>Approximation Algorithms for Bin-Packing - An Updated Survey,</title>
		<authors>DJohnson,EGCoffman,MRGarey,DSJohnson</authors>
		<jconf>Algorithm Design for Computer System Design G Ausiello M Lucertini and P Serafini editors Springer Verlag</jconf>
		<label>1</label>
	</publication>
	<publication>
		<title>Approximation Algorithms for Bin Packing: A Survey,</title>
		<authors>DJohnson,EGCoffman,,MRGarey,,DSJohnson</authors>
		<jconf>Approximation Algorithms for NP Hard Problems D Hochbaum editor PWS Publishing</jconf>
		<label>1</label>
	</publication>
	<publication>
		<title>Perfect Packing Theorems and the Average Case Behavior of Optimal and Online Bin Packing,</title>
		<authors>DJohnson,EGCoffman,,CCourcoubetis,MRGarey,DSJohnson,PWShor,RRWeber,,MYannakakis</authors>
		<jconf>SIAM Society for Industrial and Applied Mathematics Review Updated version of above</jconf>
		<label>1</label>
	</publication>
	<publication>
		<title>Near-optimal Intraprocedural Branch Alignment,</title>
		<authors>DJohnson,CYoung,DSJohnson,DRKarger,MDSmith</authors>
		<jconf>Proceedings Symp Programming Languages Design and Implementation</jconf>
		<label>1</label>
	</publication>
	<publication>
		<title>Performance Bounds for Level-Oriented Two-Dimensional Packing Algorithms</title>
		<authors>DJohnson,EdwardGCoffman,MRGarey,RobertEndreTarjan</authors>
		<jconf>SIAM Society for Industrial and Applied Mathematics J Comput</jconf>
		<label>1</label>
	</publication>
	<publication>
		<title>Bin Packing with Discrete Item Sizes, Part I: Perfect Packing Theorems and the Average Case Behavior of Optimal Packings</title>
		<authors>DJohnson,CostasCourcoubetis,EdwardGCoffman,MRGarey,MihalisYannakakis,PeterWShor,RichardRWeber</authors>
		<jconf>SIAM Society for Industrial and Applied Mathematics J Discrete Math</jconf>
		<label>1</label>
	</publication>
	<publication>
		<title>How Easy is Local Search?,</title>
		<authors>DJohnson,DSJohnson,CHPapadimitriou,MYannakakis</authors>
		<jconf>Journal of Computer and System Sciences Preliminary version Proc th Ann IEEE Symp Foundations of Computer Science</jconf>
		<label>1</label>
	</publication>
	<publication>
		<title>Fundamental Discrepancies between Average-Case Analyses under Discrete and Continuous Distributions: A Bin Packing Case Study</title>
		<authors>DJohnson,CostasCourcoubetis,EdwardGCoffman,LyleAMcGeoch,MRGarey,MihalisYannakakis,PeterWShor,RichardRWeber</authors>
		<jconf>STOC ACM Symposium Theory of Computing</jconf>
		<label>1</label>
	</publication>
	<publication>
		<title>Better Approximation Algorithms for Bin Covering,</title>
		<authors>DJohnson,JCsirik,DSJohnson,,CKenyon</authors>
		<jconf>Proc th Ann ACM SIAM Society for Industrial and Applied Mathematics Symp Discrete Algorithms</jconf>
		<label>1</label>
	</publication>
	<publication>
		<title>On the Sum-of-Squares Algorithm for Bin Packing,</title>
		<authors>DJohnson,JCsirik,DSJohnson,CKenyon,JBOrlin,PWShor,RRWeber</authors>
		<jconf>Proc Annual ACM Symp Theory of Computing Journal version to J ACM</jconf>
		<label>1</label>
	</publication>
	<publication>
		<title>A Self-Organizing Bin Packing Heuristic,</title>
		<authors>DJohnson,JCsirik,DSJohnson,CKenyon,PWShor,RRWeber</authors>
		<jconf>Algorithm Engineering and Experimentation M T Goodrich and C C McGeoch Eds Springer Lecture Notes Computer Science</jconf>
		<label>1</label>
	</publication>
	<publication>
		<title>The Complexity of Multiterminal Cuts,</title>
		<authors>DJohnson,EDahlhaus,DSJohnson,CHPapadimitriou,PDSeymour,MYannakakis</authors>
		<jconf>SIAM Society for Industrial and Applied Mathematics J Computing</jconf>
		<label>1</label>
	</publication>
	<publication>
		<title>Minimizing Channel Density by Lateral Shifting of Components,</title>
		<authors>DJohnson,DSJohnson,ASLaPaugh,RYPinter</authors>
		<jconf>Proc th Ann ACM SIAM Society for Industrial and Applied Mathematics Symp Discrete Algorithms</jconf>
		<label>1</label>
	</publication>
	<publication>
		<title>Experimental Analysis of Heuristics for the ATSP,</title>
		<authors>DJohnson,DSJohnson,GGutin,LAMcGeoch,AYeo,WZhang,,AZverovich</authors>
		<jconf>The Traveling Salesman Problem and its Variations G Gutin and A Punnen Editors Kluwer Academic Publishers Dordrecht</jconf>
		<label>1</label>
	</publication>
	<publication>
		<title>Worst-Case Performance Bounds for Simple One-Dimensional Packing Algorithms</title>
		<authors>DJohnson,AlanJDemers,JeffreyDUllman,MRGarey,RonaldLGraham</authors>
		<jconf>SIAM Society for Industrial and Applied Mathematics J Comput</jconf>
		<label>1</label>
	</publication>
	<publication>
		<title>The Complexity of Checkers on an NxN Board: Preliminary Report,</title>
		<authors>DJohnson,ASFraenkel,MRGarey,DSJohnson,TSchaefer,YYesha</authors>
		<jconf>Proc th Annual Symposium Foundations of Computer Science</jconf>
		<label>1</label>
	</publication>
	<publication>
		<title>The Complexity of Checkers on an N * N Board - Preliminary Report</title>
		<authors>DJohnson,AviezriSFraenkel,MRGarey,TSchaefer,YYesha</authors>
		<jconf>FOCS IEEE Symposium Foundations of Computer Science</jconf>
		<label>1</label>
	</publication>
	<publication>
		<title>Complexity Results for Bandwidth Minimization,</title>
		<authors>DJohnson,MRGarey,RLGraham,DSJohnson,DEKnuth</authors>
		<jconf>SIAM Society for Industrial and Applied Mathematics J Appl Math</jconf>
		<label>1</label>
	</publication>
	<publication>
		<title>Worst Case Performance Bounds for Simple One-Dimensional Packing Algorithms,</title>
		<authors>DJohnson,DSJohnson,MRGarey,RLGraham,ADemers,JDUllman</authors>
		<jconf>SIAM Society for Industrial and Applied Mathematics J Computing</jconf>
		<label>1</label>
	</publication>
	<publication>
		<title>An Application of Graph Coloring To Printed Circuit Testing,</title>
		<authors>DJohnson,MRGarey,DSJohnson,HCSo</authors>
		<jconf>IEEE Trans Circuits and Systems CAS</jconf>
		<label>1</label>
	</publication>
	<publication>
		<title>Asymptotic Experimental Analysis for the Held-Karp Traveling Salesman Bound,</title>
		<authors>DJohnson,DSJohnson,LAMcGeoch,,EERothberg</authors>
		<jconf>Proc th Ann ACM SIAM Society for Industrial and Applied Mathematics Symp Discrete Algorithms</jconf>
		<label>1</label>
	</publication>
	<publication>
		<title>Scheduling Unit-Time Tasks with Arbitrary Release Times and Deadlines,</title>
		<authors>DJohnson,MRGarey,DSJohnson,BBSimons,RETarjan</authors>
		<jconf>SIAM Society for Industrial and Applied Mathematics J Computing</jconf>
		<label>1</label>
	</publication>
	<publication>
		<title>Design and Evaluation of a Metropolitan Area Multitier Wireless Ad Hoc Network Architecture</title>
		<authors>DJohnson,AmitKumarSaha,JorjetaJetcheva,SantashilPalchaudhuri,Yih-ChunHu</authors>
		<jconf>WMCSA Workshop Computing Systems and Applications</jconf>
		<label>3</label>
	</publication>
	<publication>
		<title>Haptic Manipulation of Virtual Mechanisms from Mechanical CAD Designs</title>
		<authors>DJohnson,AliNahvi,DonaldDNelson,JohnMHollerbach</authors>
		<jconf>ICRA International Conference Robotics and Automation</jconf>
		<label>4</label>
	</publication>
	<publication>
		<title>Haptic manipulation of virtual mechanisms from mechanical CAD designs;Belgium Leuven; May -</title>
		<authors>DJohnson,ANahvi,DDNelson,JMHollerbach,DEJohnson,</authors>
		<jconf>Proc IEEE Intl Conf Robotics Automation</jconf>
		<label>4</label>
	</publication>
	<publication>
		<title>Haptic interfacing for virtual prototyping of mechanical CAD designs,</title>
		<authors>DJohnson,JMHollerbach,ECohen,WBThompson,RFreier,DEJohnson,ANahvi,DDNelson,TVThompsonII,SCJacobsen</authors>
		<jconf>ASME Design for Manufacturing Symposium Computer Animation</jconf>
		<label>4</label>
	</publication>
	<publication>
		<title>A framework for efficient minimum distance computations;Belgium Leuven; May -</title>
		<authors>DJohnson,DavidEJohnson,ElaineCohen,</authors>
		<jconf>Proc IEEE Intl Conf Robotics Automation</jconf>
		<label>4</label>
	</publication>
</person>
