<?xml version="1.0" encoding="utf-8"?>
<person>
	<FullName>JLee</FullName>
	<publication>
		<title>Restructuring Programs for High-Speed Computers with Polaris</title>
		<authors>JLee,DavidAPadua,JayHoeflinger,JohnGrout,KeithFaigin,LawrenceRauchwerger,PaulPetersen,PengTu,RudolfEigenmann,StephenWeatherford,ThomasLawrence,WilliamBlume,WilliamMPottenger,YunheungPaek</authors>
		<jconf>ICPP International Conference Parallel Processing Workshop</jconf>
		<label>10</label>
	</publication>
	<publication>
		<title>Cooperative Distributed Problem Solving,</title>
		<authors>JLee,EdmundHDurfee,VictorRLesser,DanielDCorkill</authors>
		<jconf>A Barr P Cohen and E Feigenbaum Wesley</jconf>
		<label>11</label>
	</publication>
	<publication>
		<title>Trends in Cooperative Distributed Problem Solving</title>
		<authors>JLee,EdmundHDurfee,VictorRLesser,DanielDCorkill</authors>
		<jconf>IEEE Transactions Knowledge and Data Engineering KDE</jconf>
		<label>11</label>
	</publication>
	<publication>
		<title>A Monotonic-Decreasing Rate Scheduler for Variable-Bit-Rate Video Streaming,</title>
		<authors>JLee,HLLai,JackYBLee,LKChen</authors>
		<jconf>IEEE Transactions Circuits and Systems for Video Technology</jconf>
		<label>12</label>
	</publication>
	<publication>
		<title>A Transparent Rate Adaptation Algorithm for Streaming Video over the Internet,</title>
		<authors>JLee,LSLam,JackYBLee,SCLiew,WWang</authors>
		<jconf>Proc th International Conference Advanced Information Networking and Applications AINA Advanced Information Networking and Applications Fukuoka</jconf>
		<label>12</label>
	</publication>
	<publication>
		<title>VBR Video Delivery Using Monotonic-Decreasing Rate Scheduling,</title>
		<authors>JLee,HLLai,LKChen,JackYBLee</authors>
		<jconf>Proc IEEE International Symposium Circuits and Systems Sydney</jconf>
		<label>12</label>
	</publication>
	<publication>
		<title>Experimental Video Database Management System Based on Advanced Object-Oriented Techniques</title>
		<authors>JLee,LiuShengHuang,QingLi,WeiXiong</authors>
		<jconf>Storage and Retrieval for Image and Video Databases SPIE The International Society for Optical Engineering</jconf>
		<label>14</label>
	</publication>
	<publication>
		<title>Design and Implementation of a Multi-Threaded TMN Agent System</title>
		<authors>Sang-KwonLee,MinheeCho,Hyeon-JuYoon,Seong-BaeEun,HyunsooYoon,JungWanCho,JoonwonLee</authors>
		<jconf>International Workshop Parallel Computing Aizu</jconf>
		<label>15</label>
	</publication>
	<publication>
		<title>High Availability for Software DSM</title>
		<authors>VivekanandVellanki,NissimHarel,NamgeunJeong,JoonwonLee,UmakishoreRamachandran</authors>
		<jconf>Eighth Workshop Scalable Shared Memory Multiprocessors Serial</jconf>
		<label>15</label>
	</publication>
	<publication>
		<title>Performance Comparison of Deadlock Schemes in Multidatabase Systems,</title>
		<authors>HyogunLee,InseonLee,,JoonwonLee</authors>
		<jconf>International Journal of Computer applications Technology</jconf>
		<label>15</label>
	</publication>
	<publication>
		<title>Design and Implementation of a Multi-Threaded TMN Agent System</title>
		<authors>JLee,Hyeon-JuYoon,HyunsooYoon,JungWanCho,MinheeCho,Sang-KwonLee,SeongBaeEun</authors>
		<jconf>ICPP International Conference Parallel Processing Workshops</jconf>
		<label>15</label>
	</publication>
	<publication>
		<title>Improving MPI-IO Output Performance with Active Buffering Plus Threads,</title>
		<authors>XMa,MWinslett,JLee,SYu</authors>
		<jconf>Proceedings of the International Parallel and Distributed Processing Symposium IPDPS International Parallel and Distributed Processing Symposium Nice</jconf>
		<label>16</label>
	</publication>
	<publication>
		<title>Declustering Large Multidimensional Data Sets for Range Queries over Heterogeneous Disks</title>
		<authors>JLee,MarianneWinslett,ShengkeYu,XiaosongMa</authors>
		<jconf>SSDBM Statistical and Scientific Database Management</jconf>
		<label>16</label>
	</publication>
	<publication>
		<title>Efficient Input and Output for Scientific Simulations</title>
		<authors>JLee,MarianneWinslett,Szu-WenKuo,YingChen,YongCho</authors>
		<jconf>IOPADS I O Parallel and Distributed Systems</jconf>
		<label>16</label>
	</publication>
	<publication>
		<title>Faster Collective Output through Active Buffering</title>
		<authors>JLee,MarianneWinslett,ShengkeYu,XiaosongMa</authors>
		<jconf>IPDPS International Parallel and Distributed Processing Symposium</jconf>
		<label>16</label>
	</publication>
	<publication>
		<title>Improving MPI-IO Output Performance with Active Buffering Plus Threads</title>
		<authors>JLee,MarianneWinslett,ShengkeYu,XiaosongMa</authors>
		<jconf>IPDPS International Parallel and Distributed Processing Symposium</jconf>
		<label>16</label>
	</publication>
	<publication>
		<title>Enhancing Data Migration Performance via Parallel Data Compression</title>
		<authors>JLee,MarianneWinslett,ShengkeYu,XiaosongMa</authors>
		<jconf>IPDPS International Parallel and Distributed Processing Symposium</jconf>
		<label>16</label>
	</publication>
	<publication>
		<title>New GDM-based Declustering Methods for Parallel Range Queries</title>
		<authors>JLee,MarianneWinslett,Szu-WenKuo,YongCho</authors>
		<jconf>IDEAS International Database Engineering and Application Symposium</jconf>
		<label>16</label>
	</publication>
	<publication>
		<title>Active Buffering Plus Compressed Migration: An Integrated Solution to Parallel Simulations¡¯ Data Transport Needs,</title>
		<authors>JLee,MWinslett,XMa,SYu</authors>
		<jconf>Proceedings of the International Conference Supercomputing ICS International Conference Supercomputing New</jconf>
		<label>16</label>
	</publication>
	<publication>
		<title>Declustering Large Multidimensional Data Sets for Range Queries over Heterogeneous Disks,</title>
		<authors>JLee,MWinslett,XMa,SYu</authors>
		<jconf>Proceedings of the International Conference Scientific and Statistical Database Management SSDBM Statistical and Scientific Database Management</jconf>
		<label>16</label>
	</publication>
	<publication>
		<title>Enhancing Data Migration Performance via Parallel Data Compression,</title>
		<authors>JLee,MWinslett,XMa,SYu</authors>
		<jconf>Proceedings of the International Parallel and Distributed Processing Symposium IPDPS International Parallel and Distributed Processing Symposium Fort Lauderdale</jconf>
		<label>16</label>
	</publication>
	<publication>
		<title>Faster Collective Output through Active Buffering,</title>
		<authors>XMa,MWinslett,JLee,SYu</authors>
		<jconf>Proceedings of the International Parallel and Distributed Processing Symposium IPDPS International Parallel and Distributed Processing Symposium Fort Lauderdale</jconf>
		<label>16</label>
	</publication>
	<publication>
		<title>An Expandable Chip Desing for Gray-scale Morphological Operations</title>
		<authors>JLee,Jhing-FaWang,Lian-YingLiu,Ming-HwaSheu</authors>
		<jconf>ISCAS IEEE International Symposium Circuits and Systems</jconf>
		<label>17</label>
	</publication>
	<publication>
		<title>A High Throughput-Rate Architecture for * -D DCT</title>
		<authors>JLee,An-NanSuen,Jhing-FaWang,Lian-YingLiu,Ming-HwaSheu</authors>
		<jconf>ISCAS IEEE International Symposium Circuits and Systems</jconf>
		<label>17</label>
	</publication>
	<publication>
		<title>User-Centred Design &amp;amp; Development of an Applied Web-Based ITS</title>
		<authors>JLee,AntonyMaciocia,DuncanAbela,ManolisMavrikis</authors>
		<jconf>ICALT IEEE International Conference Advanced Learning Technologies</jconf>
		<label>18</label>
	</publication>
	<publication>
		<title>Extending GENET for non-binary CSP's,</title>
		<authors>JLee,JHMLee,HFLeung,HWWon</authors>
		<jconf>Seventh IEEE International Conference Tools with Artificial Intelligence IEEE Computer Society Press p D C</jconf>
		<label>1</label>
	</publication>
	<publication>
		<title>Performance of a Comprehensive and Efficient Constraint Library using Local Search,</title>
		<authors>JLee,JHMLee,HFLeung,HWWon</authors>
		<jconf>th Australian Joint Conference Artificial Intelligence pages Springer Verlag LNAI Brisbane</jconf>
		<label>1</label>
	</publication>
	<publication>
		<title>Using Stochastic Methods to Guide Search in CLP: a Preliminary Report,</title>
		<authors>JLee,JHMLee,HFLeung,PJStuckey,VWLTam,HWWon</authors>
		<jconf>Asian Computing Science Conference pages Springer Verlag LNCS</jconf>
		<label>1</label>
	</publication>
	<publication>
		<title>A Constraint-Based Nurse Rostering System Using a Redundant Modeling Approach,</title>
		<authors>JLee,BMWCheng,JHMLee,JCKWu</authors>
		<jconf>Eighth IEEE International Conference Tools with Artificial Intelligence pages IEEE Computer Society Press Toulouse</jconf>
		<label>1</label>
	</publication>
	<publication>
		<title>Speeding Up Constraint Propagation By Redundant Modeling,</title>
		<authors>JLee,BMWCheng,JHMLee,JCKWu</authors>
		<jconf>Second International Conference Principles and Practi ce of Constraint Programming pages Springer Verlag LNCS</jconf>
		<label>1</label>
	</publication>
	<publication>
		<title>Tables as a User Interface for Logic Programs,</title>
		<authors>JLee,MHMCheng,MHvanEmden,JHMLee</authors>
		<jconf>International Conference Fifth Generation Computer Systems Tokyo</jconf>
		<label>1</label>
	</publication>
	<publication>
		<title>A Constraint-Based Interactive Train Rescheduling Tool,</title>
		<authors>JLee,CKChiu,CMChou,JHMLee,HFLeung,YWLeung</authors>
		<jconf>Second International Conference Principles and Practice of Constraint Programming pages Springer Verlag LNCS</jconf>
		<label>1</label>
	</publication>
	<publication>
		<title>A Constraint-Based Interactive Train Rescheduling Tool pages ,</title>
		<authors>JLee,CKChiu,CMChou,JHMLee,HFLeung,YWLeung</authors>
		<jconf>Department of Computer Science and Engineering The Chinese University of Hong Kong for publication to CONSTRAINTS</jconf>
		<label>1</label>
	</publication>
	<publication>
		<title>Reducing Search Space in Local Search for Constraint Satisfaction</title>
		<authors>JLee,HaiFang,PeterJStuckey,YKilani</authors>
		<jconf>AAAI National Conference Artificial Intelligence IAAI The Twelfth Innovative Applications of Artificial Intelligence</jconf>
		<label>1</label>
	</publication>
	<publication>
		<title>Solving Finite Domain Constraint Hierarchies by Local Consistency and Tree Search</title>
		<authors>JLee,KinChuenHui,PhilippeCodognet,StefanoBistarelli</authors>
		<jconf>CP Principles and Practice of Constraint Programming</jconf>
		<label>1</label>
	</publication>
	<publication>
		<title>Towards a More Efficient Stochastic Constraint Solver,</title>
		<authors>JLee,JHMLee,HFLeung,HWWon</authors>
		<jconf>Second International Conference Principles and Practice of Constraint Programming pages Springer Verlag LNCS</jconf>
		<label>1</label>
	</publication>
	<publication>
		<title>Construction of a WYSIWYG LaTeX Typesetting System using Object-oriented Design,</title>
		<authors>JLee,JHMLee,JCKLeung,CCKWong</authors>
		<jconf>First IFIP International Federation for Information Processing SQI International Conference Software Quality and Productivity theory practice education and training Chapman Hall Hong Kong</jconf>
		<label>1</label>
	</publication>
	<publication>
		<title>A Lagrangian Reconstruction of a Class of Local Search Methods,</title>
		<authors>JLee,KMFChoi,JHMLee,PJStuckey</authors>
		<jconf>th IEEE International Conference Tools with Artificial Intelligence pages IEEE Press Taipei ROC</jconf>
		<label>1</label>
	</publication>
	<publication>
		<title>Automatic Rule Generation by the Transformation of Expert's Diagram: LIFT</title>
		<authors>JLee,HyungRimChoi,InKooLee,SungMahnAhn</authors>
		<jconf>International Journal of Man Machine Studies</jconf>
		<label>22</label>
	</publication>
	<publication>
		<title>Case and Constraint-Based Apartment Construction Project Planning System: FASTrak-APT</title>
		<authors>ChangGonKim,EuiJunHwang,HyunJeongPark,HyunWooKim,KyoungJunLee,MyoungKyunYoon,TaeHwanKim</authors>
		<jconf>AAAI National Conference Artificial Intelligence IAAI The Twelfth Innovative Applications of Artificial Intelligence</jconf>
		<label>22</label>
	</publication>
	<publication>
		<title>Continuous relaxations for constrained maximum-entropy sampling</title>
		<authors>KurtMAnstreicher,MarciaFampa,JonLee,JoyWilliams</authors>
		<jconf>Integer programming and combinatorial optimization volume of Lecture Notes Computer Science pages Springer</jconf>
		<label>23</label>
	</publication>
	<publication>
		<title>Case Study: A Virtual Reality Environment</title>
		<authors>JLee,DASouthard,JPLee,GGGrinstein,RMitchell,</authors>
		<jconf>Poster Presentation First International Symposium Virtual Reality San Jose Computer Animation</jconf>
		<label>25</label>
	</publication>
	<publication>
		<title>Database Issues for Data Visualization: Supporting Interactive Database Explorartion</title>
		<authors>JLee,BhavaniMThuraisingham,CraigMWittenbrink,DanielAKeim</authors>
		<jconf>Workshop Database Issues for Data Visualization</jconf>
		<label>25</label>
	</publication>
	<publication>
		<title>Exploratory Visualization Research at the University of Massachusetts Lowell</title>
		<authors>JLee,RFErbacher,GGGrinstein,JPLee,HLevkowitz,LMasterman,RPickett,SSmith</authors>
		<jconf>Computers and Graphics n pages</jconf>
		<label>25</label>
	</publication>
	<publication>
		<title>Database Issues for Data Visualization: Interaction, User Interfaces, and Presentation</title>
		<authors>JLee,DanielAKeim,EricESumner,JohnBoyle,MatthiasHemmje,StephenGEick</authors>
		<jconf>Workshop Database Issues for Data Visualization</jconf>
		<label>25</label>
	</publication>
	<publication>
		<title>Vertical Handoff Procedure and Algorithm between IEEE WLAN and CDMA Cellular Network</title>
		<authors>JLee,HyoSoonPark,JungShinPark,MiSunDo,SungHoonYoon,TaeHyounKim</authors>
		<jconf>CDMA Code Division Multiple Access International Conference</jconf>
		<label>26</label>
	</publication>
	<publication>
		<title>Analysis on statistical characteristics of WWW traffic on IP Level</title>
		<authors>JLee,DKAhn,JSPark,HYPark,YCShin,JYLee,SBLee,YISeo,YMJin</authors>
		<jconf>Proceedings of the th International Conference Information Networking ICOIN International Conference Information Networking Hsinchu C C</jconf>
		<label>27</label>
	</publication>
	<publication>
		<title>A Method to Derive a Single-EFSM from Communicating Multi-EFSM for Data Part Testing</title>
		<authors>IHwang,TKim,MJang,JLee,SLee,HOh,MKim</authors>
		<jconf>Proceedings of IFIP International Federation for Information Processing TC th International Workshop Testing of Communicating Systems IWTCS Cheju Korea</jconf>
		<label>27</label>
	</publication>
	<publication>
		<title>An integrated automatic tool for generating test cases from specification written in Estelle</title>
		<authors>JLee,MSJang,DSPark,JYLee,SBLee,EKCho,BMJin</authors>
		<jconf>Proceedings of the th International Conference Information Networking ICOIN International Conference Information Networking</jconf>
		<label>27</label>
	</publication>
	<publication>
		<title>Network Configuration Management Framework Using WBEM</title>
		<authors>Keum-MoLee,Myung-ChulJung,Sang-WooKang,Jai-YongLee</authors>
		<jconf>ITC International Test Conference CSCC Tokushima pp</jconf>
		<label>27</label>
	</publication>
	<publication>
		<title>Channel Allocation Scheme using Fuzzy Reasoning Method for Multimedia PCS Environment</title>
		<authors>JLee,TWKang,SHRyu,JSPark,KHLee,JYLee,SBLee</authors>
		<jconf>Proceedings of International Technical Conference Circuits Systems Computer Communications ITC International Test Conference CSCC Okinawa</jconf>
		<label>27</label>
	</publication>
	<publication>
		<title>Performance Evaluation of TCP over WCDMA RLC</title>
		<authors>Ji-EunKang,Dong-MinKim,Yong-ChulShin,Hee-YoonPark,Jai-YongLee</authors>
		<jconf>ICOIN International Conference Information Networking Cheju Island Korea C C</jconf>
		<label>27</label>
	</publication>
	<publication>
		<title>A Hybrid Performance Management Scheme for OAM Function in ATM Network</title>
		<authors>JLee,YIKim,JHChung,CSLim,JYLee,SBLee</authors>
		<jconf>Proceedings of the th International Conference Information Networking ICOIN International Conference Information Networking Taipei</jconf>
		<label>27</label>
	</publication>
	<publication>
		<title>A Hybrid Performance Management Scheme for OAM Function supporting QoS management in ATM Network</title>
		<authors>JLee,YIKim,JHChung,CSLim,JYLee,SBLee</authors>
		<jconf>Proceedings of IEEE International Conference Communication ICC International Conference Communications Montreal</jconf>
		<label>27</label>
	</publication>
	<publication>
		<title>Performance Evaluation of Telecommunication Network for ITS Services</title>
		<authors>JLee,BJKim,JYLee,YKKim,DHKim</authors>
		<jconf>Advanced Simulation Technology Conference San Diego Computer Animation</jconf>
		<label>27</label>
	</publication>
	<publication>
		<title>A Centralized Approach in Multi-channel Access Scheme for Single-hop WDM Networks</title>
		<authors>JLee,YYOh,JWSon,WHCho,JYLee,SBLee</authors>
		<jconf>Proceedings of International Technical Conference Circuits Systems Computer Communications ITC International Test Conference CSCC Okinawa</jconf>
		<label>27</label>
	</publication>
	<publication>
		<title>Dynamic Bandwidth Management for VBR MPEG Traffic using ATM OAM Cell</title>
		<authors>JLee,YYOh,YIKim,BJHa,JYLee,SBLee</authors>
		<jconf>Proceedings of the th International Conference Information Networking ICOIN International Conference Information Networking Tokyo</jconf>
		<label>27</label>
	</publication>
	<publication>
		<title>A Conferencing System for Real-Time, Multiparty, Multimedia Services</title>
		<authors>JLee,JSPark,SHLee,SCKim,JYLee,SBLee</authors>
		<jconf>Proceedings of International Conference Consumer Electronics ICCE Los Angels Computer Animation</jconf>
		<label>27</label>
	</publication>
	<publication>
		<title>Design and implementation of CFG Generator for Estelle specification</title>
		<authors>JLee,JHPark,CHKim,JYLee,EKCho,BMJin</authors>
		<jconf>Proceedings of International Council for Computer Communicatons ICCC Seoul Korea</jconf>
		<label>27</label>
	</publication>
	<publication>
		<title>A Flexible Communication Architecture to Support Multimedia Services in High Speed Network</title>
		<authors>JLee,JSPark,SCKim,JHLee,JYLee,SBLee</authors>
		<jconf>Proceedings of the th International Conference Information Networking ICOIN International Conference Information Networking Tokyo</jconf>
		<label>27</label>
	</publication>
	<publication>
		<title>A Real-Time Multimedia Synchronization Mechanism based on the Level-Variation of Fixed-length Buffer</title>
		<authors>JLee,SCKim,SHLee,JSPark,JYLee,SBLee</authors>
		<jconf>Proceedings of International Technical Conference Circuits Systems Computer Communications ITC International Test Conference CSCC Okinawa</jconf>
		<label>27</label>
	</publication>
	<publication>
		<title>TCP Enhancement for Wireless Internet</title>
		<authors>Dong-MinKim,Bum-JoonKim,Won-SeoPark,Jae-SungPark,Jai-YongLee</authors>
		<jconf>ITC International Test Conference CSCC Tokushima pp</jconf>
		<label>27</label>
	</publication>
	<publication>
		<title>Automatic Test Case Generation of Real Protocols : Framework and Methodology</title>
		<authors>JLee,THKim,ISHwang,CMPark,JYLee,SBLee</authors>
		<jconf>Proceedings of IFIP International Federation for Information Processing TC WG Joint International Conference Formal Description Techniques for Distributed Systems and Communication Protocols FORTE Formal Techniques for Networked and Distributed Systems XI and Protocol Specification Testing and Verification PSTV Protocol Specification Testing and Verification XVIII</jconf>
		<label>27</label>
	</publication>
	<publication>
		<title>Test Case Generation of a Protocol by a Fault Coverage Analysis</title>
		<authors>JLee,THKim,ISHwang,MSJang,SWKang,JYLee,SBLee</authors>
		<jconf>Proceedings of the th International Conference Information Networking ICOIN International Conference Information Networking Tokyo</jconf>
		<label>27</label>
	</publication>
	<publication>
		<title>A protocol Machine Configurator for Highly Flexible Transport Protocol</title>
		<authors>JLee,DSPark,MSJang,SHLee,JYLee,SBLee</authors>
		<jconf>Proceedings of IEEE International Conference Communication ICC International Conference Communications</jconf>
		<label>27</label>
	</publication>
	<publication>
		<title>Automatic Test Case Generation of Real Protocols: Framework and Methodology</title>
		<authors>JLee,Chan-MinPark,Ik-SoonHwang,Sang-BaeLee,Tae-HyongKim</authors>
		<jconf>FORTE Formal Techniques for Networked and Distributed Systems</jconf>
		<label>27</label>
	</publication>
	<publication>
		<title>A crossbar based gigabit packet switch with an input-polling shared bus arbitration mechanithm</title>
		<authors>JLee,HTLee,JWSon,JYLee,SBLee</authors>
		<jconf>Proceedings of IEEE International Switching Symposium ISS Toronto</jconf>
		<label>27</label>
	</publication>
	<publication>
		<title>Adaptive Time-Base Location Management Scheme using Fuzzy Logic</title>
		<authors>JLee,SHRyu,JSPark,HEJeon,JYLee,SBLee</authors>
		<jconf>Proceedings of the th International Conference Information Networking ICOIN International Conference Information Networking Cheju Korea A A</jconf>
		<label>27</label>
	</publication>
	<publication>
		<title>Variable Location Management Scheme Adaptive to Mobile Characteristics</title>
		<authors>JLee,SHRyu,KHLee,YYOh,JYLee,SBLee</authors>
		<jconf>Proceedings of International Conference Consumer Electronics ICCE Los Angeles Computer Animation</jconf>
		<label>27</label>
	</publication>
	<publication>
		<title>A New Ring Protocol for ATM-MAN</title>
		<authors>JLee,CShim,KHPark,JHLee,JYLee,SBLee</authors>
		<jconf>Proceedings of International Council for Computer Communicatons ICCC Seoul Korea</jconf>
		<label>27</label>
	</publication>
	<publication>
		<title>A Dynamic Resource Allocation Algorithm Based on Multiple Traffic Structure in ATM Networks</title>
		<authors>JLee,JWSon,JHLee,JYLee,SBLee</authors>
		<jconf>Proceedings of Asia Pacific Conference Communications APCC Osaka</jconf>
		<label>27</label>
	</publication>
	<publication>
		<title>Generation of Reliable and Optimized Test Cases for Data Flow Test with a Formal Approach</title>
		<authors>JLee,BMChin,THKim,ISHwang,MSJang,JYLee,SBLee</authors>
		<jconf>Proceedings of the th International Conference Information Networking ICOIN International Conference Information Networking Taipei</jconf>
		<label>27</label>
	</publication>
	<publication>
		<title>Multi-channel DQDB architecture for MAN</title>
		<authors>JLee,WHCho,SHLee,JYLee,SBLee</authors>
		<jconf>Proceedings of Jonit Technical Conference Circuits Systems Computer Communications JTC CSCC Kumamoto</jconf>
		<label>27</label>
	</publication>
	<publication>
		<title>Hierarchical Performance Management of ATM Networks using OAM MIB</title>
		<authors>JLee,YHChoi,KHLee,JYLee,SBLee</authors>
		<jconf>Proceedings of International Council for Computer Communicatons ICCC Cannes</jconf>
		<label>27</label>
	</publication>
	<publication>
		<title>OAM-based ATM Network Management Information Architecture : SNMP Agent</title>
		<authors>JLee,YHChoi,WSSong,CPark,HSKang,YSShim,JYLee,SBLee</authors>
		<jconf>Proceedings of International Symposium Network Operations and Management ISNOM</jconf>
		<label>27</label>
	</publication>
	<publication>
		<title>A Method of Gathering End-to-end Management Information</title>
		<authors>JLee,YHChoi,KHLee,JYLee,SBLee</authors>
		<jconf>Proceedings of IEEE Network Operations and Management Symposium NOMS New Orleans</jconf>
		<label>27</label>
	</publication>
	<publication>
		<title>Slot Allocation and Analysis of QoS for a Satellite-ATM MAK Protocol</title>
		<authors>Seung-hoonChoi,Bum-JoonKim,Dong-MinKim,Jae-YongLee</authors>
		<jconf>APCC Asic Pacific Conference Communication Seoul</jconf>
		<label>27</label>
	</publication>
	<publication>
		<title>A Cost Evaluation of Disjoint Protection Schemes with Dynamic Bandwidth Control</title>
		<authors>JLee,KHLee,YHChoi,DSPark,TWKang,SHJeon,JYLee,SBLee</authors>
		<jconf>Proceedings of the th International Conference Information Networking ICOIN International Conference Information Networking Cheju Korea C C</jconf>
		<label>27</label>
	</publication>
	<publication>
		<title>Design and Implementation of Gigabit Packet Switch with Multi-path Routing Capability</title>
		<authors>JLee,HTLee,JWSon,JYLee,SBLee</authors>
		<jconf>Proceedings of International Conference Telecommunicatons ICT International Conference Telecommunications</jconf>
		<label>27</label>
	</publication>
	<publication>
		<title>Efficient Restoration Scheme for VP-based ATM Networks</title>
		<authors>JLee,KHLee,YHChoi,TWKang,MSDo,JYLee,SBLee</authors>
		<jconf>Proceedings of Asia Pacific Network Operations and Management Symposium APNOMS Seoul Korea</jconf>
		<label>27</label>
	</publication>
	<publication>
		<title>Loop Expanding Fast Restoration</title>
		<authors>JLee,KHLee,YHChoi,JYLee,SBLee</authors>
		<jconf>Proceedings of IEEE Network Operations and Management Symposium NOMS New Orleans</jconf>
		<label>27</label>
	</publication>
	<publication>
		<title>QoS Restoration using a Disjoint Path Group in ATM Networks</title>
		<authors>JLee,KHLee,YHChoi,JYLee,SBLee</authors>
		<jconf>Proceedings of the Sixth IFIP International Federation for Information Processing IEEE International Symposium Integrated Network Management</jconf>
		<label>27</label>
	</publication>
	<publication>
		<title>Performance Analysis of Input-polling Arbitration Method in Fiber Channel-based Gigabit LAN</title>
		<authors>JLee,JWSon,YYOh,HTLee,JYLee,SBLee</authors>
		<jconf>Proceedings of International Technical Conference Circuits Systems Computer Communications ITC International Test Conference CSCC Seoul Korea</jconf>
		<label>27</label>
	</publication>
	<publication>
		<title>Novel MAC Protocol for Slotted WDM Ring Network</title>
		<authors>Chang-WooYang,Chung-HoKim,Jang-WooSon,Jai-YongLee</authors>
		<jconf>ITC International Test Conference CSCC Tokushima pp</jconf>
		<label>27</label>
	</publication>
	<publication>
		<title>Enabling the Effective Involvement of Multiple Users: Methods and Tools for Collaborative Software Engineering,</title>
		<authors>DDean,JLee,MPendergast,AHickey,JNunamaker</authors>
		<jconf>Journal of Management Information Systems Winter</jconf>
		<label>28</label>
	</publication>
	<publication>
		<title>Technological Support for Group Process Modeling,</title>
		<authors>DDean,JLee,ROrwig,DVogel</authors>
		<jconf>Journal of Management Information Systems Winter</jconf>
		<label>28</label>
	</publication>
	<publication>
		<title>ColD SPA: A Tool For Collaborative Process Model Development</title>
		<authors>JLee,AHickey,DZhang,ESantanen,LZhou</authors>
		<jconf>forthcoming Proceedings of the rd Annual HICSS INTERNATIONAL CONFERENCE SYSTEM SCIENCES</jconf>
		<label>28</label>
	</publication>
	<publication>
		<title>A Group-based Approach for Distributed Model Construction,</title>
		<authors>JLee,HSarjoughian,FSimcox,SVahie,BZeigler</authors>
		<jconf>Proceedings of the st Annual HICSS INTERNATIONAL CONFERENCE SYSTEM SCIENCES</jconf>
		<label>28</label>
	</publication>
	<publication>
		<title>Current Advances in Group-Supported Business Process Reengineering,</title>
		<authors>MPendergast,DDean,JLee,BNevstujev,NKatic</authors>
		<jconf>Proceedings of the th Annual HICSS INTERNATIONAL CONFERENCE SYSTEM SCIENCES</jconf>
		<label>28</label>
	</publication>
	<publication>
		<title>Re-engineering with Enterprise Analyzer,</title>
		<authors>DVogel,DDean,ROrwig,JLee,CArthur</authors>
		<jconf>Proceedings of the th Annual HICSS INTERNATIONAL CONFERENCE SYSTEM SCIENCES</jconf>
		<label>28</label>
	</publication>
	<publication>
		<title>Collaborative Design of Organizational Systems,</title>
		<authors>GVreede,DDean,JLee,DVogel,ROrwig</authors>
		<jconf>Association for Information Systems Americas Conference Information Systems</jconf>
		<label>28</label>
	</publication>
	<publication>
		<title>Construction of Large-Scale Bayesian Networks by Local to Global Search</title>
		<authors>JLee,Byoung-TakZhang,KyuBaekHwang,Seung-WooChung</authors>
		<jconf>PRICAI Pacific Rim International Conference Artificial Intelligence</jconf>
		<label>29</label>
	</publication>
	<publication>
		<title>Topic Extraction from Text Documents Using Multiple-Cause Networks</title>
		<authors>JLee,Byoung-TakZhang,JeongHoChang,YuseopKim</authors>
		<jconf>PRICAI Pacific Rim International Conference Artificial Intelligence</jconf>
		<label>29</label>
	</publication>
	<publication>
		<title>Compiler Support for Speculative Multithreading Architecture with Probabilistic Points-To Analysis,</title>
		<authors>JLee,Peng-ShengChen,Ming-YuHung,Yuan-ShinHwang,RoyDz-ChingJu,JenqKuenLee</authors>
		<jconf>ACM Principles and Practices of Parallel Programming ACM PPoPP San Diego</jconf>
		<label>2</label>
	</publication>
	<publication>
		<title>Probabilistic Points-to Analysis</title>
		<authors>JLee,Peng-ShengChen,RoyDz-ChingJu,Yuan-ShinHwang</authors>
		<jconf>LCPC Languages and Compilers for Parallel Computing</jconf>
		<label>2</label>
	</publication>
	<publication>
		<title>A Function-Composition Approach to Synthesize Fortran Array Operations,</title>
		<authors>JLee,Gwan-HwanHwang,JenqKuenLee,Dz-ChingJu</authors>
		<jconf>Journal of Parallel and Distributed Computing</jconf>
		<label>2</label>
	</publication>
	<publication>
		<title>Specification and Architecture Supports for Component Adaptations on Distributed Environments,</title>
		<authors>JLee,Chung-KaiChen,Cheng-WeiChen,JenqKuenLee</authors>
		<jconf>IPDPS International Parallel and Distributed Processing Symposium</jconf>
		<label>2</label>
	</publication>
	<publication>
		<title>``Laguage and Environment Support for Parallel Object I/O on Distributed Memory Environments,''</title>
		<authors>JLee,JenqKuenLee,Ing-KuenTsaur,San-YihHuang</authors>
		<jconf>Proceedings of the th SIAM Society for Industrial and Applied Mathematics Conference Parallel Processing for Scientific Computing</jconf>
		<label>2</label>
	</publication>
	<publication>
		<title>An Array Operation Synthesis Scheme to Optimize Fortran Programs,</title>
		<authors>JLee,Gwan-HwanHwang,JenqKuenLee,Dz-ChingJu</authors>
		<jconf>ACM SIGPLAN Special Interest Group Programming Languages Notices ACM PPoPP Issue</jconf>
		<label>2</label>
	</publication>
	<publication>
		<title>Sampling and Analytical Techniques for Data Distribution of Parallel Sparse Computation,</title>
		<authors>JLee,Tyng-RueyChuang,Rong-GueyChang,JenqKuenLee</authors>
		<jconf>SIAM Society for Industrial and Applied Mathematics Conference Parallel Processing for Scientific Computing</jconf>
		<label>2</label>
	</publication>
	<publication>
		<title>``Modelling Three-Dimensional Gas-Turbine-Combustor-Model Flow on Parallel Machines with Distributed Memory,''</title>
		<authors>JLee,JenqKuenLee,YChen,CALin,MLu</authors>
		<jconf>Parallel Computational Fluid Dynamics New Trends and Advances A Ecer et editors Elsevier Science</jconf>
		<label>2</label>
	</publication>
	<publication>
		<title>An Array Operation Synthesis Scheme to Optimize Fortran Programs,</title>
		<authors>JLee,Gwan-HwanHwang,JenqKuenLee,Dz-ChingJu</authors>
		<jconf>Proceedings of the Fifth ACM SIGPLAN Special Interest Group Programming Languages Symposium Principles Practice of Parallel Programming Santa Barbara Computer Animation</jconf>
		<label>2</label>
	</publication>
	<publication>
		<title>Parallel Array Object I/O Support on Distributed Environments,</title>
		<authors>JLee,JenqKuenLee,Ing-KuenTsaur,San-YihHwang</authors>
		<jconf>Journal of Parallel and Distributed Computing</jconf>
		<label>2</label>
	</publication>
	<publication>
		<title>Integrating Automatic Data Alignment and Array Operation Synthesis to Optimize Data Parallel Programs,</title>
		<authors>JLee,Gwan-HwanHwang,JenqKuenLee,Dz-ChingJu</authors>
		<jconf>Workshop Languages and Compilers for Parallel Computing LCPC Languages and Compilers for Parallel Computing Also LNCS</jconf>
		<label>2</label>
	</publication>
	<publication>
		<title>``Programming an Astrophysics Application in an Object-Oriented Parallel Language,''</title>
		<authors>JLee,ShelbyXYang,JenqKuenLee,SrinivasPNarayana,DennisGannon</authors>
		<jconf>Proceedings of Scalable High Performance Computing Conference</jconf>
		<label>2</label>
	</publication>
	<publication>
		<title>Compiler Optimizations with DSP-Specific Semantic Descriptions,</title>
		<authors>JLee,Young-JiaLin,Yuan-ShinHwang,JenqKuenLee</authors>
		<jconf>LCPC Languages and Compilers for Parallel Computing Also LNCS</jconf>
		<label>2</label>
	</publication>
	<publication>
		<title>Array Operation Synthesis to Optimize HPF programs IEEE-copyrighted material ,</title>
		<authors>JLee,Gwan-HwanHwang,JenqKuenLee,Dz-ChingJu</authors>
		<jconf>Proceedings of the International Conference Parallel Processing IEEE Computer Society Press</jconf>
		<label>2</label>
	</publication>
	<publication>
		<title>Compiler Analysis and Supports for Leakage Power Reduction on Microprocessors,</title>
		<authors>JLee,Yi-PingYou,Ching-RenLee,JenqKuenLee</authors>
		<jconf>LCPC Languages and Compilers for Parallel Computing Also LNCS</jconf>
		<label>2</label>
	</publication>
	<publication>
		<title>Array operation synthesis to optimize HPF programs on distributed memory machines,</title>
		<authors>JLee,Gwan-HwanHwang,DJu,JenqKuenLee</authors>
		<jconf>Journal of Parallel and Distributed Computing Academic Press</jconf>
		<label>2</label>
	</publication>
	<publication>
		<title>Rea-Time Task Scheduling for Dynamically Variable Voltage Processors,</title>
		<authors>Yi-PingYou,Ching-RenLee,Jenq-KuenLee,Wei-KuanShih</authors>
		<jconf>IEEE workshop Power Management for Real Time and Embedded Systems</jconf>
		<label>2</label>
	</publication>
	<publication>
		<title>Real-Time Gang Schedulings with Workload Models for Parallel Computers</title>
		<authors>JLee,C-DLin,W-KShih,Y-WChang</authors>
		<jconf>ICPADS International Conference Parallel and Distributed Systems</jconf>
		<label>2</label>
	</publication>
	<publication>
		<title>``The Xthreads Library: Design, Implementation, and Applications,''</title>
		<authors>JLee,JSang,FKnop,VRego,JenqKuenLee,C-TKing</authors>
		<jconf>COMPSAC International Computer Software and Applications Conference</jconf>
		<label>2</label>
	</publication>
	<publication>
		<title>``Computations of Three-Dimensionally Evolving Jets with Vortex Methods on Parallel Machines with Distributed Memory ,</title>
		<authors>JLee,YLShie,JenqKuenLee,CALin,CHTsai</authors>
		<jconf>Parallel Computational Fluid Dynamics New Algorithms and Applications A Ecer et editors Elsevier Science</jconf>
		<label>2</label>
	</publication>
	<publication>
		<title>``Programming Environments for Parallel Computation: Performance Debugging of Parallel Algorithms,''</title>
		<authors>JLee,DennisGannon,BruceShei,DayaAtapattu,JenqKuenLee,MannhoLee,KyleGallivan,WilliamJalby,HarryWijshoff</authors>
		<jconf>Proceedings of the International Workshop Parallel and Distributed Computing Bonas</jconf>
		<label>2</label>
	</publication>
	<publication>
		<title>``SIGMA II: A Tool Kit for Building Parallelizing Compilers and Performance Analysis Systems,''</title>
		<authors>JLee,DennisGannon,JenqKuenLee,BruceShei,SekharSarukkai,SNarayan,NSundaresan,DayaAtapatta,FrancoisBodin</authors>
		<jconf>Proceedings of Programming Environments for Parallel Computing Conference Edinburgh</jconf>
		<label>2</label>
	</publication>
	<publication>
		<title>``Static Analysis and Runtime Support for Parallel Execution of C,''</title>
		<authors>JLee,DennisGannon,VincentGuarna,JenqKuenLee</authors>
		<jconf>The Second Workshop Languages and Compilers for Parallel Computing</jconf>
		<label>2</label>
	</publication>
	<publication>
		<title>``The Sigma System: A Tool for Parallel Program Design,''</title>
		<authors>JLee,DennisGannon,DayaAtapattu,MannHoLee,BruceShei,AtulSaini,JenqKuenLee</authors>
		<jconf>Proceedings of the Third International Conference Supercomputing ICS International Conference Supercomputing St Petersberg v</jconf>
		<label>2</label>
	</publication>
	<publication>
		<title>``Compiling an Object-Oriented Language for Parallel Machines,''</title>
		<authors>Jenq-KuenLee,ShelbyYang,SSrinivas,DennisGannon</authors>
		<jconf>Proceedings of International Conference Parallel and Distributed Systems</jconf>
		<label>2</label>
	</publication>
	<publication>
		<title>Compiler support for speculative multithreading architecture with probabilistic points-to analysis</title>
		<authors>JLee,Ming-YuHung,Peng-ShengChen,RoyDz-ChingJu,Yuan-ShinHwang</authors>
		<jconf>PPOPP Principles Practice of Parallel Programming</jconf>
		<label>2</label>
	</publication>
	<publication>
		<title>Implementation of Vortex Filament Methods on Parallel Machines with Distributed Adaptive Data Structure,</title>
		<authors>JLee,YLShieh,JenqKuenLee,JHTsai,CALin</authors>
		<jconf>International Journal of Numerical Methods Fluids</jconf>
		<label>2</label>
	</publication>
	<publication>
		<title>Compiler optimization on VLIW instruction scheduling for low power</title>
		<authors>JLee,ChingrenLee,Shi-ChunTsai,TingTingHwang</authors>
		<jconf>ACM Trans Design Autom Electr Syst</jconf>
		<label>2</label>
	</publication>
	<publication>
		<title>Real-Time Gang Scheduling with Workload Models for Parallel Computers,</title>
		<authors>JLee,Wei-KuanShih,Chung-DerLin,Yar-WenChang,JenqKuenLee</authors>
		<jconf>Journal of Information Science and Engineering</jconf>
		<label>2</label>
	</publication>
	<publication>
		<title>Compiler Optimization on Instruction Scheduling for Low power,</title>
		<authors>JLee,Ching-RenLee,JenqKuenLee,Ting-TingHwang,Shi-ChunTsai</authors>
		<jconf>International Symposium System Synthesis IEEE Computer Society Sponsor Madrid</jconf>
		<label>2</label>
	</publication>
	<publication>
		<title>Compiler optimizations on VLIW instruction scheduling for low power,</title>
		<authors>Ching-RenLee,Jenq-KuenLee,Ting-TingHwang,Shih-ChunTsai</authors>
		<jconf>ACM Transactions Design Automation of Electronic Systems</jconf>
		<label>2</label>
	</publication>
	<publication>
		<title>Data Distribution Analysis and Optimization for Pointer-Based Distributed Programs IEEE-copyrighted material, and the Most Original Paper Award, ICPP ' ,</title>
		<authors>JLee,JenqKuenLee,DanHo,Yue-CheeChuang</authors>
		<jconf>International Conference Parallel Processing IEEE Computer Society</jconf>
		<label>2</label>
	</publication>
	<publication>
		<title>Support and optimization of Java RMI over Bluetooth environments,</title>
		<authors>JLee,PCWey,JSChen,CWChen,JenqKuenLee</authors>
		<jconf>Concurrency and Computation Practice and Experience Wiley Special Issue for Java Grande ISCOPE</jconf>
		<label>2</label>
	</publication>
	<publication>
		<title>Probabilistic inference schemes for sparsity structures of Fortran array intrinsics,</title>
		<authors>JLee,Rong-GueyChang,Jia-ShingLi,Tyng-RueyChuang,JenqKuenLee</authors>
		<jconf>International Conference Parallel Processing IEEE Computer Society Press</jconf>
		<label>2</label>
	</publication>
	<publication>
		<title>Performance of Parallel Sparse Supports for Fortran on PC-based Networks of Clusters,</title>
		<authors>JLee,RGChang,XYJiang,Tyng-RueyChuang,JenqKuenLee</authors>
		<jconf>Proceedings of High Performance Computing SCS D C</jconf>
		<label>2</label>
	</publication>
	<publication>
		<title>Building Ontology for Composition and Optimization of Parallel JavaBean Programs,</title>
		<authors>JLee,Cheng-WeiChen,Chung-KaiChen,JenqKuenLee</authors>
		<jconf>IEEE I SPAN International Symposium Parallel Architectures Algorithms and Networks Invited Paper</jconf>
		<label>2</label>
	</publication>
	<publication>
		<title>Compiler Support for Speculative Multithreading Architecture with Probabilistic Points-To Analysis,</title>
		<authors>JLee,Peng-ShengChen,Ming-YuHung,Yuan-ShinHwang,RoyDz-ChingJu,JenqKuenLee</authors>
		<jconf>ACM SIGPLAN Special Interest Group Programming Languages NOTICES Issue</jconf>
		<label>2</label>
	</publication>
	<publication>
		<title>Improved On-line Scaling Scheme in a Scalable and Highly Available Database</title>
		<authors>JLee,Chung-HoLee,Hae-YoungBae,Yong-IlJang</authors>
		<jconf>PDPTA Parallel and Distributed Processing Techniques and Applications</jconf>
		<label>30</label>
	</publication>
	<publication>
		<title>Efficient Rendering of Multi-representation of Spatial Features on Internet GIS</title>
		<authors>ChenLiang,Chung-HoLee,Jae-DongLee,Hae-YoungBae</authors>
		<jconf>International Conference Internet Computing Las Vegas</jconf>
		<label>30</label>
	</publication>
	<publication>
		<title>Scale-Dependent Transmission of Spatial Vector Data on the Internet</title>
		<authors>JLee,ChenLiang,Chung-HoLee,Jae-HongKim,Hae-YoungBae</authors>
		<jconf>The rd International Conference Information Integration and Web based Applications Services</jconf>
		<label>30</label>
	</publication>
	<publication>
		<title>Spatial Linear Feature Simplification Using Wavelets</title>
		<authors>ChenLiang,Chung-HoLee,Jae-DongLee,Hae-YoungBae</authors>
		<jconf>IEEE World Science Engineering Society Simulation</jconf>
		<label>30</label>
	</publication>
	<publication>
		<title>Efficient Spatial Transmission in Web-Based GIS</title>
		<authors>JLee,Dong-SunPark,Hae-YoungBae,Jae-HongKim,Young-GeolLee,Young-HwanOh,Zu-KuanWei</authors>
		<jconf>Workshop Web Information and Data Management</jconf>
		<label>30</label>
	</publication>
	<publication>
		<title>A Low power TLB System with Dynamic searching Mechanism for Embedded Processors ,</title>
		<authors>Jung-HoonLee,Jin-HyuckChoi,Shin-DugKim,CharlesWeems</authors>
		<jconf>ACM Workshop Compilers and Operating Systems for Low Power COLP held conjunction with the Eleventh PACT Parallel Computing Technologies</jconf>
		<label>32</label>
	</publication>
	<publication>
		<title>A Selective Block Buffering TLB System for Embedded Processors,</title>
		<authors>Jung-HoonLee,Gi-HoPark,Shin-DugKim,CharlesWeems</authors>
		<jconf>conditional to the IEEE TRANSACTION COMPUTERS TOC</jconf>
		<label>32</label>
	</publication>
	<publication>
		<title>A Selective Filter-Bank TLB System,</title>
		<authors>Jung-HoonLee,Gi-HoPark,Sung-BasPark,Shin-DugKim</authors>
		<jconf>ACM IEEE International Symposium Low Power Electronics and Design ISLPED Seoul Korea</jconf>
		<label>32</label>
	</publication>
	<publication>
		<title>The Cache Memory System for CalmRISC ,</title>
		<authors>Kil-WhanLee,Jang-SooLee,Gi-HoPark,Jung-HoonLee,Tack-DonHan,Shin-DugKim</authors>
		<jconf>ASIA PACIFIC CONFERENCE ASIC AP ASIC Cheju Korea</jconf>
		<label>32</label>
	</publication>
	<publication>
		<title>A Selectively Accessing TLB for High Performance and Low Power Consumption</title>
		<authors>Jung-HiMin,Jung-HoonLee,Seh-WoongJeong,Shin-DugKim</authors>
		<jconf>IEEE ASIA PACIFIC CONFERENCE ASIC AP ASIC Taipei</jconf>
		<label>32</label>
	</publication>
	<publication>
		<title>Cooperative cache system: A Low-Power Cache Structure for Embedded Processors,</title>
		<authors>Gi-HoPark,Kil-WhanLee,Jang-SooLee,Jung-HoonLee,Tack-DonHan,Shin-DugKim,Moon-KeyLee,Yong-ChunKim,Seh-WoongJung,Hyung-LaeRoh,Kwang-YupLee</authors>
		<jconf>COOL Chips III International Symposium Low Power and High Speed Chips Tokyo</jconf>
		<label>32</label>
	</publication>
	<publication>
		<title>A Low power TLB structure for Embedded Systems</title>
		<authors>Jin-HyuckChoi,Jung-HoonLee,Seh-WoongJeong,Shin-DugKim,CharlesWeems</authors>
		<jconf>IEEE Computer Society Technical Committee Computer Archotecture Letter TCCA latter paper</jconf>
		<label>32</label>
	</publication>
	<publication>
		<title>An Advanced Filtering TLB for Low Power Consumption,</title>
		<authors>Jin-HyuckChoi,Jung-HoonLee,Gi-HoPark,Shin-DugKim</authors>
		<jconf>The th Symposium Computer Architecture and High Performance Computing Vit ria</jconf>
		<label>32</label>
	</publication>
	<publication>
		<title>A Banked-Promotion TLB For High Performance and Low Power,</title>
		<authors>Jung-HoonLee,Jang-SooLee,Seh-woongJeong,Shin-DugKim</authors>
		<jconf>IEEE International Conference Computer Design ICCD International Conference Computer Design</jconf>
		<label>32</label>
	</publication>
	<publication>
		<title>A banked-Promotion translation lookaside buffer system,</title>
		<authors>Jung-HoonLee,Seh-WoongJeong,Shin-DugKim,CharlesWeems</authors>
		<jconf>Journal of System Architecture JSA Issue paper</jconf>
		<label>32</label>
	</publication>
	<publication>
		<title>An Energy Efficient Cache Memory Architecture for Embedded Systems,</title>
		<authors>Jung-WookPark,Cheong-GhilKim,Jung-HoonLee,Shin-DugKim</authors>
		<jconf>ACM Symposium Applied Computing SAC Selected Areas Cryptography Nicosia</jconf>
		<label>32</label>
	</publication>
	<publication>
		<title>High-Performance External Computations Using User-Controllable I/O</title>
		<authors>JLee,ByungEuiMin,SanjayRanka,SunghoonKo</authors>
		<jconf>IPPS International Parallel Processing Symposium SPDP Symposium Parallel and Distributed Processing</jconf>
		<label>33</label>
	</publication>
	<publication>
		<title>I/O and memory-efficient matrix multiplication with user-controllable parallel I/O</title>
		<authors>JLee,PBruceBerra,SanjayRanka,Sung-YongPark</authors>
		<jconf>ICPADS International Conference Parallel and Distributed Systems</jconf>
		<label>33</label>
	</publication>
	<publication>
		<title>Developing a Common Operating Environment for Military Application</title>
		<authors>JLee,Dong-KukRyu,Doo-HwanBae,JungyoonKim,Sang-IlLee</authors>
		<jconf>FTDCS Future Trends Distributed Computing Systems</jconf>
		<label>36</label>
	</publication>
	<publication>
		<title>Form, the Missing Piece in Effective Real-Time System Specification and Simulation</title>
		<authors>JLee,GKim,HKim,KKang</authors>
		<jconf>IEEE Real Time Technology and Applications Symposium</jconf>
		<label>37</label>
	</publication>
	<publication>
		<title>Adding Form to Real-Time System Specification and Simulation</title>
		<authors>JLee,GerardJounghyunKim,HyeJKim,KyoChulKang</authors>
		<jconf>International Journal of Software Engineering and Knowledge Engineering</jconf>
		<label>37</label>
	</publication>
	<publication>
		<title>A Fuzzy Petri Nets Based Mechanism for Fuzzy Rules Reasoning</title>
		<authors>JLee,StephenJHYang,WeiTHuang,WilliamCChu</authors>
		<jconf>COMPSAC International Computer Software and Applications Conference</jconf>
		<label>3</label>
	</publication>
	<publication>
		<title>Expressing JSD in Z</title>
		<authors>JLee,Cheng-KaiChang,Jiann-IPan,WeiTHuang</authors>
		<jconf>COMPSAC International Computer Software and Applications Conference</jconf>
		<label>3</label>
	</publication>
	<publication>
		<title>Structuring Requirements Specifications through Goals Interactions</title>
		<authors>JLee,Kuo-HsunHsu,Nien-LinXue,Yong-YiFangjang</authors>
		<jconf>ICTAI International Conference Tools with Artificial Intelligence</jconf>
		<label>3</label>
	</publication>
	<publication>
		<title>Modeling imprecise requirements with fuzzy objects</title>
		<authors>JLee,NLXue,KHHsu,SJHYang</authors>
		<jconf>Information Sciences NSC E SCI Scalable Coherent Interface EI</jconf>
		<label>3</label>
	</publication>
	<publication>
		<title>An integrated combination of jsd and formal notations</title>
		<authors>JLee,JIPan,NLXue,WTHuang</authors>
		<jconf>Proceedings of National Science Council Part A Physical Science and Engineering EI NSC E</jconf>
		<label>3</label>
	</publication>
	<publication>
		<title>Towards the Verification of Scenarios with Time Petri-Nets</title>
		<authors>JLee,Jiann-IPan,Jong-YihKuo,StephenJHYang,Yong-YiFanjiang</authors>
		<jconf>COMPSAC International Computer Software and Applications Conference</jconf>
		<label>3</label>
	</publication>
	<publication>
		<title>A System for Gait Rehabilitation: Mobile Manipulator Approach</title>
		<authors>JLee,Chang-HyunKim,Choon-YoungLee,Kap-HoSeo,Sang-KeonOh</authors>
		<jconf>ICRA International Conference Robotics and Automation</jconf>
		<label>41</label>
	</publication>
	<publication>
		<title>On the Signal Bounding Problem in Timing Analysis</title>
		<authors>JLee,CKWong,DanielLOstapko,JefferySoreff</authors>
		<jconf>ICCAD International Conference Computer Aided Design</jconf>
		<label>42</label>
	</publication>
	<publication>
		<title>A Banked-Promotion Translation lookaside buffer system,</title>
		<authors>JLee,JHLee,SWJeong,SDKim,CWeems</authors>
		<jconf>Journal of System Architecture Issue ESCI</jconf>
		<label>43</label>
	</publication>
	<publication>
		<title>Dual TLB structure for supporting two page sizes</title>
		<authors>JLee,JHLee,JSLee,GHPark,KWLee,SDKim</authors>
		<jconf>Electronics Letter SCI Scalable Coherent Interface paper</jconf>
		<label>43</label>
	</publication>
	<publication>
		<title>Modeling and Performance Analysis of Dual Head Disk Structure</title>
		<authors>JLee,NKLee,SBYang,TDHan,SDKim</authors>
		<jconf>Journal of Systems Architecture ESCI</jconf>
		<label>43</label>
	</publication>
	<publication>
		<title>An on-chip cache compression technique to reduce decompression overhead and design complexity,</title>
		<authors>JLee,JSLee,WKHong,SDKim</authors>
		<jconf>Journal of Systems Architecture ESCI paper</jconf>
		<label>43</label>
	</publication>
	<publication>
		<title>An intelligent Cache System with Hardware prefetching for High Performance</title>
		<authors>Jung-HoonLee,Seh-WoongJeong,Shin-DugKim,CharlesWeems</authors>
		<jconf>IEEE TRANSACTION COMPUTERS SCI Scalable Coherent Interface paper</jconf>
		<label>43</label>
	</publication>
	<publication>
		<title>Real-Time JAVA Virtual Machine for Information Appliances,</title>
		<authors>JLee,Young-MinLee,Byung-ChulTak,Hye-SeonMaeng,Shin-DugKim</authors>
		<jconf>IEEE TRANSCATION CONSUNMER ELECTRONICS SCI Scalable Coherent Interface</jconf>
		<label>43</label>
	</publication>
	<publication>
		<title>A Selective Block Buffering TLB System for Embedded Processors,</title>
		<authors>Jung-HoonLee,Gi-HoPark,Shin-DugKim,CharlesWeems</authors>
		<jconf>to the IEEE TRANSACTION COMPUTERS</jconf>
		<label>43</label>
	</publication>
	<publication>
		<title>Design and Implementation of a Dynamic Communication MPI Library for the Grid,</title>
		<authors>Kyung-LangPark,Hwang-JikLee,Oh-YoungKwon,Sung-YongPark,Hyoung-WooPark,Shin-DugKim</authors>
		<jconf>International Journal of Computer and Applications to be appeared</jconf>
		<label>43</label>
	</publication>
	<publication>
		<title>Floating point adder/subtractor performing IEEE routing and addition/subtraction in parallel</title>
		<authors>JLee,WCPark,SHLee,OYKwon,TDHan,SDKim</authors>
		<jconf>IEICE Trans Information Systems ESCI</jconf>
		<label>43</label>
	</publication>
	<publication>
		<title>A Floating Point Multiplier Performing IEEE Rounding and Addition in Parallel</title>
		<authors>JLee,WCPark,TDHan,SDKim,SBYang</authors>
		<jconf>Journal of Systems Architecture ESCI</jconf>
		<label>43</label>
	</publication>
	<publication>
		<title>Methods to Improve the Performance of Instruction prefetching Through Balanced Improvement by Two Primary Performance Factors</title>
		<authors>JLee,GHPark,OYKwon,TDHan,SDKim,SBYang</authors>
		<jconf>Journal of Systems Architecture ESCI</jconf>
		<label>43</label>
	</publication>
	<publication>
		<title>Non_referenced prefetch NPR cache for instruction prefetching</title>
		<authors>JLee,GHPark,OYKwon,TDHan,SDKim</authors>
		<jconf>IEE Proceedings Computers Digital Techniques paper</jconf>
		<label>43</label>
	</publication>
	<publication>
		<title>Configuration method of multiple clusters for the computational Grid,</title>
		<authors>JLee,PSShin,WKHong,HCKim,SDKim</authors>
		<jconf>Lecture Notes Computer Science ESCI paper</jconf>
		<label>43</label>
	</publication>
	<publication>
		<title>Limitations imposed on mixed-mode performance of optimized phaxes due to temporal juxtaposition</title>
		<authors>JLee,TBBerg,SDKim,HJSiegel</authors>
		<jconf>Journal of Parallel and Distributed Computing</jconf>
		<label>43</label>
	</publication>
	<publication>
		<title>Multiple quadratic forms: A case study in the design of data-parallel algorithms</title>
		<authors>JLee,MCWang,JBArmstrong,SDKim,WGNation,HJSiegel</authors>
		<jconf>Journal of Parallel and Distributed Computing paper</jconf>
		<label>43</label>
	</publication>
	<publication>
		<title>A Low Power TLB structure for Embedded Systems</title>
		<authors>Jin-HyuckChoi,Jung-HoonLee,Se-WoongJeong,Shin-DugKim,CWeems</authors>
		<jconf>IEEE Computer Society Technical Committee Computer Architecture</jconf>
		<label>43</label>
	</publication>
	<publication>
		<title>Design and Evaluation of A Scalable Java-Internet Computing Environment</title>
		<authors>JLee,Chun-MokChung,Pil-SupShin,Sang-KyumRoh,Won-KeeHong,Maeng-HyeSeon,Shin-DugKim</authors>
		<jconf>International Journal of Parallel and Distributed Systems and Networks ESCI paper</jconf>
		<label>43</label>
	</publication>
	<publication>
		<title>Modeling overlapped operation between the control unit and processing elements in an SIMD machine</title>
		<authors>JLee,SDKim,MANichols,HJSiegel</authors>
		<jconf>Journal of Parallel and Distributed Computing</jconf>
		<label>43</label>
	</publication>
	<publication>
		<title>Impact of the Memory Interface Structure in the Memory-Processor Integrated Architecture for Computer Vision</title>
		<authors>JLee,YSKim,TDHan,SDKim</authors>
		<jconf>Journal of Systems Architecture ESCI paper</jconf>
		<label>43</label>
	</publication>
	<publication>
		<title>Mapping of Neural Networks onto the Memory-Processor Integrated Architecture</title>
		<authors>JLee,YKim,MJNoh,TDHan,SDKim</authors>
		<jconf>Neural Networks SCI Scalable Coherent Interface</jconf>
		<label>43</label>
	</publication>
	<publication>
		<title>An Adaptive Parallel Computer Vision System</title>
		<authors>JLee,JMKim,YKim,SDKim,TDHan,SBYang</authors>
		<jconf>Int l Journal of Pattern Recognition and AI Artificial Intelligence</jconf>
		<label>43</label>
	</publication>
	<publication>
		<title>Adaptive Guidance for Mobile Robots in Intelligent Infrastructure</title>
		<authors>Joo-HoLee,NoriakiAndo,TeruhisaYakushi,KatsunoriNakajima,TohruKagoshima,HidekiHashimoto</authors>
		<jconf>IEEE RSJ International Conference Intelligent Robots and Systems</jconf>
		<label>47</label>
	</publication>
	<publication>
		<title>Intelligent Space and Mobile Robots</title>
		<authors>Joo-HoLee,GuidoAppenzeller,HidekiHashimoto,FumioHarashima</authors>
		<jconf>Korea Joint Workshop Future Communication and Intelligent Control</jconf>
		<label>47</label>
	</publication>
	<publication>
		<title>Applying Intelligent Space to Warehouse - The First Step of Intelligent Space Project -</title>
		<authors>Joo-HoLee,NoriakiAndo,TeruhisaYakushi,KatsunoriNakajima,TohruKagoshima,HidekiHashimoto</authors>
		<jconf>IEEE ASME International Conference Advanced Intelligent Mechatronics</jconf>
		<label>47</label>
	</publication>
	<publication>
		<title>An Exporatory Study of Teaching a Case Method Online</title>
		<authors>HuynhMinhQ,Jae-NamLee,KwokRonChi-wai,Pi-Shih-Ming</authors>
		<jconf>Information Resources Management Association International Conference</jconf>
		<label>48</label>
	</publication>
	<publication>
		<title>Role of GSS on Collaborative Learning: A Study on Quality of Feedback</title>
		<authors>KwokRonChi-wai,HuynhMinhQ,Jae-NamLee,Pi-Shih-Ming</authors>
		<jconf>International Conference Information Systems Brisbane Under Review</jconf>
		<label>48</label>
	</publication>
	<publication>
		<title>Current and Future Directions of Information Systems Outsourcing</title>
		<authors>Jae-NamLee,HuynhMinhQ,KwokRonChi-wai,Pi-Shih-Ming</authors>
		<jconf>MIS Workshop Multimedia Information Systems Quarterly Under the st Review</jconf>
		<label>48</label>
	</publication>
	<publication>
		<title>Solving D geometric constraints for assembly modeling</title>
		<authors>JLee,JaesungKim,KwangsooKim,KeunhwanChoi,JaeYeolLee</authors>
		<jconf>International Journal of Advanced Manufacturing Technology SCI Scalable Coherent Interface Expanded</jconf>
		<label>49</label>
	</publication>
	<publication>
		<title>Web-enabled feature-based modeling in a distributed design environment</title>
		<authors>JLee,JaeYeolLee,HyunKim,Sung-BaeHan</authors>
		<jconf>Proc of ASME Design Engineering Technical Conf Las Vegas DFM</jconf>
		<label>49</label>
	</publication>
	<publication>
		<title>A web-enabled approach to feature-based modeling in a distributed and collaborative design environment</title>
		<authors>JLee,JaeYeolLee,HyunKim,KwangsooKim</authors>
		<jconf>Concurrent Engineering Research and Applications SCI Scalable Coherent Interface</jconf>
		<label>49</label>
	</publication>
	<publication>
		<title>Framework for sharing product information across enterprises</title>
		<authors>HyunKim,Hyung-SunKim,Joo-HaengLee,Jin-MiJung,JaeYeolLee,Nam-ChulDo</authors>
		<jconf>th ISPE International Conf Concurrent Engineering Research and Applications</jconf>
		<label>49</label>
	</publication>
	<publication>
		<title>Network-Centric Feature-Based Modeling</title>
		<authors>JLee,HyunKim,SangBongPark,SungBaeHan</authors>
		<jconf>Pacific Conference Computer Graphics and Applications</jconf>
		<label>49</label>
	</publication>
	<publication>
		<title>Process-centric distributed collaborative design based on the web</title>
		<authors>JLee,HyunKim,JaeYeolLee,Sung-BaeHan</authors>
		<jconf>Proc of ASME Design Engineering Technical Conf Las Vegas CIE</jconf>
		<label>49</label>
	</publication>
	<publication>
		<title>Solving D geometric constraints for closed-loop assemblies</title>
		<authors>JLee,JaesungKim,KwangsooKim,JaeYeolLee,Hyung-BaeJung</authors>
		<jconf>International Journal of Advanced Manufacturing Technology SCI Scalable Coherent Interface Expanded</jconf>
		<label>49</label>
	</publication>
	<publication>
		<title>Solving D geometric constraints for modeling closed-loop assemblies</title>
		<authors>JLee,JaesungKim,KwangsooKim,JaeYeolLee</authors>
		<jconf>Proc of th International Conf Engineering Design and Automation Las Vegas</jconf>
		<label>49</label>
	</publication>
	<publication>
		<title>Interoperability and shape representation for network-centric virtual prototyping</title>
		<authors>JLee,JaeYeolLee,HyunKim,Sung-BaeHan</authors>
		<jconf>Korea Bi National Conf Geometric Modeling and Computer Graphics the World Wide Web Era Seoul Korea</jconf>
		<label>49</label>
	</publication>
	<publication>
		<title>Interoperability, shape representation, and geometric processing for network-enabled virtual prototyping</title>
		<authors>JaeYeolLee,Joo-HaengLee,HyunKim,Sung-BaeHan</authors>
		<jconf>Proc of ASME International Mechanical Engineering Congress and Exposition DFM</jconf>
		<label>49</label>
	</publication>
	<publication>
		<title>IFIP TC /TC Joint Task Group: History in the Computing Curriculum</title>
		<authors>JLee,GordonBDavis,JohnImpagliazzo,MartinCampbell-Kelly,MichaelRWilliams</authors>
		<jconf>IEEE Annals of the History of Computing</jconf>
		<label>4</label>
	</publication>
	<publication>
		<title>D-CHI: A Tunable Two-Dimensional Class Hierarchy Index for Object-Oriented Databases</title>
		<authors>JLee,Il-YeolSong,Kyu-YoungWhang,Wan-SupCho,Wook-ShinHan</authors>
		<jconf>COMPSAC International Computer Software and Applications Conference</jconf>
		<label>52</label>
	</publication>
	<publication>
		<title>Estimation of Vehicle Pose and Road Curvature Based on Perception-Net</title>
		<authors>JLee,DongYoonKim,DongmokShin,KwangSBoo,KyoungSigRoh,SukhanLee,WoongKwon</authors>
		<jconf>ICRA International Conference Robotics and Automation</jconf>
		<label>53</label>
	</publication>
	<publication>
		<title>Experiments of Decision Making Strategies for a Lane Departure Warning System</title>
		<authors>JLee,DongYoonKim,DongmokShin,KyoungSigRoh,SukhanLee,WoongKwon</authors>
		<jconf>ICRA International Conference Robotics and Automation</jconf>
		<label>53</label>
	</publication>
	<publication>
		<title>Analysis of Scaling Exponents of Waken and Sleeping Stage in EEG</title>
		<authors>JLee,Dae-JinKim,In-YoungKim,SunIKim</authors>
		<jconf>IWANN International Work Conference Artificial and Natural Neural Networks</jconf>
		<label>56</label>
	</publication>
	<publication>
		<title>A Single-Chip Programmable Platform Based on a Multithreaded Processor and Configurable Logic Clusters,</title>
		<authors>JLee,Young-DonBae,Seong-IlPark,In-CheolPark</authors>
		<jconf>IEEE Journal of Solid State Circuits</jconf>
		<label>58</label>
	</publication>
	<publication>
		<title>CLASSIC : An O n -Heuristic Algorithm for Microcode Bit Optimization Based on Incompleteness Relations,</title>
		<authors>JLee,YDChoi,ICPark,CMKyung</authors>
		<jconf>IEICE Transactions Fundamentals of Electronics Communications and Computer Sciences</jconf>
		<label>58</label>
	</publication>
	<publication>
		<title>Design Verification of Complex Microprocessor,</title>
		<authors>JLee,JSYim,CJPark,ICPark,CMKyung</authors>
		<jconf>Journal of Circuits Systems and Computers P</jconf>
		<label>58</label>
	</publication>
	<publication>
		<title>Datapath layout optimization using genetic algorithm and simulated annealing,</title>
		<authors>JLee,JSYim,ICPark,CMKyung</authors>
		<jconf>IEE Proceedings Computers and Digital Techniques P</jconf>
		<label>58</label>
	</publication>
	<publication>
		<title>SEWD:A Cache Architecture to Speed up the Misaligned Instruction Prefetch, E -D,</title>
		<authors>JLee,JSYim,ICPark,CMKyung</authors>
		<jconf>IEICE Transactions Information and Systems P</jconf>
		<label>58</label>
	</publication>
	<publication>
		<title>A New Single-Clock Flip-Flop for Half-Swing Clocking,</title>
		<authors>JLee,YSKwon,ICPark,CMKyung</authors>
		<jconf>IEICE Transactions Funmentals of Electronics Communications and Computer Sciences</jconf>
		<label>58</label>
	</publication>
	<publication>
		<title>A Hierarchical Circuit Clustering Algorithm with Stable Performance,</title>
		<authors>JLee,SJKyung,KSSeong,ICPark,CMKyung</authors>
		<jconf>IEICE Transactions Fundamentals of Electronics Communications and Computer Sciences</jconf>
		<label>58</label>
	</publication>
	<publication>
		<title>Improving Dictionary-based Code Compression in VLIW Architectures,</title>
		<authors>JLee,SJNam,ICPark,CMKyung</authors>
		<jconf>IEICE Transactions Fundamentals of Electronics Communications and Computer Science</jconf>
		<label>58</label>
	</publication>
	<publication>
		<title>Fast Precise Interrupt Handling without Associative Searching in Multiple Out-Of-Order Issue Processors,</title>
		<authors>JLee,SJNam,ICPark,CMKyung</authors>
		<jconf>IEICE Transactions Information and Systems E D P</jconf>
		<label>58</label>
	</publication>
	<publication>
		<title>MetaCore : An Application-Specific DSP Development System,</title>
		<authors>JLee,JHYang,BWKim,SJNam,YSKwon,DHLee,YHLee,SHHwang,ICPark,CMKyung</authors>
		<jconf>IEEE Transactions Very Large Scale Integration Systems</jconf>
		<label>58</label>
	</publication>
	<publication>
		<title>A TCP Tuning Daemon</title>
		<authors>JLee,TDunigan,MMathis,BTierney</authors>
		<jconf>Proceeding of IEEE Supercomputing Conference LBNL</jconf>
		<label>5</label>
	</publication>
	<publication>
		<title>Dynamic Monitoring of High-Performance Distributed Applications</title>
		<authors>DGunter,BTierney,KJackson,JLee,MStoufer</authors>
		<jconf>Proceedings of the th IEEE Symposium High Performance Distributed Computing HPDC High Performance Distributed Computing Symposium Edinburgh Scotland LBNL</jconf>
		<label>5</label>
	</publication>
	<publication>
		<title>On-Demand Grid Application Tuning and Debugging with the NetLogger Activation Service,</title>
		<authors>JLee,DGunter,BTierney,CETull,VVirmani</authors>
		<jconf>th International Workshop Grid Computing Grid LBNL</jconf>
		<label>5</label>
	</publication>
	<publication>
		<title>NetLogger: A Toolkit for Distributed System Performance Analysis</title>
		<authors>DGunter,BTierney,BCrowley,MHolding,JLee</authors>
		<jconf>Proceedings of the IEEE Mascots Conference Mascots LBNL</jconf>
		<label>5</label>
	</publication>
	<publication>
		<title>Network Characterization Service NCS</title>
		<authors>JLee,GJin,GYang,BCrowley,DAgarwal</authors>
		<jconf>Proceedings of the th IEEE Symposium High Performance Distributed Computing HPDC High Performance Distributed Computing Symposium LBNL</jconf>
		<label>5</label>
	</publication>
	<publication>
		<title>Distributed Large Data-Object Management Architecture</title>
		<authors>JLee,BrianTierney,GuojunJin,MaryRThompson,WilliamEJohnston</authors>
		<jconf>Storage and Retrieval for Image and Video Databases SPIE The International Society for Optical Engineering</jconf>
		<label>5</label>
	</publication>
	<publication>
		<title>Directions and Issues for High Data Rate Wide Area Network Environments</title>
		<authors>WJohnston,JLee,BTierney,CTull</authors>
		<jconf>Proceedings of the Computers High Energy Physics Conference CHEP LBNL viewgraphs</jconf>
		<label>5</label>
	</publication>
	<publication>
		<title>System Issues in Implementing High Speed Distributed Parallel Storage Systems</title>
		<authors>BTierney,WJohnston,HHerzog,GHoo,GJin,JLee</authors>
		<jconf>Proceedings of the USENIX the Advanced Computing Systems Association Symposium High Speed Networking LBL</jconf>
		<label>5</label>
	</publication>
	<publication>
		<title>A Data Intensive Distributed Computing Architecture for Grid Applications</title>
		<authors>BTierney,WJohnston,JLee,MThompson</authors>
		<jconf>Future Generation Computer Systems an Elsevier Journal</jconf>
		<label>5</label>
	</publication>
	<publication>
		<title>Dynamic Monitoring of High-Performance Distributed Applications</title>
		<authors>JLee,BrianTierney,DanGunter,KeithJackson,MartinStoufer</authors>
		<jconf>HPDC High Performance Distributed Computing Symposium</jconf>
		<label>5</label>
	</publication>
	<publication>
		<title>An Infrastructure for Passive Network Monitoring of Application Data Streams</title>
		<authors>JLee,DAgarwal,JMGonzalez,GJin,BTierney[</authors>
		<jconf>Passive and Active Measurement Workshop San Diego Computer Animation LBNL</jconf>
		<label>5</label>
	</publication>
	<publication>
		<title>The Image Server System: A High-Speed Parallel Distributed Data Server</title>
		<authors>BTierney,WJohnston,LTChen,HHerzog,GHoo,JLee</authors>
		<jconf>LBL Presented at the MAGIC Gigabit Network Testbed Symposium</jconf>
		<label>5</label>
	</publication>
	<publication>
		<title>High-Performance Remote Access to Climate Simulation Data: A Challenge Problem for Data Grid Technologies</title>
		<authors>BAllcock,IFoster,VNefedova,AChervenak,EDeelman,CKesselman,ASim,AShoshani,JLee,BDrach,DWilliams</authors>
		<jconf>Proceeding of the IEEE Supercomputing Conference</jconf>
		<label>5</label>
	</publication>
	<publication>
		<title>The NetLogger Methodology for High Performance Distributed Systems Performance Analysis</title>
		<authors>JLee,BTierney,WJohnston,BCrowley,GHoo,CBrooks,DGunter</authors>
		<jconf>Proceeding of IEEE High Performance Distributed Computing conference HPDC High Performance Distributed Computing Symposium LBNL viewgraphs</jconf>
		<label>5</label>
	</publication>
	<publication>
		<title>A Monitoring Sensor Management System for Grid Environments</title>
		<authors>BTierney,BCrowley,DGunter,JLee,MThompson</authors>
		<jconf>Cluster Computing Journal Baltzer Science Publications LBNL</jconf>
		<label>5</label>
	</publication>
	<publication>
		<title>Microscopic Examination of TCP Flows over Transatlantic Links</title>
		<authors>AAntony,JBlom,CdeLaat,JLee,WSjouw</authors>
		<jconf>Technical Report University of to a special issue of FGCS Fifth Generation Computer Systems</jconf>
		<label>5</label>
	</publication>
	<publication>
		<title>Using High-Speed WANs and Network Data Caches to Enable Remote and Distributed Visualization</title>
		<authors>WBethel,BTierney,JLee,DGunter,SLau</authors>
		<jconf>Proceeding of the IEEE Supercomputing Conference LBNL</jconf>
		<label>5</label>
	</publication>
	<publication>
		<title>A Monitoring Sensor Management System for Grid Environments</title>
		<authors>BTierney,BCrowley,DGunter,MHolding,JLee,MThompson</authors>
		<jconf>Proceedings of the IEEE High Performance Distributed Computing conference HPDC High Performance Distributed Computing Symposium LBNL</jconf>
		<label>5</label>
	</publication>
	<publication>
		<title>Giggle: A Framework for Constructing Scalable Replica Location Services</title>
		<authors>JLee,AChervenak,EDeelman,IFoster,AIamnitchi,CKesselman,WHoschek,PKunszt,MRipeanu,HStockinger,KStockinger,BTierney</authors>
		<jconf>Proceeding of IEEE Supercomputing Conference</jconf>
		<label>5</label>
	</publication>
	<publication>
		<title>A Monitoring Sensor Management System for Grid Environments</title>
		<authors>JLee,BrianCrowley,BrianTierney,DanGunter,MaryThompson,MasonHolding</authors>
		<jconf>HPDC High Performance Distributed Computing Symposium</jconf>
		<label>5</label>
	</publication>
	<publication>
		<title>NetLogger: A Toolkit for Distributed System Performance Analysis</title>
		<authors>JLee,BrianCrowley,BrianTierney,DanGunter,MasonHolding</authors>
		<jconf>MASCOTS INTERNATIONAL SYMPOSIUM MODELING ANALYSIS AND SIMULATION OF COMPUTER AND TELECOMMUNICATION SYSTEMS</jconf>
		<label>5</label>
	</publication>
	<publication>
		<title>A Network-Aware Distributed Storage Cache for Data Intensive Environments</title>
		<authors>JLee,BrianCrowley,BrianTierney,FredLDrake,JeremyHylton,MasonHolding</authors>
		<jconf>HPDC High Performance Distributed Computing Symposium</jconf>
		<label>5</label>
	</publication>
	<publication>
		<title>High-Speed Distributed Data Handling for On-Line Instrumentation Systems</title>
		<authors>WEJohnston,WGreiman,GHoo,JLee,BTierney,CTull</authors>
		<jconf>Proceedings of IEEE Supercomputing Conference LBNL viewgraphs</jconf>
		<label>5</label>
	</publication>
	<publication>
		<title>Real-Time Generation and Cataloguing of Large Data-Objects in Widely Distributed Environments</title>
		<authors>WJohnston,GJin,CLarsen,JLee,GHoo,MThompson,BTierney,JTerdiman</authors>
		<jconf>International Journal of Digital Libraries Special Issue Digital Libraries Medicine LBNL</jconf>
		<label>5</label>
	</publication>
	<publication>
		<title>End-to-End Performance Analysis of High Speed Distributed Storage Systems in Wide Area ATM Networks</title>
		<authors>BTierney,WJohnston,JLee,GHoo,MThompson</authors>
		<jconf>NASA Goddard Conference Mass Storage Systems and Technologies LBNL viewgraphs</jconf>
		<label>5</label>
	</publication>
	<publication>
		<title>Monitoring Data Archives for Grid Environments</title>
		<authors>JLee,DGunter,MStoufer,BTierney</authors>
		<jconf>Proceeding of IEEE Supercomputing Conference LBNL</jconf>
		<label>5</label>
	</publication>
	<publication>
		<title>Applied Techniques for High Bandwidth Data Transfers across Wide Area Networks</title>
		<authors>JLee,DGunter,BTierney,WAllock,JBester,JBresnahan,STuecke</authors>
		<jconf>Proceedings of Computers High Energy Physics CHEP Beijing LBNL</jconf>
		<label>5</label>
	</publication>
	<publication>
		<title>Enabling Network Measurement Portability Through a Hierarchy of Characteristics</title>
		<authors>JLee,BLowekamp,BTierney,LesCottrell,RHughes-Jones,TKielmann,MSwany</authors>
		<jconf>th International Workshop Grid Computing Grid LBNL</jconf>
		<label>5</label>
	</publication>
	<publication>
		<title>A Network-Aware Distributed Storage Cache for Data Intensive Environments</title>
		<authors>BTierney,JLee,BCrowley,MHolding,JHylton,FDrake</authors>
		<jconf>Proceedings of IEEE High Performance Distributed Computing conference HPDC High Performance Distributed Computing Symposium LBNL</jconf>
		<label>5</label>
	</publication>
	<publication>
		<title>Using NetLogger for Distributed Systems Performance Analysis of the BaBar Data Analysis System</title>
		<authors>JLee,BTierney,DGunter,JBecla,BJacobsen,DQuarrie</authors>
		<jconf>Proceedings of Computers High Energy Physics CHEP LBNL</jconf>
		<label>5</label>
	</publication>
	<publication>
		<title>Multi-QoS Services in ATM Switching Systems,</title>
		<authors>JisooPark,ChanghwanOh,JeeHwanAhn,Jeong-ALee,KiseonKim</authors>
		<jconf>IEICE Transaction Communications E B</jconf>
		<label>61</label>
	</publication>
	<publication>
		<title>A Simulation Model for the SDC On-line Processing Farm,</title>
		<authors>CWang,YChen,JDorenbosch,JLee</authors>
		<jconf>IEEE Nuclear Science Symposium and Medical Imaging Conference</jconf>
		<label>61</label>
	</publication>
	<publication>
		<title>Early Deployment Strategy of Public Wireless LAN Services Using Ipv Technology</title>
		<authors>JLee,Ki-ShikPark,Myung-KiShin,Yong-JinKim,YongGeunHong</authors>
		<jconf>PDPTA Parallel and Distributed Processing Techniques and Applications</jconf>
		<label>62</label>
	</publication>
	<publication>
		<title>A Cost-Based Replacement Algorithm for Object Buffers</title>
		<authors>JLee,Chong-MokPark,Il-YeolSong,Kyu-YoungWhang</authors>
		<jconf>COMPSAC International Computer Software and Applications Conference</jconf>
		<label>63</label>
	</publication>
	<publication>
		<title>Reversible Computation in Asynchronous Cellular Automata</title>
		<authors>JLee,PFerdinand,SAdachi,KMorita,SMashiko</authors>
		<jconf>Unconventional Models of Computation Lecture Notes Computer Science Springer LNCS</jconf>
		<label>65</label>
	</publication>
	<publication>
		<title>Resilient Remote Sensing: Fusing Remote Sensing with Information Resiliency</title>
		<authors>STaylor,TAchalakul,JoohanLee,KLhee,SRobila</authors>
		<jconf>National Symposium Sensor and Data Fusion</jconf>
		<label>67</label>
	</publication>
	<publication>
		<title>Cross-Language Text Retrieval Based on Document Translation Using Japanese-to-Korean MT System,</title>
		<authors>Oh-WoogKwon,InsuKang,Jong-HyeokLee,GeunbaeLee</authors>
		<jconf>NLPRS Natural Language Processing Pacific Rim Symposium Phuket</jconf>
		<label>6</label>
	</publication>
	<publication>
		<title>Cross-Language Text Retrieval by Query Translation Using Term Reweighting</title>
		<authors>JLee,GeunbaeLee,InsuKang,Oh-WoogKwon</authors>
		<jconf>IJPRAI International Journal of Pattern Recognition and Artificial Intelligence</jconf>
		<label>6</label>
	</publication>
	<publication>
		<title>Lexical Transfer Ambiguity Resolution Using Automatically-Extracted Concept Co-occurrence Information,</title>
		<authors>Hui-FengLi,NamwonHeo,KyonghiMoon,Jong-HyeokLee,GeunbaeLee</authors>
		<jconf>Computer Processing of Oriental Languages An Int l J of CLCS OLCS to be published</jconf>
		<label>6</label>
	</publication>
	<publication>
		<title>Word Sense Disambiguation Using Neural Networks with Concept Co-occurrence Information</title>
		<authors>JLee,Kyoung-HiMoon,Sin-JaeKang,You-JinChung</authors>
		<jconf>NLPRS Natural Language Processing Pacific Rim Symposium</jconf>
		<label>6</label>
	</publication>
	<publication>
		<title>Collocation-Based Transfer Method in Japanese-Korean Machine Translation,</title>
		<authors>Chul-JaePark,Jong-HyeokLee,GeunbaeLee,KKakei</authors>
		<jconf>Trans of Information Processing Society of written Japanese</jconf>
		<label>6</label>
	</publication>
	<publication>
		<title>A Multi-level Linguistic Approach to Disambiguation of Japanese Connective Endings,</title>
		<authors>NamwonHeo,YujinChung,KyonghiMoon,Jong-HyeokLee,GeunbaeLee</authors>
		<jconf>Communications of COLIPS An Int l J of Chinese and Oriental Languages Information Processing Society</jconf>
		<label>6</label>
	</publication>
	<publication>
		<title>Resolving the Noun Sense Ambiguity of Korean Based on Concept Co-occurrence Information,</title>
		<authors>NamwonHeo,Hui-FengLi,KyonghiMoon,Jong-HyeokLee,GeunbaeLee</authors>
		<jconf>Communications of COLIPS An Int l J of Chinese and Oriental Languages Information Processing Society</jconf>
		<label>6</label>
	</publication>
	<publication>
		<title>Cross-Language Text Retrieval by Query Translation Using Term Re-weighting,</title>
		<authors>InsuKang,Oh-WoogKwon,Jong-HyeokLee,GeunbaeLee</authors>
		<jconf>Int l J of Pattern Recognition and Artificial Intelligence to be published</jconf>
		<label>6</label>
	</publication>
	<publication>
		<title>Unlimited Vocabulary Grapheme to Phoneme Conversion for Korean TTS</title>
		<authors>JLee,ByeongchangKim,GeunbaeLee,WonIlLee</authors>
		<jconf>COLING Conference Computational Linguistics ACL Meeting of the Association for Computational Linguistics</jconf>
		<label>6</label>
	</publication>
	<publication>
		<title>Localization of a Mobile Robot using Images of a Moving Target</title>
		<authors>JLee,ByungHwaKim,DongKyuRoh,ManHyungLee</authors>
		<jconf>ICRA International Conference Robotics and Automation</jconf>
		<label>74</label>
	</publication>
	<publication>
		<title>A Study on Feature-Based Visual Servoing Control of Eight Axes-Dual Arm Robot by Utilizing Redundant Feature</title>
		<authors>JLee,JaeWeonChoi,KSon,MCLee,ManHyungLee,Seung-HyunHan</authors>
		<jconf>ICRA International Conference Robotics and Automation</jconf>
		<label>74</label>
	</publication>
	<publication>
		<title>Model-based D face capture with shape-from-silhouettes</title>
		<authors>BMoghaddam,JLee,HPfister,RMachiraju</authors>
		<jconf>IEEE International Workshop Analysis and Modeling of Faces and Gestures Nice</jconf>
		<label>75</label>
	</publication>
	<publication>
		<title>The transfer function bake-off</title>
		<authors>HPfister,BLorensen,CBajaj,GKindlmann,WSchroeder,LSAvila,KMRaghu,RMachiraju,JinhoLee</authors>
		<jconf>IEEE Computer Graphics and Applications Volume Issue Page s</jconf>
		<label>75</label>
	</publication>
	<publication>
		<title>Optimal Design and Actuator Sizing of Redundantly Actuated Omni-Directional Mobile Robots</title>
		<authors>JLee,Bum-JaeYou,Byung-JuYi,Sang-RokOh,TaeBumPark,WheeKukKim</authors>
		<jconf>ICRA International Conference Robotics and Automation</jconf>
		<label>77</label>
	</publication>
	<publication>
		<title>Singularity-Free Algorithms and Design Scheme for a New -DOF Parallel Haptic Device</title>
		<authors>JLee,Byung-JuYi,HyungWookKim,IlHongSuh</authors>
		<jconf>ICRA International Conference Robotics and Automation</jconf>
		<label>77</label>
	</publication>
	<publication>
		<title>Impulse Measure Based Performance Analysis of Sawing Task by Dual Arm</title>
		<authors>JLee,Byung-JuYi,IlHongSuh,Sang-RokOh</authors>
		<jconf>ICRA International Conference Robotics and Automation</jconf>
		<label>77</label>
	</publication>
	<publication>
		<title>Mobile PKI: A PKI-Based Authentication Framework for the Next Generation Mobile Communications</title>
		<authors>JLee,JabeomGu,JaehoonNah,OhyoungSong,SehyunPark,SungWonSohn</authors>
		<jconf>ACISP Australasian Conference Information Security and Privacy</jconf>
		<label>78</label>
	</publication>
	<publication>
		<title>New competitive strategies for searching in unknown star-shaped polygons,</title>
		<authors>Jae-HaLee,Chan-SuShin,Jae-HoonKim,SungYongShin,Kyung-YongChwa</authors>
		<jconf>th ACM Symposium Computational Geometry SoCG Nice</jconf>
		<label>7</label>
	</publication>
	<publication>
		<title>Approximation of Curvature-constrained Shortest Paths through a Sequence of Points</title>
		<authors>Jae-HaLee,OtfriedCheong,Woo-CheolKwon,SungYongShin,Kyung-YongChwa</authors>
		<jconf>Proc of European Symposium Algorithm ESA European Symposium Algorithms Saarbruecken Lecture Notes Computer Science Pages</jconf>
		<label>7</label>
	</publication>
	<publication>
		<title>Isomorphism classes of concrete graph coverings</title>
		<authors>JLee,RongquanFeng,JinHoKwak,JuyoungKim</authors>
		<jconf>SIAM Society for Industrial and Applied Mathematics J Discrete Math C C M</jconf>
		<label>81</label>
	</publication>
	<publication>
		<title>Isomorphism Classes of Concrete Graph Coverings</title>
		<authors>JLee,JinHoKwak,JuyoungKim,RongquanFeng</authors>
		<jconf>SIAM Society for Industrial and Applied Mathematics J Discrete Math</jconf>
		<label>81</label>
	</publication>
	<publication>
		<title>Object-Oriented Design of Main-Memory DBMS for Real-Time Applications,</title>
		<authors>SKCha,JHPark,SJLee,SHSong,BDPark,JSLee,SYPark,GBKim</authors>
		<jconf>Proceedings of Int l Workshop Real Time Computing Systems and Applications</jconf>
		<label>82</label>
	</publication>
	<publication>
		<title>An Extensible Architecture for Main-Memory Real-Time Storage Systems,</title>
		<authors>SKCha,JHPark,SJLee,BDPark,JSLee</authors>
		<jconf>Proceedings of rd Int l Workshop Real Time Computing Systems and Applications</jconf>
		<label>82</label>
	</publication>
	<publication>
		<title>A High-Performance Spatial Storage Based on Main-Memory Database Architecture</title>
		<authors>JLee,JangHoPark,KiHongKim,MinSeokSong,SangKyunCha,SanghoLee</authors>
		<jconf>DEXA Database and Expert Systems Applications</jconf>
		<label>82</label>
	</publication>
	<publication>
		<title>A High-Performance Spatial Storage System based on Main-Memory Database Architecture,</title>
		<authors>JangHoPark,KihongKim,SangKCha,MinSeokSong,SanghoLee,JuchangLee</authors>
		<jconf>Proceedings of DEXA Database and Expert Systems Applications Conference</jconf>
		<label>82</label>
	</publication>
	<publication>
		<title>Xmas: An Extensible Main-Memory Storage System,</title>
		<authors>JLee,JHPark,BDPark,SKCha</authors>
		<jconf>Proceedings of th ACM Int l Conference Information and Knowledge Management pages OHP slides presented the conference</jconf>
		<label>82</label>
	</publication>
	<publication>
		<title>Xmas: An Extensible Main-Memory Storage System for High-Performance Applications,</title>
		<authors>JLee,JHPark,SKCha,etal</authors>
		<jconf>Proceedings of ACM SIGMOD International Conference Management of Data pages</jconf>
		<label>82</label>
	</publication>
	<publication>
		<title>An Extensible Main-Memory DBMS Kernel for High-Performance Embedded Applications,</title>
		<authors>JLee,JHPark,SHLee,MSSong,SKCha</authors>
		<jconf>Proceedings of ITC International Test Conference CSCC</jconf>
		<label>82</label>
	</publication>
	<publication>
		<title>Design Of A New -DOF Parallel Haptic Device</title>
		<authors>JLee,Byung-JuYi,IlHongSuh,KwangSikEom</authors>
		<jconf>ICRA International Conference Robotics and Automation</jconf>
		<label>83</label>
	</publication>
	<publication>
		<title>Optimal Design of a Five-Bar Finger with Redundant Actuation</title>
		<authors>JLee,Byung-JuYi,IlHongSuh,Sang-RokOh</authors>
		<jconf>ICRA International Conference Robotics and Automation</jconf>
		<label>83</label>
	</publication>
	<publication>
		<title>TCP-PR: TCP for Persistent Packet Reorderin</title>
		<authors>JLee,ChansookLim,Jo&amp;atilde,oPHespanha,KatiaObraczka,StephanBohacek</authors>
		<jconf>ICDCS International Conference Distributed Computing Systems</jconf>
		<label>86</label>
	</publication>
	<publication>
		<title>A hybrid systems modeling framework for fast and accurate simulation of data communication networks</title>
		<authors>JLee,Jo&amp;atilde,oPHespanha,KatiaObraczka,StephanBohacek</authors>
		<jconf>SIGMETRICS Measurement and Modeling of Computer Systems</jconf>
		<label>86</label>
	</publication>
	<publication>
		<title>Supporting Multi-User, Multi-Applet Workspaces in CBE</title>
		<authors>JLee,AtulPrakash,GwobawWu,TrentJaeger</authors>
		<jconf>CSCW Conference Computer Supported Cooperative Work</jconf>
		<label>88</label>
	</publication>
	<publication>
		<title>Using a process handbook to design organizational processes</title>
		<authors>CDellarocas,JLee,TWMalone,KCrowston,BPentland</authors>
		<jconf>Proc of AAAI National Conference Artificial Intelligence Symposium Computational Organization Design Computer Animation</jconf>
		<label>8</label>
	</publication>
	<publication>
		<title>Selective Multi-Resolution Motion Estimation Using Half-pixel Accuracy and Characteristics of Motion Vectors</title>
		<authors>InSungHa,KuhnIlLee,SeongGeunKwon,SeungJinLee,SukHwanLee</authors>
		<jconf>PICS Image Processing Image Quality Image Capture Systems Conference</jconf>
		<label>96</label>
	</publication>
	<publication>
		<title>A New Bocking Artifact Reduction Algorithm Using Adaptive Filter Based on the Classification of Block Boundary Area</title>
		<authors>GunWooLee,KuhnIlLee,SeongGeunKwon,SeungJinLee,SukHwanLee</authors>
		<jconf>PICS Image Processing Image Quality Image Capture Systems Conference</jconf>
		<label>96</label>
	</publication>
	<publication>
		<title>On the design and evaluation of a multi-dimensional approach to information retrieval</title>
		<authors>JLee,AbdurChowdhury,DavidAGrossman,MCatherineMcCabe,OphirFrieder</authors>
		<jconf>SIGIR Research and Development Information Retrieval</jconf>
		<label>98</label>
	</publication>
	<publication>
		<title>A Statistical Model for Korean Text Segmentation Using Syllable-Level Bigrams,</title>
		<authors>JLee,JoongHoShin,JoonHoLee,HyukRoPark,SunHoKim</authors>
		<jconf>Natural Language Processing Pacific Rim Symposium Phuket</jconf>
		<label>9</label>
	</publication>
	<publication>
		<title>The Effect of Positive Compensation on Retrieval Effectiveness,</title>
		<authors>WonYongKim,JoonHoLee,MyoungHoKim,YoonJoonLee</authors>
		<jconf>International Fuzzy Systems Association World Congress Seoul Korea</jconf>
		<label>9</label>
	</publication>
	<publication>
		<title>An Effective Indexing Method for Korean Text Retrieval,</title>
		<authors>JLee,JoonHoLee,JeongSooAhn,JoongHoShin</authors>
		<jconf>Workshop Information Retrieval with Oriental Languages Taejon Korea</jconf>
		<label>9</label>
	</publication>
	<publication>
		<title>Enhancing the Fuzzy Set Model with Positively Compensatory Operators,</title>
		<authors>JoonHoLee,WonYongKim,MyoungHoKim,YoonJoonLee</authors>
		<jconf>International Symposium Database Systems Advanced Applications Taejon Korea</jconf>
		<label>9</label>
	</publication>
	<publication>
		<title>On the Evaluation of Boolean Operators in the Extended Boolean Retrieval Framework,</title>
		<authors>JoonHoLee,WonYongKim,MyoungHoKim,YoonJoonLee</authors>
		<jconf>ACM SIGIR Research and Development Information Retrieval Conference Research and Development Information Retrieval</jconf>
		<label>9</label>
	</publication>
	<publication>
		<title>Using Multiple Relevance Feedback Methods for High Retrieval Effectiveness,</title>
		<authors>JLee,KyiHoLee,JoonHoLee,KyuChulLee</authors>
		<jconf>Workshop Information Retrieval Asian Languages Tshkuba shi</jconf>
		<label>9</label>
	</publication>
</person>
