<?xml version="1.0" encoding="utf-8"?>
<person>
	<FullName>JRobinson</FullName>
	<publication>
		<title>Modelling of Centralized Concurrency Control in a Multi-System Environment</title>
		<authors>JRobinson,BalakrishnaRIyer,DanielMDias,DouglasWCornell,PhilipSYu</authors>
		<jconf>SIGMETRICS Measurement and Modeling of Computer Systems</jconf>
		<label>1</label>
	</publication>
	<publication>
		<title>IBM Memory Expansion Technology MXT</title>
		<authors>JRobinson,CharlesOSchulz,MichaelEWazlowski,PMauriceBland,PeterAFranaszek,RBrettTremaine,TBasilSmith</authors>
		<jconf>IBM Journal of Research and Development</jconf>
		<label>1</label>
	</publication>
	<publication>
		<title>A Framework for Understanding Distributed Deadlock Detection Algorithms</title>
		<authors>JRobinson,AnilNigam,HenryFKorth,RaviKrishnamurthy</authors>
		<jconf>PODS Symposium Principles of Database Systems</jconf>
		<label>1</label>
	</publication>
	<publication>
		<title>Alogrithms and data structures for compressed-memory machines</title>
		<authors>JRobinson,DanEPoff,PeterAFranaszek,PhilipHeidelberger</authors>
		<jconf>IBM Journal of Research and Development</jconf>
		<label>1</label>
	</publication>
	<publication>
		<title>Distributed concurrency control based on limited wait-depth</title>
		<authors>JRobinson,PFranaszek,JRHaritsa,,AThomasian</authors>
		<jconf>IEEE Trans Parallel and Distributed Systems</jconf>
		<label>1</label>
	</publication>
	<publication>
		<title>Distributed Concurrency Control with Limited Wait-Depth</title>
		<authors>JRobinson,AlexanderThomasian,JayantRHaritsa,PeterAFranaszek</authors>
		<jconf>ICDCS International Conference Distributed Computing Systems</jconf>
		<label>1</label>
	</publication>
	<publication>
		<title>Distributed Concurrency Control Analysis for Data Sharing</title>
		<authors>JRobinson,BalakrishnaRIyer,DanielMDias,DouglasCornell,PhilipSYu</authors>
		<jconf>Int CMG Computer Measurement Group Conference</jconf>
		<label>1</label>
	</publication>
	<publication>
		<title>Exploiting Parallelism in Primitive Operations on Bulk Data Types</title>
		<authors>JRobinson,MEWaite,NeilDewhurst,SimonHLavington</authors>
		<jconf>PARLE Parallel Architectures and Languages Europe</jconf>
		<label>4</label>
	</publication>
	<publication>
		<title>A High Performance Relational Algebraic Processor for Large Knowledge Bases</title>
		<authors>SHLavington,JRobinson,KYMok,</authors>
		<jconf>Proc International Workshop VLSI Very Large Scale Integration for Artificial Intelligence Eds J G Delgado Frias W R Kluwer Academic</jconf>
		<label>4</label>
	</publication>
	<publication>
		<title>Exploiting Parallelism in Primitive Operations on Bulk Data Types: Some Results</title>
		<authors>SHLavington,MEWaite,JRobinson,NEJDewhurst,</authors>
		<jconf>International Journal of Computers Artificial Intelligence</jconf>
		<label>4</label>
	</publication>
	<publication>
		<title>The Wristcam as Input Device</title>
		<authors>JRobinson,AVardy,JARobinson,L-TCheng</authors>
		<jconf>Proceedings of the Third International Symposium Wearable Computers San Francisco</jconf>
		<label>5</label>
	</publication>
	<publication>
		<title>Visual Cryptography: Threshold Schemes and Information Hiding</title>
		<authors>JRobinson,LXiao,HHeys,JARobinson</authors>
		<jconf>Proceedings of the Newfoundland Electrical and Computer Engineering Conference NECEC St John s Newfoundland</jconf>
		<label>5</label>
	</publication>
	<publication>
		<title>Using the GRID for Biodiversity Research: The GRAB Demonstrator</title>
		<authors>JRobinson,AndrewCJones,JonathanGiddy,NJFiddian,WAGray</authors>
		<jconf>SSDBM Statistical and Scientific Database Management</jconf>
		<label>6</label>
	</publication>
	<publication>
		<title>LITCHI: Knowledge Integrity Testing for Taxonomic Databases</title>
		<authors>JRobinson,AndrewCJones,FrankABisby,IainSutherland,RichardJWhite,SueMBrandt,SuzanneMEmbury,WAGray</authors>
		<jconf>SSDBM Statistical and Scientific Database Management</jconf>
		<label>6</label>
	</publication>
	<publication>
		<title>Conflict Detection for Integration of Taxonomic Data Sources</title>
		<authors>JRobinson,AndrewCJones,FrankABisby,IainSutherland,RichardJWhite,SueMBrandt,SuzanneMEmbury,WAGray</authors>
		<jconf>SSDBM Statistical and Scientific Database Management</jconf>
		<label>6</label>
	</publication>
	<publication>
		<title>Techniques for Effective Integration, Maintenance and Evolution of Species Databases</title>
		<authors>JRobinson,AndrewCJones,FrankABisby,IainSutherland,RichardJWhite,SueMBrandt,SuzanneMEmbury,WAGray</authors>
		<jconf>SSDBM Statistical and Scientific Database Management</jconf>
		<label>6</label>
	</publication>
	<publication>
		<title>SPICE: A Flexible Architecture for Integrating Autonomous Databases to Comprise a Distributed Catalogue of Life</title>
		<authors>JRobinson,AndrewCJones,FrankABisby,NJFiddian,NickPittas,RichardJWhite,SueMBrandt,WAGray,XuebiaoXu</authors>
		<jconf>DEXA Database and Expert Systems Applications</jconf>
		<label>6</label>
	</publication>
	<publication>
		<title>A Task Migration Implementation of the Message-Passing Interface</title>
		<authors>JRobinson,Bj&amp;oslash,rnHeckel,BrianKFlachs,SamuelHRuss</authors>
		<jconf>HPDC High Performance Distributed Computing Symposium</jconf>
		<label>7</label>
	</publication>
	<publication>
		<title>Hectiling: An Integration of Fine and Coarse-Grained Load-Balancing Strategies</title>
		<authors>JRobinson,BharathiJanapareddi,IoanaBanicescu,RongLu,SamuelHRuss,SheikhGhafoor</authors>
		<jconf>HPDC High Performance Distributed Computing Symposium</jconf>
		<label>7</label>
	</publication>
	<publication>
		<title>Cost Analysis for a Multiple Product / Multiple Process Factory: Application of SEMATECH's Future Factory Design Methodology,</title>
		<authors>ENeacy,NAbt,SBrown,MMcDavid,JRobinson,SSrodes,TStanley</authors>
		<jconf>Proceedings of the Advanced Semiconductor Manufacturing Conference abstract</jconf>
		<label>9</label>
	</publication>
	<publication>
		<title>Experimenting with Large-Scale Semiconductor Manufacturing Simulations: A Frequency Domain Approach to Factor Screening,</title>
		<authors>JRobinson,JKRobinson,LWSchruben,JWFowler</authors>
		<jconf>Proceedings of the Institute of Industrial Engineers Research Conference Los Angeles Computer Animation abstract</jconf>
		<label>9</label>
	</publication>
	<publication>
		<title>A Review of Real-Time Control Strategies for Furnace Batch Sizing in Semiconductor Manufacturing</title>
		<authors>JRobinson,JKRobinson,JWFowler,JFBard</authors>
		<jconf>abstract Request the paper from my company s website</jconf>
		<label>9</label>
	</publication>
	<publication>
		<title>The Use of Upstream and Downstream Information in Scheduling Semiconductor Batch Operations,</title>
		<authors>JRobinson,JKRobinson,JWFowler,JFBard</authors>
		<jconf>International Journal of Production Research abstract</jconf>
		<label>9</label>
	</publication>
	<publication>
		<title>A Design of Experiments Methodology for Semiconductor Wafer Fab Capacity Planning</title>
		<authors>JRobinson,FChance,JKRobinson,JWFowler,OGihr,BRodriguez,LWSchruben</authors>
		<jconf>abstract See also SEMATECH Technology Transfer A TR Request the paper from my company s website</jconf>
		<label>9</label>
	</publication>
	<publication>
		<title>Getting To Good Answers: Effective Methods For Validating Complex Models,</title>
		<authors>JRobinson,FChance,JKRobinson,NWinter</authors>
		<jconf>Proceedings of the SMOMS Conference San Jose Computer Animation abstract Request the paper from my company s website</jconf>
		<label>9</label>
	</publication>
	<publication>
		<title>Supporting Manufacturing With Simulation: Model Design, Development, and Deployment,</title>
		<authors>JRobinson,FChance,JKRobinson,JWFowler</authors>
		<jconf>Proceedings of the Winter Simulation Conference San Diego Computer Animation Abstract Request the paper from my company s website</jconf>
		<label>9</label>
	</publication>
	<publication>
		<title>Effective Implementation Of Cycle Time Reduction Strategies For Semiconductor Back-End Manufacturing,</title>
		<authors>JRobinson,JDomaschke,SBrown,JKRobinson,FLeibl</authors>
		<jconf>Proceedings of the Winter Simulation Conference DC Abstract Request the paper from my company s website</jconf>
		<label>9</label>
	</publication>
	<publication>
		<title>Integrating Targeted Cycle-Time Reduction Into The Capital Planning Process,</title>
		<authors>JRobinson,NSGrewal,ACBruska,TMWulf,JKRobinson</authors>
		<jconf>Proceedings of the Winter Simulation Conference DC Abstract Request the paper from my company s website</jconf>
		<label>9</label>
	</publication>
</person>
