<?xml version="1.0" encoding="utf-8"?>
<person>
	<FullName>JSmith</FullName>
	<publication>
		<title>Protein Structure Prediction With Evolutionary Algorithms</title>
		<authors>JSmith,NKrasnogor,WHart,JESmith,DPelta</authors>
		<jconf>Proceedings of Genetic and Evolutionary Computation Conference Banzhaf Daida Eiben Garzon Honovar Jakiela and Smith editors Morgan Kaufmann</jconf>
		<label>10</label>
	</publication>
	<publication>
		<title>A hybrid genetic algorithm to solve a lot sizing and scheduling problem</title>
		<authors>JSmith,AStaggemeier,AClarke,UAickelin,JESmith</authors>
		<jconf>Proceedings of the Conference of International Federation of Operational Research Societies</jconf>
		<label>10</label>
	</publication>
	<publication>
		<title>Alignment of Protein Structures with a Memetic Evolutionary Algorithm</title>
		<authors>BCarr,WHart,NKrasnogor,JHirst,EBurke,JSmith</authors>
		<jconf>Langdon et eds Proceedings of the Genetic and Evolutionary Computation Conference Morgan Kaufmann</jconf>
		<label>10</label>
	</publication>
	<publication>
		<title>A Parallel Algebra for Object Databases</title>
		<authors>JSmith,NormanWPaton,PaulWatson,SandradeFMendesSampaio</authors>
		<jconf>DEXA Database and Expert Systems Applications Workshop</jconf>
		<label>11</label>
	</publication>
	<publication>
		<title>Experimenting with Object Navigation in Parallel Object Databases</title>
		<authors>JSmith,NormanWPaton,PaulWatson,SandradeFMendesSampaio</authors>
		<jconf>DEXA Database and Expert Systems Applications Workshop</jconf>
		<label>11</label>
	</publication>
	<publication>
		<title>Polar: An Architecture for a Parallel ODMG Compliant Object Database</title>
		<authors>JSmith,NormanWPaton,PaulWatson,SandradeFMendesSampaio</authors>
		<jconf>CIKM International Conference Information and Knowledge Management</jconf>
		<label>11</label>
	</publication>
	<publication>
		<title>Concurrently operating computer systems</title>
		<authors>JSmith,AlanLLeiner,RosalindBMarimont,WANotz</authors>
		<jconf>IFIP International Federation for Information Processing Congress</jconf>
		<label>12</label>
	</publication>
	<publication>
		<title>On the Configurations Accessible to Folded and Denatured Proteins</title>
		<authors>JSmith,JCSMITH,PCALMETTES,DDURAND,MDESMADRIL,SFUROIS-CORBIN,GRKNELLER,BROUX</authors>
		<jconf>Statistical Mechanics Protein Structure and Protein Substrate Interactions Ed S Doniach Plenum Press New</jconf>
		<label>16</label>
	</publication>
	<publication>
		<title>Supramolecular Interactions and Atomic Dynamics in Proteins and Peptide Crystals</title>
		<authors>JSmith,JCSMITH,DDURAND,MJFIELD,SFUROIS-CORBIN,GRKNELLER,BROUX</authors>
		<jconf>Jumps Lattice waves and Liquid Like Diffusion Computational Approaches Supramolecular Chemistry Ed G Wipff Kluwer</jconf>
		<label>16</label>
	</publication>
	<publication>
		<title>Temperature-Dependence of Myoglobin Dynamics: Neutron Spectra Calculated from Molecular Dynamics Simulations of Myoglobin</title>
		<authors>JSmith,JCSMITH,KKUCZERA,,MKARPLUS</authors>
		<jconf>Proceedings of the National Academy of Sciences U S A</jconf>
		<label>16</label>
	</publication>
	<publication>
		<title>Quantum Chemical and Free Energy Simulation Analysis of Retinal Conformational Energetics</title>
		<authors>JSmith,Beno&amp;icirc,tRoux,J&amp;eacute,r&amp;ocirc,meBaudry,SergeCrouzy</authors>
		<jconf>Journal of Chemical Information and Computer Sciences</jconf>
		<label>16</label>
	</publication>
	<publication>
		<title>Protein Folding and Dynamics - New Insights from Computer Simulation and Scattering Experiments</title>
		<authors>JSmith,NBONDAR,RDANIEL,JLFINNEY,SFISCHER,MKATAOKA,APETRESCU,JCSMITH</authors>
		<jconf>Journal of the Physical Society of Suppl A Proc Int Symp ASR Eds S Katano N Metoki Y Morii and Y Ishii</jconf>
		<label>16</label>
	</publication>
	<publication>
		<title>Derivation of a Molecular Mechanics Force Field for Cholesterol</title>
		<authors>JSmith,ZCOURNIA,ACVAIANA,GMULLMANN,JCSMITH</authors>
		<jconf>Journal of Pure and Applied Chemistry Press</jconf>
		<label>16</label>
	</publication>
	<publication>
		<title>Low Frequency Dynamics of BPTI Studied by Inelastic Neutron Scattering</title>
		<authors>JSmith,SCUSACK,JCSMITH,MKARPLUS,JLFINNEY</authors>
		<jconf>Structure Dynamics and Function of Biomolecules Eds Ehrenberg Rigler Graslund and Nilsson Springer Verlag</jconf>
		<label>16</label>
	</publication>
	<publication>
		<title>Cryosolvents useful for protein and enzyme studies below ^oC</title>
		<authors>JSmith,VREAT,JLFINNEY,WASTEER,MAROBERTS,JCSMITH,RDUNN,MPETERSON,RMDANIEL</authors>
		<jconf>Journal of Biochemical and Biophysical Methods</jconf>
		<label>16</label>
	</publication>
	<publication>
		<title>Solvent dependence of dynamic transitions in protein solutions</title>
		<authors>JSmith,VREAT,RDUNN,MFERRAND,JLFINNEY,RMDANIEL,JCSMITH</authors>
		<jconf>Proceedings of the National Academy of Sciences U S A</jconf>
		<label>16</label>
	</publication>
	<publication>
		<title>Dynamics of Proteins: Spectroscopy, Scattering and Simulations</title>
		<authors>JSmith,ERITTGER,GRKNELLER,AMICU,MSOUAILLE,JCSMITH</authors>
		<jconf>AIP Conference Proceedings E C C C Computational Chemistry Eds F Bernardi and J L Rivail American Institute of Physics New</jconf>
		<label>16</label>
	</publication>
	<publication>
		<title>The Role of Dynamics in Enzyme Activity</title>
		<authors>JSmith,RMDANIEL,RVDUNN,JLFINNEY,JCSMITH</authors>
		<jconf>Annual Review of Biophysics Biomolecular Structure</jconf>
		<label>16</label>
	</publication>
	<publication>
		<title>Dynamics of Pure and Sodium-Doped Polyacetylene</title>
		<authors>JSmith,AJDIANOUX,GRKNELLER,JLSAUVAJOL,JCSMITH</authors>
		<jconf>AIP Conference Proceedings E C C C Computational Chemistry Eds F Bernardi and J L Rivail American Institute of Physics New</jconf>
		<label>16</label>
	</publication>
	<publication>
		<title>Theoretical Aspects of Protein Conformation</title>
		<authors>JSmith,DJBARLOW,JOBAUM,MLJDRUMMOND,JLFINNEY,JCSMITH,JMTHORNTON</authors>
		<jconf>Amino Acids Peptides and Proteins Specialist Periodical Report of the Royal Society of Chemistry</jconf>
		<label>16</label>
	</publication>
	<publication>
		<title>Collective Vibrations in the Crystalline Alanine Dipeptide at Very Low Temperature</title>
		<authors>JSmith,JBAUDRY,RLHAYWARD,HDMIDDENDORF,JCSMITH</authors>
		<jconf>Biological Macromolecular Dynamics Eds S Cusack H Buttner M Ferrand P Langan P Timmins Adenine Press</jconf>
		<label>16</label>
	</publication>
	<publication>
		<title>From Sequence to Structure and Function: Modelling and Simulation of Light-Activated Membrane Proteins</title>
		<authors>JSmith,JBAUDRY,SCROUZY,BROUX,JCSMITH</authors>
		<jconf>Genomics and Proteomics Ed S Suhai Kluwer Plenum</jconf>
		<label>16</label>
	</publication>
	<publication>
		<title>Quantum Chemical and Free Energy Simulation Analysis of Retinal Conformational Energetics</title>
		<authors>JSmith,JBAUDRY,SCROUZY,BROUX,JCSMITH</authors>
		<jconf>Journal of Chemical Information and Computer Sciences</jconf>
		<label>16</label>
	</publication>
	<publication>
		<title>Dynamics of N-Nonadecane Chains in Urea Inclusion Compounds as seen by Incoherent Quasielastic Neutron Scattering and Computer Simulation</title>
		<authors>JSmith,MSOUAILLE,JCSMITH,AJDIANOUX,FGUILLAUME</authors>
		<jconf>Observation Prediction and Simulation of Phase Transitions Complex Fluids Eds M Baus L F Rull J P Ryckaert NATO ASI Series</jconf>
		<label>16</label>
	</publication>
	<publication>
		<title>Nanosecond Protein Dynamics: First Detection of a Neutron Incoherent Spin-Echo Signal</title>
		<authors>JSmith,MCBELLISSENT-FUNEL,RDANIEL,DDURAND,MFERRAND,JLFINNEY,SPOUGET,JCSMITH</authors>
		<jconf>Journal of the American Chemical Society</jconf>
		<label>16</label>
	</publication>
	<publication>
		<title>Structural Model Derived using Molecular Mechanics for the Core of the Photosystem II Reaction Centre including the Redox Components</title>
		<authors>JSmith,BSVENSSON,CETCHEBEST,PTUFFERY,JCSMITH,SSTYRINGA</authors>
		<jconf>Proceedings IX International Congress Photo synthesis Nagoya Ed Murata Kluwer Academic Publishers</jconf>
		<label>16</label>
	</publication>
	<publication>
		<title>Potential Energy Function for Photosynthetic Reaction Centre Chromophores: Energy Minimizations of a Crystalline Bacteriopheophytin Analog</title>
		<authors>JSmith,NFOLOPPE,JBRETON,,JCSMITH</authors>
		<jconf>The Bacterial Photosynthetic Reaction Center II Structure Spectroscopy and Dynamics NATO ASI series A Life Sciences Eds J Breton and A Vermeglio</jconf>
		<label>16</label>
	</publication>
	<publication>
		<title>Fluorescence Quenching of Dyes by Tryptophan: Interactions at Atomic Detail from Combination of Experiment and Computer Simulation</title>
		<authors>JSmith,ACVAIANA,HNEUWEILER,ASCHULZ,JWOLFRUM,MSAUER,JCSMITH</authors>
		<jconf>Journal of the American Chemical Society Press</jconf>
		<label>16</label>
	</publication>
	<publication>
		<title>Protein Simulations using Supercomputers</title>
		<authors>JSmith,SFUROIS-CORBIN,GRKNELLER,JCSMITH</authors>
		<jconf>Jornades Supercomputaci a Catalunya CATSUPERCOMP Ed Fundaci Catalana per a Recerca</jconf>
		<label>16</label>
	</publication>
	<publication>
		<title>Fluctuation and Correlation in Crystalline Lysozyme</title>
		<authors>JSmith,DanielGenest,St&amp;eacute,phanieH&amp;eacute,ry</authors>
		<jconf>Journal of Chemical Information and Computer Sciences</jconf>
		<label>16</label>
	</publication>
	<publication>
		<title>Computer Simulation of Protein Unfolding</title>
		<authors>JSmith,ADGRUIA,SFISCHER,JCSMITH</authors>
		<jconf>Proceedings of High Performance Computing Science and Engineering Eds E Krause and W J ger Springer Verlag</jconf>
		<label>16</label>
	</publication>
	<publication>
		<title>Dynamics of Biomolecules: Simulation versus X-ray and Far-infrared Experiments</title>
		<authors>JSmith,SHERY,MSOUAILLE,JCSMITH</authors>
		<jconf>Biomolecular Structure and Dynamics Eds G Vergoten and T Theophanides Kluwer</jconf>
		<label>16</label>
	</publication>
	<publication>
		<title>Fluctuation and Correlation in Crystalline Lysozyme</title>
		<authors>JSmith,SHERY,DGENEST,JCSMITH</authors>
		<jconf>Journal of Chemical Information and Computer Sciences</jconf>
		<label>16</label>
	</publication>
	<publication>
		<title>Structure, Dynamics and Function of Hydrogen-Bonded Networks in Proteins and Related Systems</title>
		<authors>JSmith,JCSMITH,DDURAND,MJFIELD,SFUROIS-CORBIN,GRKNELLER,BROUX</authors>
		<jconf>Hydrogen Bonded Networks Eds J Dore and M C Belissent Funel Kluwer</jconf>
		<label>16</label>
	</publication>
	<publication>
		<title>High-Resolution Vibrational Inelastic Neutron Scattering: A New Spectroscopic Tool for Globular Proteins</title>
		<authors>JSmith,ALAMY,JCSMITH,JYUNOKI,SFPARKER,MKATAOKA</authors>
		<jconf>Journal of the American Chemical Society</jconf>
		<label>16</label>
	</publication>
	<publication>
		<title>Computer Simulations of Bio-molecular Systems: Principles and Practice</title>
		<authors>JSmith,JCSMITH,AMICU,NFOLOPPE</authors>
		<jconf>Current Topics Biophysics Ed P Frangopol Iasi University Press</jconf>
		<label>16</label>
	</publication>
	<publication>
		<title>Conformational Transitions in Proteins and Membranes</title>
		<authors>JSmith,JCSMITH,ZCOURNIA,ATALY,ALTOURNIER,DMIHAILESCU,GMULLMANN</authors>
		<jconf>Proc NATO ASI Workshop Novel Approaches Structure and Dynamics of Liquids Rhodes Ed Samios Press</jconf>
		<label>16</label>
	</publication>
	<publication>
		<title>Direct Measurement of Hydration-related Dynamic Changes in Lysozyme using Inelastic Neutron Scattering Spectroscopy</title>
		<authors>JSmith,JCSMITH,SCUSACK,PLPOOLE,JLFINNEY</authors>
		<jconf>Journal of Biomolecular Structure and Dynamics</jconf>
		<label>16</label>
	</publication>
	<publication>
		<title>Harmonic and Anharmonic Dynamics in Proteins and Molecular Crystals</title>
		<authors>JSmith,JCSMITH,JBAUDRY,SHERY,ALAMY,AMICU,MSOUAILLE</authors>
		<jconf>Nonlinear Physics Theory and Experiment Eds M Alfini M Boiti L Martina F Pempinelli World Scientific</jconf>
		<label>16</label>
	</publication>
	<publication>
		<title>Ground State Potential Surface Calculations for Butadiene and Retinal</title>
		<authors>JSmith,MNINA,BROUX,JCSMITH</authors>
		<jconf>Structures and Functions of Retinal Proteins Ed J L Rigaud INSERM John Libbey Eurotext Ltd</jconf>
		<label>16</label>
	</publication>
	<publication>
		<title>Applying Electric Field Sensing to Human-Computer Interfaces</title>
		<authors>JSmith,DavidAllport,JosephAParadiso,NeilGershenfeld,ThomasGZimmerman</authors>
		<jconf>CHI Conference Human Factors Computing Systems</jconf>
		<label>17</label>
	</publication>
	<publication>
		<title>Mapping an Application to a Control Architecture: Specification of the Problem</title>
		<authors>JSmith,KennethBaclawski,KevinMPassino,MieczyslawMKokar</authors>
		<jconf>IWSAS International Workshop Self Adaptive Software</jconf>
		<label>18</label>
	</publication>
	<publication>
		<title>Consistency Checking of RM-ODP Specifications</title>
		<authors>JSmith,JerzyLetkowski,KennethBaclawski,MieczyslawMKokar</authors>
		<jconf>WOODPECKER Workshop Open Distribute Processing Computation Knowledge Engineering and Realisation</jconf>
		<label>18</label>
	</publication>
	<publication>
		<title>A Study of Control Independence in Superscalar Processors</title>
		<authors>JSmith,EricRotenberg,QuinnJacobson,JamesESmith</authors>
		<jconf>Proceedings of the th Annual International Symposium High Performance Computer Architecture</jconf>
		<label>1</label>
	</publication>
	<publication>
		<title>Characterizing Coarse-Grained Reuse of Computation</title>
		<authors>JSmith,SSSastry,RBodik,JESmith</authors>
		<jconf>rd ACM Workshop Feedback Directed and Dynamic Optimization</jconf>
		<label>1</label>
	</publication>
	<publication>
		<title>Exploiting Idle Floating-Point Resources for Integer Execution</title>
		<authors>JSmith,SSastry,SPalacharla,JESmith</authors>
		<jconf>ACM Conference Programming Language Design and Implementation</jconf>
		<label>1</label>
	</publication>
	<publication>
		<title>Rapid Profiling via Stratified Sampling</title>
		<authors>JSmith,SSastry,RBodik,JESmith</authors>
		<jconf>th Int Symposium Computer Architecture</jconf>
		<label>1</label>
	</publication>
	<publication>
		<title>Control Flow Speculation in Multiscalar Processors</title>
		<authors>JSmith,NikhilSharma,QuinnJacobson,SteveBennett</authors>
		<jconf>HPCA International Symposium High Performance Computer Architecture</jconf>
		<label>1</label>
	</publication>
	<publication>
		<title>Assigning Confidence to Conditional Branch Predictions</title>
		<authors>JSmith,ErikJacobsen,EricRotenberg,JESmith</authors>
		<jconf>th Annual International Symposium Microarchitecture</jconf>
		<label>1</label>
	</publication>
	<publication>
		<title>Achieving High Performance via Co-Designed Virtual Machines</title>
		<authors>JSmith,JESmith,SSastry,THeil,TBezenek</authors>
		<jconf>International Workshop Innovative Architecture Maui High Performance Computer Center</jconf>
		<label>1</label>
	</publication>
	<publication>
		<title>Vector Instruction Set Support for Conditional Operations</title>
		<authors>JSmith,JamesESmith,GregFaanes,RabinSugumar</authors>
		<jconf>Proceedings of the th Annual International Symposium Computer Architecture</jconf>
		<label>1</label>
	</publication>
	<publication>
		<title>Speculative Versioning Cache</title>
		<authors>JSmith,GurindarSSohi,SridharGopal,TNVijaykumar</authors>
		<jconf>HPCA International Symposium High Performance Computer Architecture</jconf>
		<label>1</label>
	</publication>
	<publication>
		<title>The ZS- Central Processor</title>
		<authors>JSmith,BDVanderwarn,CMRozewski,DLFowler,GEDermer,JamesLaudon,KRScidmore,SDKlinger</authors>
		<jconf>ASPLOS Architectural Support for Programming Languages and Operating Systems</jconf>
		<label>1</label>
	</publication>
	<publication>
		<title>An evaluation of inquiry-based requirements analysis for an Internet service</title>
		<authors>JSmith,ColinPotts,KOta,KenjiTakahashi</authors>
		<jconf>RE IEEE Int Conf Requirements Engineering</jconf>
		<label>20</label>
	</publication>
	<publication>
		<title>Alignment Of Protein Structures With A Memetic Evolutionary Algorithm</title>
		<authors>JSmith,EdmundKBurke,JonathanHirst,NatalioKrasnogor,RobertCarr,WilliamHart</authors>
		<jconf>GECCO The Genetic and Evolutionary Computation Conference</jconf>
		<label>21</label>
	</publication>
	<publication>
		<title>Duality for some free modes</title>
		<authors>JSmith,JonathanDHSmith,KPszczola,ABRomanowska</authors>
		<jconf>Discuss Math Gen Alg and Appl Online abstract</jconf>
		<label>24</label>
	</publication>
	<publication>
		<title>Traces: Embodied Immersive Interaction with Semi Autonomous Avatars</title>
		<authors>SGPenny,JSmith,,PSengers</authors>
		<jconf>Convergence the Journal of Research into New MediaTechnologies</jconf>
		<label>28</label>
	</publication>
	<publication>
		<title>Traces: Wireless full body tracking in the CAVE</title>
		<authors>SGPenny,JSmith,,ABernhardt</authors>
		<jconf>Ninth International Conference Artificial Reality and Telexistence ICAT</jconf>
		<label>28</label>
	</publication>
	<publication>
		<title>Modeling Truss Structures using Optimizationa</title>
		<authors>JSmith,JKHodgins,IOppenheim,,AWitkin</authors>
		<jconf>SIGGRAPH Special Interest Group Computer Graphs</jconf>
		<label>28</label>
	</publication>
	<publication>
		<title>Practical management of computer ethics: computer center and computer science department approaches</title>
		<authors>JSmith,GeorgeTown,JamesAHaskett,SusanFStager</authors>
		<jconf>SIGUCCS Special Interest Group University and Computing Services</jconf>
		<label>30</label>
	</publication>
	<publication>
		<title>The TREC Video Track: Information Retrieval on Digital Video Information,</title>
		<authors>JSmith,AFSmeaton,POver,CJCostello,APdeVries,DDoermann,AHauptmann,MERorvig,JRSmith,LWu</authors>
		<jconf>Proc European Conf Digital Libraries ECDL European Conference Digital Libraries</jconf>
		<label>3</label>
	</publication>
	<publication>
		<title>Dynamic Assembly of Views in Data Cubes</title>
		<authors>JSmith,AnantJhingran,Chung-ShengLi,VittorioCastelli</authors>
		<jconf>PODS Symposium Principles of Database Systems</jconf>
		<label>3</label>
	</publication>
	<publication>
		<title>Content-based transcoding of images in the Internet,</title>
		<authors>JSmith,JRSmith,RMohan,C-SLi</authors>
		<jconf>Proc IEEE Intl Conf Image Processing</jconf>
		<label>3</label>
	</publication>
	<publication>
		<title>Combining Indexing and Learning in Iterative Refinement,</title>
		<authors>JSmith,C-SLi,VCastelli,JRSmith</authors>
		<jconf>Proc IS T SPIE The International Society for Optical Engineering Symp Electronic Imaging Science and Technology Storage Retrieval for Image and Video Databases VII San Jose Computer Animation</jconf>
		<label>3</label>
	</publication>
	<publication>
		<title>Comparing Texture Feature Sets for Retrieving Core Images in Petroleum Applications,</title>
		<authors>JSmith,C-SLi,JRSmith,VCastelli,LDBergman</authors>
		<jconf>Proc IS T SPIE The International Society for Optical Engineering Symp Electronic Imaging Science and Technology Storage Retrieval for Image and Video Databases VII San Jose Computer Animation</jconf>
		<label>3</label>
	</publication>
	<publication>
		<title>Adaptive Storage and Retrieval of Large Compressed Images,</title>
		<authors>JSmith,JRSmith,VCastelli,C-SLi</authors>
		<jconf>Proc IS T SPIE The International Society for Optical Engineering Symp Electronic Imaging Science and Technology Storage Retrieval for Image and Video Databases VII San Jose Computer Animation</jconf>
		<label>3</label>
	</publication>
	<publication>
		<title>Framework for efficient processing of content-based fuzzy Cartesian queries,</title>
		<authors>JSmith,C-SLi,YCChang,JRSmith,LBergman</authors>
		<jconf>Proc IS T SPIE The International Society for Optical Engineering Symp Electronic Imaging Science and Technology Storage Retrieval for Image and Video Databases San Jose Computer Animation</jconf>
		<label>3</label>
	</publication>
	<publication>
		<title>Model-Based Multi-Modal Information Retrieval from Large Archives</title>
		<authors>JSmith,Chung-ShengLi,LawrenceDBergman,Yuan-ChiChang</authors>
		<jconf>ICDCS International Conference Distributed Computing Systems Workshop of Knowledge Discovery and Data Mining the World Wide Web</jconf>
		<label>3</label>
	</publication>
	<publication>
		<title>Model-based mining of remotely senses data for environmental and public health applications,</title>
		<authors>JSmith,C-SLi,LDBergman,VCastelli,JRSmith,AThomasian</authors>
		<jconf>Advances Biomedical Image Databases Kluwer Academic Publishers Eds S Wong</jconf>
		<label>3</label>
	</publication>
	<publication>
		<title>Multimedia Content Description in the InfoPyramid,</title>
		<authors>JSmith,C-SLi,RMohan,JRSmith</authors>
		<jconf>Proc IEEE Intl Conf Acoustics Speech and Signal Processing ICASSP</jconf>
		<label>3</label>
	</publication>
	<publication>
		<title>EPI-SPIRE: A Bio-surveillance System for Environmental and Public Health Activity Monitoring,</title>
		<authors>JSmith,C-SLi,CAggrarwal,MCampbell,Y-CChang,GGlass,VIyengar,MJoshi,C-YLin,MNaphade,JRSmith,BTseng,MWang,K-LWu,PSYu</authors>
		<jconf>Proc IEEE Intl Conf Multimedia and Expo ICME IEEE Meta Data Conference</jconf>
		<label>3</label>
	</publication>
	<publication>
		<title>Video Texture Indexing using Spatio-temporal Wavelets,</title>
		<authors>JSmith,JRSmith,C-YLin,MNaphade</authors>
		<jconf>Proc IEEE Intl Conf Image Processing ICIP International Conference Image Processing</jconf>
		<label>3</label>
	</publication>
	<publication>
		<title>Sequential Processing for Content-Based Retrieval of Composite Objects</title>
		<authors>JSmith,Chung-ShengLi,LawrenceDBergman,VittorioCastelli</authors>
		<jconf>Storage and Retrieval for Image and Video Databases SPIE The International Society for Optical Engineering</jconf>
		<label>3</label>
	</publication>
	<publication>
		<title>SPIRE: A Progressive Content-Based Spatial Image Retrieval Engine</title>
		<authors>JSmith,Chung-ShengLi,LawrenceDBergman,VittorioCastelli</authors>
		<jconf>SIGMOD International Conference Management of Data Conference</jconf>
		<label>3</label>
	</publication>
	<publication>
		<title>Learning Concepts from Video Using Multi-modal Features,</title>
		<authors>JSmith,JRSmith,C-YLin,MRNaphade,ANatsev,BLTseng</authors>
		<jconf>Tyrrhenian International Workshop Digital Communications Capri</jconf>
		<label>3</label>
	</publication>
	<publication>
		<title>S-STIR: Similarity Search Through Iterative Refinement,</title>
		<authors>JSmith,C-SLi,JRSmith,VCastelli,</authors>
		<jconf>Proc IS T SPIE The International Society for Optical Engineering Symp Electronic Imaging Science and Technology Storage Retrieval for Image and Video Databases San Jose Computer Animation</jconf>
		<label>3</label>
	</publication>
	<publication>
		<title>The Onion Technique: Indexing for Linear Optimization Queries</title>
		<authors>JSmith,Chung-ShengLi,LawrenceDBergman,Ming-LingLo,VittorioCastelli,Yuan-ChiChang</authors>
		<jconf>SIGMOD International Conference Management of Data Conference</jconf>
		<label>3</label>
	</publication>
	<publication>
		<title>VideoAL: A end-to-end MPEG- video automatic labeling system,</title>
		<authors>JSmith,C-YLin,BTseng,MNaphade,ANatsev,JRSmith,</authors>
		<jconf>IEEE Intl Conf Image Processing ICIP International Conference Image Processing Barcelona ES</jconf>
		<label>3</label>
	</publication>
	<publication>
		<title>Improved Text Overlay Detection in Videos Using a Fusion-Based Classifier,</title>
		<authors>JSmith,C-YLin,BTseng,JRSmith</authors>
		<jconf>Proc IEEE Intl Conf Multimedia and Expo ICME IEEE Meta Data Conference</jconf>
		<label>3</label>
	</publication>
	<publication>
		<title>Multi-object, Multi-feature Search using MPEG- ,</title>
		<authors>JSmith,JRSmith,Y-CChang,C-SLi</authors>
		<jconf>Proc IEEE Intl Conf Image Processing ICIP International Conference Image Processing Thesaloniki GR</jconf>
		<label>3</label>
	</publication>
	<publication>
		<title>Adapting Content to Client Resources in the Internet,</title>
		<authors>JSmith,RMohan,JRSmith,C-SLi</authors>
		<jconf>Proc IEEE Intl Conf Multimedia Comp Systems</jconf>
		<label>3</label>
	</publication>
	<publication>
		<title>Multimedia Content Customization for Universal Acccess,</title>
		<authors>JSmith,RMohan,JRSmith,C-SLi</authors>
		<jconf>Proc SPIE The International Society for Optical Engineering Photonics East Multimedia Storage and Archiving Systems III</jconf>
		<label>3</label>
	</publication>
	<publication>
		<title>Multimedia resource transcoding for MPEG- digital item adaptation,</title>
		<authors>JSmith,JRSmith,C-YLin,BTseng</authors>
		<jconf>Proc SPIE The International Society for Optical Engineering ITCOM Internet Multimedia Management Systems IV</jconf>
		<label>3</label>
	</publication>
	<publication>
		<title>Multimedia Semantic Indexing using Model Vectors,</title>
		<authors>JSmith,JRSmith,MNaphade,ANatsev</authors>
		<jconf>Proc IEEE Intl Conf Multimedia and Expo ICME IEEE Meta Data Conference</jconf>
		<label>3</label>
	</publication>
	<publication>
		<title>A Framework for Moderate Vocabulary Semantic Visual Concept Detection,</title>
		<authors>JSmith,MNaphade,AJaimes,C-YLin,ANatsev,JRSmith,BTseng</authors>
		<jconf>Proc IEEE Intl Conf Multimedia and Expo ICME IEEE Meta Data Conference</jconf>
		<label>3</label>
	</publication>
	<publication>
		<title>MPEG- Multimedia Content Description Interface Standard,</title>
		<authors>JSmith,JRSmith,BSManjunath,NDay</authors>
		<jconf>IEEE Intl Conf Consumer Electronics ICCE Los Angeles Computer Animation</jconf>
		<label>3</label>
	</publication>
	<publication>
		<title>Learning to Annotate Video Databases,</title>
		<authors>JSmith,MNaphade,C-YLin,JRSmith,BTseng,SBasu,</authors>
		<jconf>Proc IS T SPIE The International Society for Optical Engineering Symp Electronic Imaging Science Technology Storage Retrieval for Image Video Databases X San Jose Computer Animation</jconf>
		<label>3</label>
	</publication>
	<publication>
		<title>Modeling Semantic Concepts to Support Query by Keywords in Video,</title>
		<authors>JSmith,MNaphade,SBasu,JRSmith,CLin,BTseng</authors>
		<jconf>Proc IEEE Intl Conf Image Processing ICIP International Conference Image Processing</jconf>
		<label>3</label>
	</publication>
	<publication>
		<title>Multimedia Semantics and Machine Learning,</title>
		<authors>JSmith,MNaphade,EChang,JRSmith</authors>
		<jconf>IEEE Intl Conf Multimedia and Expo ICME IEEE Meta Data Conference</jconf>
		<label>3</label>
	</publication>
	<publication>
		<title>A Statistical Modeling Approach to Content-based Video Retrieval,</title>
		<authors>JSmith,MNaphade,SBasu,JRSmith</authors>
		<jconf>Proc IEEE Intl Conf Acoustics Speech and Signal Processing ICASSP Salt Lake City</jconf>
		<label>3</label>
	</publication>
	<publication>
		<title>Constrained Querying of Multimedia Databases: Issues and Approaches,</title>
		<authors>JSmith,ANatsev,JRSmith,Y-CChang,C-SLi,JSVitter,</authors>
		<jconf>Proc IS T SPIE The International Society for Optical Engineering Symp Electronic Imaging Science Technology Storage Retrieval for Image Video Databases IX San Jose Computer Animation</jconf>
		<label>3</label>
	</publication>
	<publication>
		<title>Metadata-Driven Multimedia Access,</title>
		<authors>JSmith,PvanBeek,JRSmith,TEbrahimi,TSuzuki,JAskelof,</authors>
		<jconf>IEEE Signal Processing Mag Special Issue Universal Multimedia Access</jconf>
		<label>3</label>
	</publication>
	<publication>
		<title>Object-Based Multimedia Content Description Schemes and Applications for MPEG- ,</title>
		<authors>JSmith,ABBenitez,SPaek,S-FChang,APuri,QHuang,JRSmith,C-SLi,LDBergman,CJudice</authors>
		<jconf>Image Communication Journal ICJ Invited Paper a Special Issue MPEG</jconf>
		<label>3</label>
	</publication>
	<publication>
		<title>IBM Research TREC- Video Retrieval System,</title>
		<authors>JSmith,WHAdams,AAmir,CDorai,SGhosal,GIyengar,AJaimes,CLang,C-YLin,MNaphade,ANatsev,CNeti,HJNock,HPermuter,RSingh,JRSmith,SSrinivasan,BLTseng,ATVaradarajuand,DZhang</authors>
		<jconf>Proc NIST Text Retrieval Conf TREC Text REtrieval Conference IEEE Meta Data Conference</jconf>
		<label>3</label>
	</publication>
	<publication>
		<title>Exploring Semantic Dependencies for Scalable Concept Detection,</title>
		<authors>JSmith,ANatsev,MNaphade,JRSmith</authors>
		<jconf>Proc IEEE Intl Conf Image Processing ICIP International Conference Image Processing Barcelona ES</jconf>
		<label>3</label>
	</publication>
	<publication>
		<title>Supporting Incremental Join Queries on Ranked Inputs,</title>
		<authors>JSmith,Natsev,Y-CChang,JRSmith,JVitter</authors>
		<jconf>Proc Intl Conf Very Large Database Conf VLDB Very Large Data Bases IT</jconf>
		<label>3</label>
	</publication>
	<publication>
		<title>User-trainable video annotation using multimodal cues</title>
		<authors>JSmith,ApostolNatsev,BelleTseng,CNeti,Ching-YungLin,HJNock,MilindRNaphade,WAdams</authors>
		<jconf>SIGIR Research and Development Information Retrieval</jconf>
		<label>3</label>
	</publication>
	<publication>
		<title>Integrating Features, Models, and Semantics for TREC Video Retrieval,</title>
		<authors>JSmith,JRSmith,SSrinivasan,AAmir,SBasu,GIyengar,C-YLin,MNaphade,DPonceleon,BTseng</authors>
		<jconf>Proc NIST Text Retrieval Conf TREC Text REtrieval Conference IEEE Meta Data Conference</jconf>
		<label>3</label>
	</publication>
	<publication>
		<title>IMKA: Intelligent Multimedia Knowledge,</title>
		<authors>JSmith,ABBenitez,S-FChang,JRSmith</authors>
		<jconf>Proc ACM Intl Conf Multimedia ACM MM ACM Multimedia Conference Computer Animation</jconf>
		<label>3</label>
	</publication>
	<publication>
		<title>MPEG- MDS Content Description Tools and Applications,</title>
		<authors>JSmith,ABBenitez,DZhong,S-FChang,JRSmith</authors>
		<jconf>Proc Intl Conf Computer Analysis of Images and Patterns CAIP Computer Analysis of Images and Patterns</jconf>
		<label>3</label>
	</publication>
	<publication>
		<title>SPIRE: a Digital Library for Scientific Information,</title>
		<authors>JSmith,LDBergman,C-SLi,JRSmith</authors>
		<jconf>Intl Journal of Digital Libraries Special Issue</jconf>
		<label>3</label>
	</publication>
	<publication>
		<title>Progressive Content-based Retrieval of Satellite Image Database through Internet,</title>
		<authors>JSmith,VCastelli,LDBergman,C-SLi,JRSmith,AThomasian</authors>
		<jconf>IEEE Tyrrhenian Intl Workshop Digital Comm Ischia</jconf>
		<label>3</label>
	</publication>
	<publication>
		<title>Development of Advanced Image/Video Servers in the Video on Demand Testbed,</title>
		<authors>JSmith,S-FChang,DAnastassiou,AEleftheriadis,JMeng,SPaek,SPejhan,JRSmith</authors>
		<jconf>Proc of IEEE Visual Signal Processing Communications Workshop New N J</jconf>
		<label>3</label>
	</publication>
	<publication>
		<title>Efficient multidimensional indexing structure for linear maximization queries,</title>
		<authors>JSmith,YChang,LDBergman,JRSmith,CLi</authors>
		<jconf>Proc SPIE The International Society for Optical Engineering Photonics East Multimedia Storage and Archiving Systems IV</jconf>
		<label>3</label>
	</publication>
	<publication>
		<title>Efficient Techniques for Feature-Based Image/Video Access and Manipulation,</title>
		<authors>JSmith,S-FChang,JRSmith,JMeng</authors>
		<jconf>Proc rd Annual Clinic Library Applications of Data Processing Digital Image Access and Retrieval</jconf>
		<label>3</label>
	</publication>
	<publication>
		<title>Interactive Search Fusion Methods for Video Database Retrieval,</title>
		<authors>JSmith,JRSmith,AJaimes,C-YLin,MNaphade,ANatsev,BTseng</authors>
		<jconf>Proc IEEE Intl Conf Image Processing ICIP International Conference Image Processing Barcelona ES</jconf>
		<label>3</label>
	</publication>
	<publication>
		<title>A simple video format for mobile pervasive devices,</title>
		<authors>JSmith,JRSmith,ZMiao,C-SLi</authors>
		<jconf>Proc IS T SPIE The International Society for Optical Engineering Symp Electronic Imaging Image and Video Communications and Processing San Jose Computer Animation</jconf>
		<label>3</label>
	</publication>
	<publication>
		<title>Query taxonomy of multimedia databases,</title>
		<authors>JSmith,YChang,LDBergman,JRSmith,CLi</authors>
		<jconf>Proc SPIE The International Society for Optical Engineering Photonics East Multimedia Storage and Archiving Systems IV</jconf>
		<label>3</label>
	</publication>
	<publication>
		<title>Exploring Image Functionalities in WWW Applications - Development of Image/Video Search and Editing Engines,</title>
		<authors>JSmith,S-FChang,JRSmith,HMeng</authors>
		<jconf>Proc IEEE Intl Conf Image Processing ICIP International Conference Image Processing Santa Barbara Computer Animation</jconf>
		<label>3</label>
	</publication>
	<publication>
		<title>Statistical Modeling and Retrieval of Video Content,</title>
		<authors>JSmith,JRSmith,C-YLin,MRNaphade,ANatsev,BLTseng</authors>
		<jconf>DIMACS Workshop Video Mining New N J</jconf>
		<label>3</label>
	</publication>
	<publication>
		<title>Statistical Techniques for Video Analysis and Searching, Video Mining; Kluwer Academic Publishers;</title>
		<authors>JSmith,JRSmith,C-YLin,MNaphade,ANatsev,BTseng,</authors>
		<jconf>Eds A Rosenfeld D Doermann D DeMenthon</jconf>
		<label>3</label>
	</publication>
	<publication>
		<title>Transcoding Internet Content for Heterogenous Client Devices,</title>
		<authors>JSmith,JRSmith,RMohan,C-SLi</authors>
		<jconf>Proc IEEE Intl Symp Circuits and Syst ISCAS IEEE International Symposium Circuits and Systems</jconf>
		<label>3</label>
	</publication>
	<publication>
		<title>Issues and Solutions for Storage, Retrieval, and Search of MPEG- Documents,</title>
		<authors>JSmith,Y-CChang,M-LLo,JRSmith</authors>
		<jconf>Proc SPIE The International Society for Optical Engineering Photonics East Internet Multimedia Management Systems</jconf>
		<label>3</label>
	</publication>
	<publication>
		<title>The Onion Technique: indexing for linear optimization queries,</title>
		<authors>JSmith,Y-CChang,LBergman,VCastelli,C-SLi,M-LLo,JRSmith</authors>
		<jconf>Proc ACM Intl Conf Management of Data SIGMOD International Conference Management of Data</jconf>
		<label>3</label>
	</publication>
	<publication>
		<title>Universal Tuner: A Video Streaming System for CPU/Power-Constrained Mobile Devices,</title>
		<authors>JSmith,RHan,C-YLin,JRSmith,BTseng</authors>
		<jconf>Proc ACM Intl Conf Multimedia ACM MM ACM Multimedia Conference Computer Animation</jconf>
		<label>3</label>
	</publication>
	<publication>
		<title>UMA-based Wireless and Mobile Video Delivery Architecture,</title>
		<authors>JSmith,XHelal,LLampath,JRSmith</authors>
		<jconf>Proc SPIE The International Society for Optical Engineering Photonics East Internet Multimedia Management Systems</jconf>
		<label>3</label>
	</publication>
	<publication>
		<title>Video Personalization and Summarization System,</title>
		<authors>JSmith,BTseng,C-YLin,JRSmith</authors>
		<jconf>Proc IEEE Intl Conf Multimedia Signal Processing MMSP St Thomas</jconf>
		<label>3</label>
	</publication>
	<publication>
		<title>Video Personalization System for Usage Environment,</title>
		<authors>JSmith,BTseng,C-YLin,JRSmith</authors>
		<jconf>Proc SPIE The International Society for Optical Engineering ITCOM Internet Multimedia Management Systems III</jconf>
		<label>3</label>
	</publication>
	<publication>
		<title>Summarization and Personalization for Pervasive Mobile Devices,</title>
		<authors>JSmith,BTseng,C-YLin,JRSmith,Video</authors>
		<jconf>Proc IS T SPIE The International Society for Optical Engineering Symp Electronic Imaging Science and Technology Storage Retrieval for Image and Video Databases X San Jose Computer Animation</jconf>
		<label>3</label>
	</publication>
	<publication>
		<title>Multimedia Information Retrieval and Management Part I ,</title>
		<authors>JSmith,H-JZhang,JRSmith,DFeng</authors>
		<jconf>IEEE Intl Conf Acoustics Speech and Signal Processing ICASSP Hong Kong CN</jconf>
		<label>3</label>
	</publication>
	<publication>
		<title>Differential compression and optimal caching methods for content-based image search systems,</title>
		<authors>JSmith,DZhong,SChang,JRSmith</authors>
		<jconf>Proc SPIE The International Society for Optical Engineering Photonics East Multimedia Storage and Archiving Systems IV</jconf>
		<label>3</label>
	</publication>
	<publication>
		<title>EROS: A Fast Capability System,</title>
		<authors>JSmith,JonathanSShapiro,JonathanMSmith,DavidJFarber</authors>
		<jconf>Proceedings th SOSP Symposium Operating Systems Principles Kiawah Island Supercomputing</jconf>
		<label>4</label>
	</publication>
	<publication>
		<title>State Caching in the EROS Kernel: Implementing Orthogonal Persistence in a Pure Capability System,</title>
		<authors>JSmith,JonathanSShapiro,DavidJFarber,JonathanMSmith</authors>
		<jconf>Persistent Object Systems Principles and Practice ed Richard Connor and Scott Nettles Morgan Kaufmann presented at th Workshop Persistent Object Systems</jconf>
		<label>4</label>
	</publication>
	<publication>
		<title>The Measured Performance of a Fast Local IPC,</title>
		<authors>JSmith,JonathanSShapiro,DavidJFarber,JonathanMSmith</authors>
		<jconf>Proceedings of the th International Workshop Object Orientation Operating Systems</jconf>
		<label>4</label>
	</publication>
	<publication>
		<title>Cryptographic Support for a Gigabit Network,</title>
		<authors>JSmith,JonathanMSmith,CBrendanSTraw,DavidJFarber</authors>
		<jconf>Proceedings INET Internet Society Conference Kobe Inaugural Conference of the Internet Society</jconf>
		<label>4</label>
	</publication>
	<publication>
		<title>ACTIVE Interconnects: Let's have some guts!,</title>
		<authors>JSmith,JMSmith,IHadzic,WMarcus</authors>
		<jconf>Proceedings IEEE Hot Interconnects Workshop Palo Alto Computer Animation</jconf>
		<label>4</label>
	</publication>
	<publication>
		<title>Effects of copy-on-write memory management on the response time of UNIX fork operations,</title>
		<authors>JSmith,JonathanMSmith,GeraldQMaguire,</authors>
		<jconf>Computing Systems The Journal of the USENIX the Advanced Computing Systems Association Association University of Press</jconf>
		<label>4</label>
	</publication>
	<publication>
		<title>Secure Quality of Service Handling SQoSH ,</title>
		<authors>JSmith,DSAlexander,WAArbaugh,ADKeromytis,SJMuir,JMSmith</authors>
		<jconf>IEEE Communications Magazine Special Issue Active Programmable and Code Networking</jconf>
		<label>4</label>
	</publication>
	<publication>
		<title>Security in Active Networks,</title>
		<authors>JSmith,DSAlexander,WAArbaugh,ADKeromytis,JMSmith</authors>
		<jconf>Secure Internet Programming Security Issues for and Distributed Objects ed Vitek and Christian Jensen Springer Verlag</jconf>
		<label>4</label>
	</publication>
	<publication>
		<title>The SwitchWare Active Network Implementation,</title>
		<authors>JSmith,DScottAlexander,MWHicks,PankajKakkar,AngelosDKeromytis,MarianneShaw,JonathanTMoore,CarlAGunter,TrevorJim,ScottMNettles,JMSmith</authors>
		<jconf>Proceedings ACM SIGPLAN Special Interest Group Programming Languages Workshop ML IEEE Meta Data Conference</jconf>
		<label>4</label>
	</publication>
	<publication>
		<title>The SwitchWare Active Network Architecture,</title>
		<authors>JSmith,DSAlexander,WAArbaugh,MWHicks,PKakkar,ADKeromytis,JMoore,CAGunter,SMNettles,JMSmith</authors>
		<jconf>IEEE Network Magazine special issue Active and Programmable Networks</jconf>
		<label>4</label>
	</publication>
	<publication>
		<title>Practical Network Applications on a Lightweight Active Management Environment,</title>
		<authors>JSmith,KGAnagnostakis,SIoannidis,SMiltchev,JMSmith</authors>
		<jconf>Proceedings International Working Conference Active Networks ed I S Nettles and N Wakamiya Springer Verlag</jconf>
		<label>4</label>
	</publication>
	<publication>
		<title>Scalable Resource Control in Active Networks,</title>
		<authors>JSmith,KGAnagnostakis,MWHicks,SIoannidis,ADKeromytis,JMSmith</authors>
		<jconf>Proceedings Second International Working Conference Active Networks ed H Yasuda Springer Verlag Tokyo</jconf>
		<label>4</label>
	</publication>
	<publication>
		<title>Transparent Concurrent Execution of Mutually Exclusive Alternatives,</title>
		<authors>JSmith,JonathanMSmith,GeraldQMaguire,</authors>
		<jconf>Proceedings Ninth International Conference Distributed Computing Systems Beach Computer Animation</jconf>
		<label>4</label>
	</publication>
	<publication>
		<title>Process Migration: Effects on Scientific Computation,</title>
		<authors>JSmith,JonathanMSmith,GeraldQMaguire,</authors>
		<jconf>ACM SIGPLAN Special Interest Group Programming Languages Notices</jconf>
		<label>4</label>
	</publication>
	<publication>
		<title>A Secure and Reliable Bootstrap Architecture,</title>
		<authors>JSmith,WilliamAArbaugh,DavidJFarber,JonathanMSmith</authors>
		<jconf>IEEE Security and Privacy Conference Computer Animation</jconf>
		<label>4</label>
	</publication>
	<publication>
		<title>Security for Virtual Private Intranets,</title>
		<authors>JSmith,WilliamAArbaugh,JamesRDavin,DavidJFarber,JonathanMSmith</authors>
		<jconf>IEEE Computer Special Issue Broadband Networking Security Cover Feature</jconf>
		<label>4</label>
	</publication>
	<publication>
		<title>Automated Recovery in a Secure Bootstrap Process,</title>
		<authors>JSmith,WAArbaugh,ADKeromytis,DJFarber,JMSmith</authors>
		<jconf>Internet Society Symposium Network and Distributed System Security San Diego Computer Animation</jconf>
		<label>4</label>
	</publication>
	<publication>
		<title>Gigabit Telerobotics: Applying Advanced Information Infrastructure,</title>
		<authors>JSmith,RuzenaBajcsy,DavidJFarber,RichardPPaul,JonathanMSmith</authors>
		<jconf>International Symposium Robotics and Manufacturing Maui</jconf>
		<label>4</label>
	</publication>
	<publication>
		<title>Performance Modeling of a High Performance ATM Link Adapter,</title>
		<authors>JSmith,JTvanderVeen,CBrendanSTraw,JonathanMSmith,HLPasch</authors>
		<jconf>Proceedings Second International Conference Computer Communications and Networks San Diego Computer Animation</jconf>
		<label>4</label>
	</publication>
	<publication>
		<title>Hardware/Software Organization of a High-Performance ATM Host Interface,</title>
		<authors>JSmith,CBrendan,STraw,JonathanMSmith</authors>
		<jconf>IEEE Journal Selected Areas Communications Special Issue High Speed Computer Network Interfaces</jconf>
		<label>4</label>
	</publication>
	<publication>
		<title>Event-Signaling within Higher Performance Network Subsystems,</title>
		<authors>JSmith,JeffreyDChung,CBrendanSTraw,JonathanMSmith</authors>
		<jconf>Proceedings High Performance Communications Subsystems Mystic</jconf>
		<label>4</label>
	</publication>
	<publication>
		<title>An Overview of the AURORA Gigabit Testbed,</title>
		<authors>JSmith,DDClark,BSDavie,DJFarber,ISGopal,BKKadaba,WDSincoskie,JMSmith,DLTennenhouse</authors>
		<jconf>Proceedings INFOCOM The Conference Computer Communications</jconf>
		<label>4</label>
	</publication>
	<publication>
		<title>The AURORA Gigabit Testbed,</title>
		<authors>JSmith,DavidDClark,BruceSDavie,DavidJFarber,InderSGopal,BharathKKadaba,WDavidSincoskie,JonathanMSmith,DavidLTennenhouse</authors>
		<jconf>Computer Networks and ISDN Systems North</jconf>
		<label>4</label>
	</publication>
	<publication>
		<title>Host Interfaces for ATM Networks,</title>
		<authors>JSmith,BruceSDavie,JonathanMSmith,CBrendanSTraw</authors>
		<jconf>High Performance Communications ed Ahmed N Tantawy Kluwer Academic Publishers</jconf>
		<label>4</label>
	</publication>
	<publication>
		<title>AURORA: An experiment in gigabit network technologies,</title>
		<authors>JSmith,BruceSDavie,JonathanMSmith,DavidDClark,DavidJFarber,InderSGopal,RochGuerin,WDavidSincoskie,DavidLTennenhouse</authors>
		<jconf>High Performance Communications ed Ahmed N Tantawy Kluwer Academic Publishers</jconf>
		<label>4</label>
	</publication>
	<publication>
		<title>Memory as a Network Abstraction,</title>
		<authors>JSmith,GaryDelp,DavidFarber,RonaldMinnich,JonathanMSmith,IvanMing-ChitTam</authors>
		<jconf>Readings Distributed Computing Systems ed Thomas L Casavant and Mukesh Singhal IEEE CS Press Order Number Piscataway revised version of IEEE Network paper</jconf>
		<label>4</label>
	</publication>
	<publication>
		<title>A Flexible IP Active Networks Architecture,</title>
		<authors>JSmith,AGalis,BPlattner,JMSmith,SDenazis,EMoeller,HGuo,CKlein,JSerrat,JLaarhuis,GKaretsos,CTodd</authors>
		<jconf>Proceedings Second International Working Conference Active Networks ed H Yasuda Springer Verlag Tokyo</jconf>
		<label>4</label>
	</publication>
	<publication>
		<title>u-Synthesis for Distributed Control Systems with Network-Induced Delays,</title>
		<authors>JSmith,FaikGoktas,JonathanMSmith,RuzenaBajcsy</authors>
		<jconf>Proceedings th IEEE Conference Decision and Control Kobe</jconf>
		<label>4</label>
	</publication>
	<publication>
		<title>Telerobotics over Communication Networks: Control and Networking Issues,</title>
		<authors>JSmith,FaikGoktas,JonathanMSmith,RuzenaBajcsy</authors>
		<jconf>th IEEE Conference Decision and Control San Diego Computer Animation</jconf>
		<label>4</label>
	</publication>
	<publication>
		<title>A Secure PLAN Extended Version ,</title>
		<authors>JSmith,MichaelHicks,AngelosDKeromytis,JonathanMSmith</authors>
		<jconf>Proceedings DARPA Active Networks Conference and Exposition IEEE Computer Society Press San Francisco Computer Animation</jconf>
		<label>4</label>
	</publication>
	<publication>
		<title>Implementing a Distributed Firewall,</title>
		<authors>JSmith,SotirisIoannidis,AngelosDKeromytis,SteveBellovin,JonathanMSmith</authors>
		<jconf>Proceedings ACM Conference Computer and Communications Security</jconf>
		<label>4</label>
	</publication>
	<publication>
		<title>Disk Response Time Measurements,</title>
		<authors>JSmith,ThomasDJohnson,JonathanMSmith,EricSWilson</authors>
		<jconf>Proceedings Winter USENIX the Advanced Computing Systems Association Technical Conference DC</jconf>
		<label>4</label>
	</publication>
	<publication>
		<title>Design and Implementation of Virtual Private Services</title>
		<authors>JSmith,AngelosDKeromytis,JohnIoannidis,SotirisIoannidis,StevenMBellovin</authors>
		<jconf>WETICE Workshop Enabling Technologies Infrastructure for Collaborative Enterprises</jconf>
		<label>4</label>
	</publication>
	<publication>
		<title>Implementing a distributed firewall</title>
		<authors>JSmith,AngelosDKeromytis,SotirisIoannidis,StevenMBellovin</authors>
		<jconf>ACM Conference Computer and Communications Security</jconf>
		<label>4</label>
	</publication>
	<publication>
		<title>Scalable Resource Control in Active Networks</title>
		<authors>JSmith,AngelosDKeromytis,KostasGAnagnostakis,MichaelWHicks,SotirisIoannidis</authors>
		<jconf>IWAN International Working Conference Active Networks</jconf>
		<label>4</label>
	</publication>
	<publication>
		<title>Secure and Flexible Global File Sharing</title>
		<authors>JSmith,AngelosDKeromytis,JohnIoannidis,SotirisIoannidis,StefanMiltchev,VassilisPrevelakis</authors>
		<jconf>USENIX the Advanced Computing Systems Association Annual Technical Conference FREENIX FREE AND OPEN SOURCE SOFTWARE Track</jconf>
		<label>4</label>
	</publication>
	<publication>
		<title>Embedding High Speed ATM in UNIX IP,</title>
		<authors>JSmith,DScottAlexander,CBrendanSTraw,JonathanMSmith</authors>
		<jconf>USENIX the Advanced Computing Systems Association High Speed Networking Symposium Computer Animation</jconf>
		<label>4</label>
	</publication>
	<publication>
		<title>Operating System Support for Protocol Boosters,</title>
		<authors>JSmith,AMallet,JChung,JMSmith</authors>
		<jconf>Proceedings HIPPARCH Workshop Uppsala Earlier version available UPENN CIS TR CIS</jconf>
		<label>4</label>
	</publication>
	<publication>
		<title>A Secure Active Network Environment Architecture: Realization in SwitchWare,</title>
		<authors>JSmith,DSAlexander,WAArbaugh,ADKeromytis,JMSmith</authors>
		<jconf>IEEE Network Magazine special issue Active and Programmable Networks</jconf>
		<label>4</label>
	</publication>
	<publication>
		<title>Consistency of Models discussion</title>
		<authors>JSmith,AlexanderBorgida,CharlesRich,JaimeGCarbonell,JonathanJKing,PeterHitchcock</authors>
		<jconf>Workshop Data Abstraction Databases and Conceptual Modelling</jconf>
		<label>5</label>
	</publication>
	<publication>
		<title>Consistency of Models discussion</title>
		<authors>JSmith,AlexanderBorgida,CharlesRich,JaimeGCarbonell,JonathanJKing,PeterHitchcock</authors>
		<jconf>Workshop Data Abstraction Databases and Conceptual Modelling</jconf>
		<label>6</label>
	</publication>
	<publication>
		<title>Design Concepts for an Instructional Tool: Teaching Abductive Reasoning in Antibody Identification</title>
		<authors>JodiHeintzObradovich,JohnSvirbley,LarrySachs,MelanieKennedy,PatriciaStrohm,PhilipJSmith,SallyRudmann,StephanieGuerlain</authors>
		<jconf>CHI Conference Human Factors Computing Systems Conference Companion</jconf>
		<label>7</label>
	</publication>
	<publication>
		<title>Coping with the Complexities of Multiple-Solution Problems: A Case Study</title>
		<authors>DebGaldes,DonnaLThomas,JaneMFraser,JaniceBlazina,JohnRSvirbely,MelanieKennedy,PhilipJSmith,SallyRudmann,ThomasMiller</authors>
		<jconf>International Journal of Man Machine Studies</jconf>
		<label>7</label>
	</publication>
	<publication>
		<title>Automated Protocol Analysis: Tools and Methodology,</title>
		<authors>JSmith,JBSmith,DKSmith,EKupstas</authors>
		<jconf>Report Chapel Hill Department of Computer Science</jconf>
		<label>8</label>
	</publication>
	<publication>
		<title>An Overview of the Architecture for MicroArras ,</title>
		<authors>JSmith,SSouthard,JBSmith,SFWeiss,GJFerguson</authors>
		<jconf>Report Chapel Hill Department of Computer Science</jconf>
		<label>8</label>
	</publication>
	<publication>
		<title>Architecture of the Artifact-Based Collaborations System Matrix,</title>
		<authors>JSmith,KJeffay,JKLin,JMenges,FDSmith,JBSmith</authors>
		<jconf>Proceedings of CSCW Conference Computer Supported Cooperative Work New ACM Press</jconf>
		<label>8</label>
	</publication>
	<publication>
		<title>Architecture of the Artifact-Based Collaboration System Matrix,</title>
		<authors>JSmith,KJeffay,JKLin,JMenges,FDSmith,JBSmith</authors>
		<jconf>Report Chapel Hill Department of Computer Science</jconf>
		<label>8</label>
	</publication>
	<publication>
		<title>A Tutorial for WE for Experimental Studies,</title>
		<authors>JSmith,IJenkins,MLansman,JBSmith</authors>
		<jconf>Report Chapel Hill Department of Computer Science</jconf>
		<label>8</label>
	</publication>
	<publication>
		<title>Using Computer-Generated Protocols to Study Writer's Planning Strategies,</title>
		<authors>JSmith,MLansman,JBSmith,IWeber</authors>
		<jconf>Report Chapel Hill Department of Computer Science</jconf>
		<label>8</label>
	</publication>
	<publication>
		<title>A Distributed Data-Storage Service for Supporting Group Collaborations</title>
		<authors>JSmith,DEShackelford,FDSmith,JBSmith</authors>
		<jconf>Report Chapel Hill Department of Computer Science</jconf>
		<label>8</label>
	</publication>
	<publication>
		<title>A Distributed Graph Storage System for Artifacts in Group Collaborations,</title>
		<authors>JSmith,DEShackelford,JBSmith,FDSmith</authors>
		<jconf>Report Chapel Hill Department of Computer Science</jconf>
		<label>8</label>
	</publication>
	<publication>
		<title>The UNC Graph Server: A Distributed Hypermedia Data Management System,</title>
		<authors>JSmith,DShackelford,JBSmith,JBoone,BElledge</authors>
		<jconf>Report Chapel Hill Department of Computer Science</jconf>
		<label>8</label>
	</publication>
	<publication>
		<title>An Overview of the Architecture for WE ,</title>
		<authors>JSmith,PEBush,GJFerguson,JBSmith,SFWeiss,JDBolter</authors>
		<jconf>Report Chapel Hill Department of Computer Science</jconf>
		<label>8</label>
	</publication>
	<publication>
		<title>A Cognitive Grammar for Writing: Version ,</title>
		<authors>JSmith,JBSmith,MCRooks,GJFerguson</authors>
		<jconf>Report Chapel Hill Department of Computer Science</jconf>
		<label>8</label>
	</publication>
	<publication>
		<title>A Hypertext Writing Environment and its Cognitive Basis,</title>
		<authors>JSmith,JBSmith,SFWeiss,GJFerguson</authors>
		<jconf>Proceedings of ACM International Conference Research and Development Information Retrieval Revised version published special issue of Information Processing and Management</jconf>
		<label>8</label>
	</publication>
	<publication>
		<title>UNC Collaboratory Project: Overview,</title>
		<authors>JSmith,JBSmith,FDSmith,PCalingaert,JHayes,DHolland,KJeffay,MLansman</authors>
		<jconf>Report Chapel Hill Department of Computer Science</jconf>
		<label>8</label>
	</publication>
	<publication>
		<title>WE: A Writing Environment for Professionals,</title>
		<authors>JSmith,JBSmith,SFWeiss,GJFerguson,JDBolter,MLansman,DVBeard</authors>
		<jconf>Proceedings of National Computer Conference AFIPS Press</jconf>
		<label>8</label>
	</publication>
	<publication>
		<title>Architecture of the Artifact-Based Collaboration System Matrix</title>
		<authors>JSmith,FDonelsonSmith,JKLin,JMenges,KevinJeffay</authors>
		<jconf>CSCW Conference Computer Supported Cooperative Work</jconf>
		<label>8</label>
	</publication>
	<publication>
		<title>Type Theorie Programming</title>
		<authors>JSmith,BengtNordstr&amp;ouml,m,Bj&amp;ouml,rnvonSydow,ThierryCoquand</authors>
		<jconf>Bulletin of the EATCS European Association for Theoretical Computer Science</jconf>
		<label>9</label>
	</publication>
</person>
