<?xml version="1.0" encoding="utf-8"?>
<person>
	<FullName>KTanaka</FullName>
	<publication>
		<title>Multimedia Communication Networking Architecture Model for High Speed Network</title>
		<authors>KTanaka,ChoongSeonHong,ShinkuroHonda,TakeshiYoneda,YutakaMatsushita</authors>
		<jconf>LCN IEEE Conference Local Computer Networks</jconf>
		<label>10</label>
	</publication>
	<publication>
		<title>An Advanced Processing Environment for Managing the Continuous and Semistructured Features of Multimedia Content</title>
		<authors>KTanaka,KanameHarumoto,KeishiTajima,MasahikoTsukamoto,MasatoshiArikawa,ShinjiShimojo,ShojiroNishio,YasuoAriki</authors>
		<jconf>ADBIS Advances Databases and Information Systems DASFAA Database Systems for Advanced Applications</jconf>
		<label>1</label>
	</publication>
	<publication>
		<title>An Interactive Classification of Web Documents by Self-Organizing Maps and Search Engines</title>
		<authors>KTanaka,KenjiHatano,RyouichiSano,YiweiDuan</authors>
		<jconf>DASFAA Database Systems for Advanced Applications</jconf>
		<label>1</label>
	</publication>
	<publication>
		<title>MWM: Retrieval and Automatic Presentation of Manual Data for Mobile Terminals</title>
		<authors>KTanaka,AkiyoNadamoto,KazutoshiSumiya,MasakiShikata</authors>
		<jconf>DEXA Database and Expert Systems Applications</jconf>
		<label>1</label>
	</publication>
	<publication>
		<title>Querying Multiple Perspective Video by Camera Metaphor</title>
		<authors>KTanaka,TatsuoHirose,ToshihikoHata,YNakanishi</authors>
		<jconf>DASFAA Database Systems for Advanced Applications</jconf>
		<label>1</label>
	</publication>
	<publication>
		<title>A Time-Stamped Authoring Graph for Video Databases</title>
		<authors>KTanaka,KohjiZettsu,KuniakiUehara,NobuoKimura</authors>
		<jconf>DEXA Database and Expert Systems Applications</jconf>
		<label>1</label>
	</publication>
	<publication>
		<title>Query Pairs As Hypertext Links</title>
		<authors>NNishikawa,SHirayama,KNanba,KTanaka</authors>
		<jconf>Proc of the th Int Conf Data Engineering IEEE Computer Society</jconf>
		<label>1</label>
	</publication>
	<publication>
		<title>Incremental Data Organization for Ancient Document Databases</title>
		<authors>KTanaka,HiroakiOiso,Jun-yaMorishita,KazuhiroOhtsuki,QingQian,ShinichiUeshima</authors>
		<jconf>DASFAA Database Systems for Advanced Applications</jconf>
		<label>1</label>
	</publication>
	<publication>
		<title>A File Organization Suitable for Relational Database Operations,</title>
		<authors>CLeViet,YKambayashi,SYajima,KTanaka</authors>
		<jconf>Lecture Notes Computer Science Springer Verlag</jconf>
		<label>1</label>
	</publication>
	<publication>
		<title>Spatial Views and LOD-Based Access Control in VRML-object Databases</title>
		<authors>KTanaka,HiroakiOiso,KeishiTajima,MasakiKamiura</authors>
		<jconf>WWCA Worldwide Computing and Its Applications</jconf>
		<label>1</label>
	</publication>
	<publication>
		<title>Representation of Relations for Database Output Utilizing Data Dependencies,</title>
		<authors>YKambayashi,KTakeda,SYajima,KTanaka</authors>
		<jconf>Proc th Int Conf System Sciences U S A</jconf>
		<label>1</label>
	</publication>
	<publication>
		<title>InfoLOD and LandMark: Browsing and Retrieving Spatial Data</title>
		<authors>KTanaka,HiroakiKawagishi,KengoKoiso,TakahiroMatsumoto</authors>
		<jconf>CODAS The Second International Symposium Cooperative Database Systems for Advanced Applications</jconf>
		<label>1</label>
	</publication>
	<publication>
		<title>Dynamic Generation of Virtual Spaces and Incremental Query Formulation Using Spatial Browsing</title>
		<authors>KTanaka,KengoKoiso,KenjiKawakatsu,TakehisaMori</authors>
		<jconf>DEXA Database and Expert Systems Applications Workshop</jconf>
		<label>1</label>
	</publication>
	<publication>
		<title>Back to the TV: Information Visualization Interfaces based on TV-Program Metaphors</title>
		<authors>KTanaka,AkiyoNadamoto,HiroyukiKondo,KazutoshiSumiya,MachikoKusahara,TaekoHattori</authors>
		<jconf>IEEE International Conference Multimedia and Expo III</jconf>
		<label>1</label>
	</publication>
	<publication>
		<title>Next Generation Database Management Systems Technology Panel</title>
		<authors>KTanaka,CraigHarris,EarlDSaberdoti,Fran&amp;ccedil,oisBancilhon,MichaelKifer,MichaelLBrodie,YoshifumiMasunaga</authors>
		<jconf>DOOD Deductive and Object Oriented Databases</jconf>
		<label>1</label>
	</publication>
	<publication>
		<title>Remote Rapid Manufacturing with Action Media as an Advanced User Interface</title>
		<authors>KTanaka,MamoruMitsuishi,TakaakiNagao,YasuyoshiYokokohji</authors>
		<jconf>ICRA International Conference Robotics and Automation</jconf>
		<label>2</label>
	</publication>
	<publication>
		<title>Quality-Based Lock Modes of Multimedia Objects</title>
		<authors>KTanaka,HiroakiHigaki,MakotoTakizawa,MichiakiKatsumoto</authors>
		<jconf>ICPP International Conference Parallel Processing Workshops</jconf>
		<label>2</label>
	</publication>
	<publication>
		<title>Pseudo-Active Replication Protocol for Reliable Replica Group</title>
		<authors>KTanaka,HiroakiHigaki,MakotoTakizawa,NaokazuNemoto</authors>
		<jconf>ICDCS International Conference Distributed Computing Systems Workshop Group Communications and Computations</jconf>
		<label>2</label>
	</publication>
	<publication>
		<title>Application of Cluster Variation Method to Three-Dimensional $t$-$J$ Model</title>
		<authors>KazuyukiTanaka,YositakeTakane,HiromichiEbisawa,TohruMorita</authors>
		<jconf>Journal of the Physical Society of</jconf>
		<label>4</label>
	</publication>
	<publication>
		<title>Three-dimensional $t$-$J$ model and cluster variation method Physica B, - -</title>
		<authors>KazuyukiTanaka,YositakeTakane,HiromichiEbisawa,TohruMorita</authors>
		<jconf>Proceedings of XX International Conference Low Temperature Physics University</jconf>
		<label>4</label>
	</publication>
	<publication>
		<title>Approximation and Special Cases of Common Subtrees and Editing Distance</title>
		<authors>KTanaka,Magn&amp;uacute,sMHalld&amp;oacute,rsson</authors>
		<jconf>ISAAC International Symposium Algorithms and Computation</jconf>
		<label>5</label>
	</publication>
	<publication>
		<title>Halftone Image Generation with Improved Multiobjective Genetic Algorithm</title>
		<authors>EHernanAguirre,KiyoshiTanaka,TatsuoSugimura,ShinjiroOshita</authors>
		<jconf>Lecture Note Computer Science Springer</jconf>
		<label>6</label>
	</publication>
	<publication>
		<title>Simultan eous Halftone Image Generation with Improved Multiobjective Genetic Algorithm</title>
		<authors>EHernanAguirre,KiyoshiTanaka,TatsuoSugimura,ShinjiroOshita</authors>
		<jconf>IEICE Trans Fundamentals E A</jconf>
		<label>6</label>
	</publication>
	<publication>
		<title>Cooperative Crossover and Mutation Operators in Genetic Algorithms</title>
		<authors>KTanaka,Hern&amp;aacute,nEAguirre,TatsuoSugimura</authors>
		<jconf>GECCO The Genetic and Evolutionary Computation Conference</jconf>
		<label>6</label>
	</publication>
	<publication>
		<title>Web-Page Color Modification for Barrier-Free Color Vision with Genetic Algorithm</title>
		<authors>KTanaka,KazuoIchikawa,KiichiroFukami,KojiHiroshima,ManabuIchikawa,ShojiKondo,ShokoTanabe</authors>
		<jconf>GECCO The Genetic and Evolutionary Computation Conference</jconf>
		<label>6</label>
	</publication>
	<publication>
		<title>Improved Image Halftoning Technique Using GAs with Concurrent Inter-block Evaluation</title>
		<authors>KTanaka,EmiMyodo,Hern&amp;aacute,nEAguirre</authors>
		<jconf>GECCO The Genetic and Evolutionary Computation Conference</jconf>
		<label>6</label>
	</publication>
	<publication>
		<title>Color Wat ermarking Based on Color Vision Model</title>
		<authors>EYoshihiroTanigaki,KiyoshiTanaka,TatsuoSugimura,SojiKondo</authors>
		<jconf>IEICE Trans J D II Japanese</jconf>
		<label>6</label>
	</publication>
	<publication>
		<title>Surface Model Generation by the Relics from Slice Images, and the Approach to the Automatic Restoration</title>
		<authors>KTanaka,AkiraYokota,HirokazuTaki,NorihiroAbe,YasuhiroWatanabe,YoshimasuKinoshita</authors>
		<jconf>ICHIM International Conference Hypermedia and Interactivity Museums</jconf>
		<label>7</label>
	</publication>
	<publication>
		<title>A convenient notation system for organic structure on the basis of connectivity stack</title>
		<authors>KTanaka,HidetsuguAbe,MasahiroSasaki,Shin-ichiSasaki,TohruYamasaki,YoshihiroKudo</authors>
		<jconf>Journal of Chemical Information and Computer Sciences</jconf>
		<label>8</label>
	</publication>
</person>
