<?xml version="1.0" encoding="utf-8"?>
<person>
	<FullName>MJones</FullName>
	<publication>
		<title>The MultiView Project: Object-Oriented View Technology and Applications</title>
		<authors>MJones,ElkeARundensteiner,HarumiAKuno,PedroJos&amp;eacute,Marr&amp;oacute,n,VivianeCrestana-Taube,Young-GookRa</authors>
		<jconf>SIGMOD International Conference Management of Data Conference</jconf>
		<label>10</label>
	</publication>
	<publication>
		<title>a Schema-Independent XML Database System</title>
		<authors>MJones,ChadBerkley,DanielHigginsMetacat,JivkaBojilova</authors>
		<jconf>SSDBM Statistical and Scientific Database Management</jconf>
		<label>11</label>
	</publication>
	<publication>
		<title>A Monte Carlo algorithm for fast projective clustering</title>
		<authors>MJones,CeciliaMagdalenaProcopiuc,PankajKAgarwal,TMMurali</authors>
		<jconf>SIGMOD International Conference Management of Data Conference</jconf>
		<label>12</label>
	</publication>
	<publication>
		<title>A Brief Introduction to Formal Methods</title>
		<authors>MJones,PaulEBlack,KellyMHall,MichaelDJones,TrentNLarson,PhillipJWindley,</authors>
		<jconf>IEEE Custon Integrated Circuits Conference</jconf>
		<label>13</label>
	</publication>
	<publication>
		<title>Alexandria: Libraries of Abstract, Verified Hardware Modules</title>
		<authors>MJones,AnnetteBunker,MichaelDJones,TrentNLarson,PhillipJWindley,</authors>
		<jconf>Workshop Libraries Component Modeling and Quality Assurance</jconf>
		<label>13</label>
	</publication>
	<publication>
		<title>Alexandria: A Tool for Heirarchical Verification</title>
		<authors>AnnetteBunker,TrentLarson,MikeJones,PhilWindley,</authors>
		<jconf>Tools Paper FMCAD LNCS edited by Windley and Gopalakrishnan</jconf>
		<label>13</label>
	</publication>
	<publication>
		<title>Verifying Transaction ordering properties in Unbounded Bus Networks through Combined Deductive/Algorithmic Methods,</title>
		<authors>MJones,MDJones,GGopalakrishnan,</authors>
		<jconf>Formal Methods Computer Aided Design FMCAD Formal Methods Computer Aided Design Springer LNCS v</jconf>
		<label>13</label>
	</publication>
	<publication>
		<title>Pyramid Broadcasting with Fast-forward and Rewind</title>
		<authors>MJones,ASJones,MDJones,MClement,QSnell,</authors>
		<jconf>th International Conference Telecommunication Systems Modelling and Analysis Nashville</jconf>
		<label>13</label>
	</publication>
	<publication>
		<title>Toward Automated Abstraction for Protocols over Branching Networks</title>
		<authors>MJones,MDJones,GGopalakrishnan,</authors>
		<jconf>IEEE International High Level Design Validation and Test Workshop HLDVT</jconf>
		<label>13</label>
	</publication>
	<publication>
		<title>Using Types to Parse Natural Language,</title>
		<authors>MJones,MarkPJones,PaulHudak,SebastianShaumyan</authors>
		<jconf>Proceedings of the Workshop Functional Programming Ullapool Scotland To be published the Springer Verlag Workshops Computer Science Series</jconf>
		<label>1</label>
	</publication>
	<publication>
		<title>Monad Transformers and Modular Interpreters,</title>
		<authors>MJones,ShengLiang,PaulHudak,MarkPJones</authors>
		<jconf>Conference Record of POPL Symposium Principles of Programming Languages ACM SIGPLAN Special Interest Group Programming Languages SIGACT Symposium Principles of Programming Languages San Francisco Computer Animation</jconf>
		<label>1</label>
	</publication>
	<publication>
		<title>CPU Reservations and Time Constraints: Efficient, Predictable Scheduling of Independent Activities</title>
		<authors>MJones,MichaelBJones,DanielaRosu,Marcel-CatalinRosu</authors>
		<jconf>Proceedings of the th ACM Symposium Operating Systems Principles Saint Malo pages</jconf>
		<label>2</label>
	</publication>
	<publication>
		<title>Future Distributed Embedded and Real-Time Applications Will Be Adaptive: Meanings, Challenges and Research Paradigms Panel</title>
		<authors>MJones,AloysiusKMok,CDouglasLocke,ConstanceLHeitmeyer,KevinJeffay,RagunathanRajkumar</authors>
		<jconf>ICDCS International Conference Distributed Computing Systems</jconf>
		<label>2</label>
	</publication>
	<publication>
		<title>Modular Real-Time Resource Management in the Rialto Operating System</title>
		<authors>MJones,MichaelBJones,PaulJLeach,RichardPDraves,JosephSBarrera,III</authors>
		<jconf>Proceedings of the Fifth Workshop Hot Topics Operating Systems HotOS V Orcas Island pages IEEE Computer Society</jconf>
		<label>2</label>
	</publication>
	<publication>
		<title>An Overview of the Rialto Real-Time Architecture</title>
		<authors>MJones,MichaelBJones,JosephSBarreraIII,AlessandroForin,PaulJLeach,DanielaRosu,Marcel-CatalinRosu</authors>
		<jconf>Proceedings of the Seventh ACM SIGOPS European Workshop Connemara pages</jconf>
		<label>2</label>
	</publication>
	<publication>
		<title>Operating System Support for Multimedia: The Programming Model Matters</title>
		<authors>MJones,JohnRegehr,MichaelBJones,JohnAStankovic</authors>
		<jconf>Microsoft Research Technical Report MSR TR</jconf>
		<label>2</label>
	</publication>
	<publication>
		<title>Two Case Studies in Predictable Application Scheduling Using Rialto/NT</title>
		<authors>MJones,MichaelBJones,JohnRegehr,StefanSaroiu</authors>
		<jconf>Proceedings of the Seventh Real Time Technology and Applications Symposium RTAS IEEE Real Time Technology and Applications Symposium Taipei</jconf>
		<label>2</label>
	</publication>
	<publication>
		<title>SkipNet: A Scalable Overlay Network with Practical Locality Properties</title>
		<authors>MJones,AlecWolman,MarvinTheimer,NicholasJAHarvey,StefanSaroiu</authors>
		<jconf>USENIX the Advanced Computing Systems Association Symposium Internet Technologies and Systems</jconf>
		<label>2</label>
	</publication>
	<publication>
		<title>Operating System Directions for the Next Millennium</title>
		<authors>MJones,WilliamJBolosky,RichardPDraves,RobertPFitzgerald,ChristopherWFraser,MichaelBJones,ToddBKnoblock,RickRashid</authors>
		<jconf>Proceedings of the Sixth Workshop Hot Topics Operating Systems HotOS Cape Cod IEEE Computer Society</jconf>
		<label>2</label>
	</publication>
	<publication>
		<title>The Tiger Video Fileserver</title>
		<authors>MJones,WilliamJBolosky,JosephSBarrera,III,RichardPDraves,RobertPFitzgerald,GarthAGibson,MichaelBJones,StevenPLevi,NathanPMyhrvold,RichardFRashid</authors>
		<jconf>Proceedings of the Sixth International Workshop Network and Operating System Support for Digital Audio and Video NOSSDAV Network and Operating System Support for Digital Audio and Video Zushi IEEE Computer Society</jconf>
		<label>2</label>
	</publication>
	<publication>
		<title>Herald: Achieving a Global Event Notification Service</title>
		<authors>MJones,LuisFelipeCabrera,MichaelBJones,MarvinTheimer</authors>
		<jconf>Proceedings of the Eighth Workshop Hot Topics Operating Systems HotOS VIII Elmau IEEE Computer Society</jconf>
		<label>2</label>
	</publication>
	<publication>
		<title>Towards Active Hardware</title>
		<authors>MJones,DavidCLee,PeterMAthanas,ScottFMidkiff</authors>
		<jconf>IWAN International Working Conference Active Networks</jconf>
		<label>3</label>
	</publication>
	<publication>
		<title>``Implementing an API for Distributed Adaptive Computing Systems,''</title>
		<authors>MJones,LScharf,JScott,CTwaddle,MYaconis,KYao,PAthanas,BSchott</authors>
		<jconf>Proceedings of IEEE Symposium Field Programmable Custom Computing Machines Computer Animation</jconf>
		<label>3</label>
	</publication>
	<publication>
		<title>Modeling Piezoelectric Crystals on the Intel Delta</title>
		<authors>MJones,MichaelTang,PaulEPlassmann,TomCanfield</authors>
		<jconf>PPSC SIAM Conference Parallel Processing for Scientific Computing</jconf>
		<label>3</label>
	</publication>
	<publication>
		<title>The Use of Configurable Computing in Scientific Simulations</title>
		<authors>MJones,JaePark,PaulEPlassmann,YanhuaYi</authors>
		<jconf>PDPTA Parallel and Distributed Processing Techniques and Applications</jconf>
		<label>3</label>
	</publication>
	<publication>
		<title>Spatial hypertext as a Reader Tool in Digital Libraries</title>
		<authors>GBuchanan,ABlandford,MJones,HThimbleby</authors>
		<jconf>ACM IEEE Joint Conference Digital Libraries Workshop Visual Interfaces to Digital Libraries</jconf>
		<label>4</label>
	</publication>
	<publication>
		<title>HyperAT: HCI and Web Authoring</title>
		<authors>MJones,C&amp;eacute,cileRigny,HaroldWThimbleby,YinLengTheng</authors>
		<jconf>BCS British Computer Society HCI Human Computer Interaction</jconf>
		<label>4</label>
	</publication>
	<publication>
		<title>A New User Interface Metaphor for Mobile Personal Technologies</title>
		<authors>EdelGaldo,PGough,MJones,RNoble,PStenton</authors>
		<jconf>J Siddiqi Wilkinson J Eds Companion Proceedings of People and Computers XIII UK</jconf>
		<label>4</label>
	</publication>
	<publication>
		<title>A Site Based Outliner for Small Screen Web Access</title>
		<authors>MJones,GMarsden,NMohd-Nasir,GBuchanon</authors>
		<jconf>Poster Proceedings of the th International Conference World Wide Web Toronto</jconf>
		<label>4</label>
	</publication>
	<publication>
		<title>HyperAT: HCI and Web Authoring</title>
		<authors>YLTheng,CRigny,HThimbleby,MJones</authors>
		<jconf>O Conaill Thomas P J pp</jconf>
		<label>4</label>
	</publication>
	<publication>
		<title>, Improved Conceptual Design for Better Hypertext</title>
		<authors>YLTheng,CRigny,HThimbleby,MJones</authors>
		<jconf>Adjunct Proceedings of BCS British Computer Society HCI Human Computer Interaction U K</jconf>
		<label>4</label>
	</publication>
	<publication>
		<title>Improving mobile internet usability</title>
		<authors>MJones,GaryMarsden,GeorgeBuchanan,HaroldWThimbleby,MichaelJPazzani,SarahFarrant</authors>
		<jconf>WWW World Wide Web Conference Series</jconf>
		<label>4</label>
	</publication>
	<publication>
		<title>Successful User Interface Design from Efficient Computer Algorithms</title>
		<authors>GMarsden,HThimbleby,MJones,PGillary</authors>
		<jconf>Conference Extended Abstracts Human Factors Computer Systems ACM CHI Conference Human Factors Computing Systems The Hague pp</jconf>
		<label>4</label>
	</publication>
	<publication>
		<title>The Use of Algorithms in Interface Design</title>
		<authors>GMarsden,PGillary,HThimbleby,MJones</authors>
		<jconf>International Journal of Personal and Ubiquitous Technologies Springer</jconf>
		<label>4</label>
	</publication>
	<publication>
		<title>Using a Mobile Device to Vary the Pace of Search</title>
		<authors>MJones,PJain,GBuchanan,GMarsden</authors>
		<jconf>International Symposium HCI Human Computer Interaction Udine Related tech report</jconf>
		<label>4</label>
	</publication>
	<publication>
		<title>Cognitive Task Graphs and Executable User Models for Better Hypertext</title>
		<authors>YLTheng,CRigny,HThimbleby,MJones</authors>
		<jconf>Proceedings of the first Asia Pacific Conference Computer Human Interaction Information Technology Institute</jconf>
		<label>4</label>
	</publication>
	<publication>
		<title>, Ethics and the Governance of the Internet</title>
		<authors>MJones,JBerleur,PDuquenoy,DWhitehouse</authors>
		<jconf>IFIP International Federation for Information Processing ISBN</jconf>
		<label>4</label>
	</publication>
	<publication>
		<title>, Children as Design Partners and Testers for a Children's Digital Library,</title>
		<authors>YLTheng,NMohd-Nasir,GBuchanan,DBainbridge,HThimbleby,MJones</authors>
		<jconf>Borbinha J and T Eds Proceedings of the Fourth European Conference</jconf>
		<label>4</label>
	</publication>
	<publication>
		<title>Designing a Children's Digital Library with and for Children</title>
		<authors>YLTheng,NMohd-Nasir,HThimbleby,GBuchanan,MJones</authors>
		<jconf>Proceedings of the th ACM Conference Digital Libraries San Antonio</jconf>
		<label>4</label>
	</publication>
	<publication>
		<title>Flexible List Management in a Directory</title>
		<authors>MJones,DimitraVista,DiveshSrivastava,HVJagadish</authors>
		<jconf>CIKM International Conference Information and Knowledge Management</jconf>
		<label>6</label>
	</publication>
	<publication>
		<title>Methods for volume metamorphosis,</title>
		<authors>MJones,MChen,MWJones,PTownsend</authors>
		<jconf>Y and S Wilbur eds Image Processing for Broadcast and Video Production Springer Verlag</jconf>
		<label>8</label>
	</publication>
	<publication>
		<title>Volumes of Expression: Artistic Modelling and Rendering of Volume Datasets,</title>
		<authors>MJones,SMFTreavett,MChen,RSatherley,MWJones</authors>
		<jconf>Proc Computer Graphics International IEEE Computer Society Press ISSN</jconf>
		<label>8</label>
	</publication>
</person>
