<?xml version="1.0" encoding="utf-8"?>
<person>
	<FullName>MMiller</FullName>
	<publication>
		<title>Usability of compromise-free statistical databases,</title>
		<authors>LBrankovic,PHorak,MMiller,GWrightson</authors>
		<jconf>Proceedings of the Ninth International Conference Scientific and Statistical Database Management</jconf>
		<label>1</label>
	</publication>
	<publication>
		<title>Open problems in exclusive sum graph labeling,</title>
		<authors>MMiller,JRyan,XSlamin,KSugeng,MTuga</authors>
		<jconf>Proceedings of the Fourteenth Australasian Workshop Combinatorial Algorithms Seoul Korea</jconf>
		<label>1</label>
	</publication>
	<publication>
		<title>Comparison of Industry-Sited Projects and University-Sited Projects for Final Year Students,</title>
		<authors>EChang,CColman,WEe,MMiller</authors>
		<jconf>International Conference Software Engineering Research and Practice SERP Las Vegas</jconf>
		<label>1</label>
	</publication>
	<publication>
		<title>Usability of Compromise-Free Statistical Databases</title>
		<authors>MMiller,GrahamWrightson,LjiljanaBrankovic,PeterNorak</authors>
		<jconf>SSDBM Statistical and Scientific Database Management</jconf>
		<label>1</label>
	</publication>
	<publication>
		<title>Australian healthcare: a smart card for a clever country,</title>
		<authors>SMorris,JCooper,DBomba,LBrankovic,MMiller,FPacecho</authors>
		<jconf>International Journal of Bio Medical Computing</jconf>
		<label>1</label>
	</publication>
	<publication>
		<title>Transversal partitioning in balanced hypergraphs,</title>
		<authors>EDahlhaus,JKratochvil,MMiller,PManuel</authors>
		<jconf>Proceedings of the Twente Workshop Graphs and Combinatorial Optimization Enschede The</jconf>
		<label>1</label>
	</publication>
	<publication>
		<title>Dominance drawing of bipartite graphs,</title>
		<authors>PEades,HElGindy,MHoules,MMiller,BLenhart,DRappaport,SWhitesides</authors>
		<jconf>Proceedings of the Fifth Conference Computational Geometry</jconf>
		<label>1</label>
	</publication>
	<publication>
		<title>Data Inference in Medical Databases,</title>
		<authors>DBomba,LBrankovic,JCooper,MMiller,SMorris,FPacecho</authors>
		<jconf>Inaugural Conference of the Asia Pacific Association of Medical Informatics</jconf>
		<label>1</label>
	</publication>
	<publication>
		<title>Security Measurement and Medical Databases,</title>
		<authors>DBomba,LBrankovic,JCooper,MMiller,SMorris,FPacecho</authors>
		<jconf>Inaugural Conference of the Asia Pacific Association of Medical Informatics</jconf>
		<label>1</label>
	</publication>
	<publication>
		<title>Australian Healthcare: Smart Card for a Clever Country,</title>
		<authors>DBomba,LBrankovic,JCooper,MMiller,SMorris,FPacecho</authors>
		<jconf>Inaugural Conference of the Asia Pacific Association of Medical Informatics</jconf>
		<label>1</label>
	</publication>
	<publication>
		<title>Global Shape Models for Anatomical Structures,</title>
		<authors>MMiller,GaryChristensen,MIMiller,YAmit,UGrenander</authors>
		<jconf>Poor and Schwartz editors Proceedings of the th Conference Information Sciences and Systems University</jconf>
		<label>2</label>
	</publication>
	<publication>
		<title>Individualizing Anatomical Atlases of the Head,</title>
		<authors>MMiller,GEChristensen,SCJoshi,MIMiller</authors>
		<jconf>Proc th Intl Conf Visualization Biomedical Computing</jconf>
		<label>2</label>
	</publication>
	<publication>
		<title>Mathematical Textbook of Deformable Neuroanatomies,</title>
		<authors>MMiller,MichaelIMiller,GaryEChristensen,YaliAmit,UlfGrenander</authors>
		<jconf>Proceedings of the National Academy of Science</jconf>
		<label>2</label>
	</publication>
	<publication>
		<title>Topological properties of smooth anatomic maps,</title>
		<authors>GaryChristensen,RDRabbitt,MIMiller,SCJoshi,UGrenander,TCoogan,DVanEssen</authors>
		<jconf>Y Bizais C Braillot and R Di Paola editors Information Processing Medical Imaging th International Conference Kluwer Academic Publishers</jconf>
		<label>2</label>
	</publication>
	<publication>
		<title>Accommodating Geometric and Thermodynamic Variability For Forward-Looking Infrared Sensors,</title>
		<authors>MCooper,UlfGrenander,MichaelMiller,AnujSrivastava</authors>
		<jconf>Proc SPIE The International Society for Optical Engineering Algorithms for Synthetic Aperture Radar IV E Zelnio Ed</jconf>
		<label>2</label>
	</publication>
	<publication>
		<title>Quadratic Analysis of Information Measures for Object Recognition,</title>
		<authors>MMiller,MCooper,ASrivastava,MIMiller</authors>
		<jconf>SPIE The International Society for Optical Engineering</jconf>
		<label>2</label>
	</publication>
	<publication>
		<title>Representing The Variation of Thermodynamic State Via Principal Components Analysis,</title>
		<authors>MCooper,AaronLanterman,SarangJoshi,MichaelMiller</authors>
		<jconf>Proc Third Workshop Conventional Weapon ATR U S Army Missile Command</jconf>
		<label>2</label>
	</publication>
	<publication>
		<title>A Comparison of the Hippocampus in Schizophrenia and Control Subjects Using Automated Methods for Neuromorphometry ,</title>
		<authors>MMiller,JohnGCsernansky,JohnWHaller,AyanashuBanerjee,LeiWang,SarangCJoshi,GaryEChristensen,MokhtarGado,MichaelWVannier,MichaelIMiller</authors>
		<jconf>th Annual Meeting of the ACNP San Juan Puerto Rico</jconf>
		<label>2</label>
	</publication>
	<publication>
		<title>A Computerized Brain Mapping Method for Detailed Analyses of Neuroanatomical Shapes and Volumes,</title>
		<authors>MMiller,JohnGCsernansky,LeiWang,SarangCJoshi,MokhtarGado,JohnGMorris,MichaelIMiller</authors>
		<jconf>International Journal of Psychopharmacology Suppl S</jconf>
		<label>2</label>
	</publication>
	<publication>
		<title>The Information Theory of Sensor Fusion,</title>
		<authors>MMiller,MichaelIMiller,MatthewCooper,JosephKostakis</authors>
		<jconf>ONR GTRI Workshop Target Tracking Sensor Fusion</jconf>
		<label>2</label>
	</publication>
	<publication>
		<title>Landmark Matching on Brain Surfaces Via Large Deformation Diffeomorphisms on the Sphere,</title>
		<authors>MMiller,MugeBakircioglu,SarangJoshi,MichaelIMiller</authors>
		<jconf>Proceedings of the SPIE The International Society for Optical Engineering Medical Imaging</jconf>
		<label>2</label>
	</publication>
	<publication>
		<title>Landmark Matching on the Sphere Via Large Deformation Diffeomorphisms,</title>
		<authors>MMiller,MBakircioglu,SJoshi,MIMiller</authors>
		<jconf>Proceedings of SPIE The International Society for Optical Engineering Medical Imaging Image Processing</jconf>
		<label>2</label>
	</publication>
	<publication>
		<title>Accommodating Anatomical Variability in Functional Imaging via Deformable Templates,</title>
		<authors>ABanerjee,GaryChristensen,JohnHaller,SarangJoshi,MichaelMiller,MarcusRaichle</authors>
		<jconf>Proceedings of the th Annual Allerton Conference Communication Control and Computing University of at</jconf>
		<label>2</label>
	</publication>
	<publication>
		<title>Gaussian Convolutions on a Massively Parallel Processor,</title>
		<authors>MMiller,RCBarrett,AWMcCarthy,MIMiller,REMorley</authors>
		<jconf>Proc st Annu Conf Inform Sci and Syst</jconf>
		<label>2</label>
	</publication>
	<publication>
		<title>Hippocampal Morphometry in Schizophrenia by High Dimensional Brain Mapping ,</title>
		<authors>MMiller,JohnCCsernansky,SarangJoshi,LeiWang,MokhtarGado,JPhilipMiller,UlfGrenander,MichaelIMiller</authors>
		<jconf>Proceedings of the National Academy of Science</jconf>
		<label>2</label>
	</publication>
	<publication>
		<title>Iterative Maximum-Likelihood Estimation of Toeplitz-Constrained Covariances,</title>
		<authors>MMiller,MIMiller,DLSnyder,MJTurmon</authors>
		<jconf>Proc th Annu Allerton Conf Commun Contr and Computing</jconf>
		<label>2</label>
	</publication>
	<publication>
		<title>Early DAT is Distinguished from Aging by High Dimensional Mapping of the Hippocampus,</title>
		<authors>MMiller,JohnGCsernansky,LeiWang,SarangJoshi,JPhilipMiller,MokhtarGado,DanielKido,DanielMcKeel,JohnCMorris,MichaelIMiller</authors>
		<jconf>First International Meeting of Alzheimer s Imaging Consortium DC</jconf>
		<label>2</label>
	</publication>
	<publication>
		<title>A Likelihood-Based Approach to Joint Target Tracking and Identification,</title>
		<authors>MMiller,JO'Sullivan,StevenPJacobs,MichaelIMiller,DonaldLSnyder</authors>
		<jconf>Conference Record Twenty Seventh Asilomar Conference Signals Systems Computers volume</jconf>
		<label>2</label>
	</publication>
	<publication>
		<title>Variational Problems on Flows of Diffeomorphisms for Image Matching,</title>
		<authors>MMiller,PDupuis,UGrenander,MIMiller</authors>
		<jconf>Quarterly J Applied Math ed D Mumford and W Freiberger</jconf>
		<label>2</label>
	</publication>
	<publication>
		<title>SAR ATR Performance Using a Conditionally Gaussian Model,</title>
		<authors>JosephO'Sullivan,MichaelDDeVore,VikasKedia,MichaelMiller</authors>
		<jconf>IEEE Transactions Aerospace and Electronic Systems Page</jconf>
		<label>2</label>
	</publication>
	<publication>
		<title>Detection of Multiple Airborne Targets from Multi-Sensor Data,</title>
		<authors>MMiller,MFoltz,ASrivastava,MIMiller,UGrenander</authors>
		<jconf>SPIE The International Society for Optical Engineering Proceedings Volume Radar Ladar Signal Processing and Applications</jconf>
		<label>2</label>
	</publication>
	<publication>
		<title>Segmenting Magnetic Resonance Images via hierarchical Mixture Modellling,</title>
		<authors>MMiller,CEPriebe,MIMiller,JTRatnanather</authors>
		<jconf>Journal of the American Statistical Association</jconf>
		<label>2</label>
	</publication>
	<publication>
		<title>Mapping of Hyperelastic Deformable Templates,</title>
		<authors>MMiller,RRabbitt,JWiess,GEChristensen,MIMiller</authors>
		<jconf>Proceedings of SPIE The International Society for Optical Engineering s Geometric Methods Applied Imaging San Diego Computer Animation</jconf>
		<label>2</label>
	</publication>
	<publication>
		<title>Computational Anatomy of the Brain,</title>
		<authors>MMiller,JTRatnanather,CJing,MIMiller</authors>
		<jconf>National Partnership for Advanced Computational Infrastructure All Hands Meeting San Diego Supercomputer Center</jconf>
		<label>2</label>
	</publication>
	<publication>
		<title>Landmark Matching via Large Deformation Diffeomorphisms on the Sphere,</title>
		<authors>MMiller,JoanGlaunes,MarcVaillant,MichaelIMiller</authors>
		<jconf>Journal of Mathematical Imaging and Vision special issue of Mathematics and Image Analysis</jconf>
		<label>2</label>
	</publication>
	<publication>
		<title>Deformable Anatomical Data Bases Using Global Shape Models: a Position Paper for the Electronic Imaging of the Human Body Workshop,</title>
		<authors>MMiller,UlfGrenander,MIMiller,GEChristensen</authors>
		<jconf>Proceedings of the Cooperative Working Group Whole Body D Electronic Imaging of the Human Body</jconf>
		<label>2</label>
	</publication>
	<publication>
		<title>Hilbert-Schmidt Lower Bounds for Estimators on Matrix Lie Groups for ATR,</title>
		<authors>MMiller,UGrenander,MIMiller,ASrivastava</authors>
		<jconf>IEEE Trans Pattern Analysis and Machine Intelligence</jconf>
		<label>2</label>
	</publication>
	<publication>
		<title>A Comparison of Automated and Manual Segmentation of Hippocampus MR Images,</title>
		<authors>MMiller,JHaller,GEChristensen,MIMiller,MGado,DWMcKeel,JGCsernansky,MWVannier</authors>
		<jconf>SPIE The International Society for Optical Engineering Proceedings of the Conference Medical Imaging San Diego</jconf>
		<label>2</label>
	</publication>
	<publication>
		<title>Functional and structural mapping of human cerebral cortex: Solutions are in the surfaces,</title>
		<authors>MMiller,JHaller,GEChristensen,SCJoshi,MGado,MIMiller,MWVannier</authors>
		<jconf>Y Bizais C Braillot and R Di Paola editors Information Processing Medical Imaging th International Conference Kluwer Academic Publishers Precision and Accuracy of a High Dimensional Transformation and Segmentation of MR Images of the Hippocampus</jconf>
		<label>2</label>
	</publication>
	<publication>
		<title>High Dimensional Transformation of PET and MRI to Atlas Space,</title>
		<authors>MMiller,JWHaller,ABanerjee,GEChristensen,AZSnyder,MIMiller,MERaichle</authors>
		<jconf>Intl Conf Functional Mapping of the Human Brain</jconf>
		<label>2</label>
	</publication>
	<publication>
		<title>MRI Segmentation Using High Dimensional Transformations of a Digital Atlas,</title>
		<authors>MMiller,JHaller,GEChristensen,SCJoshi,MIMiller,MGado,JCsernansky,MWVannier</authors>
		<jconf>Poster at American of Neuropsychopharmacology Conference San Juan Puerto Rico</jconf>
		<label>2</label>
	</publication>
	<publication>
		<title>Constrained Probability-Density Estimation from Noisy Data,</title>
		<authors>MMiller,DLSnyder,MIMiller,TJSchulz</authors>
		<jconf>Proc Annu Conf Inform Sci and Syst</jconf>
		<label>2</label>
	</publication>
	<publication>
		<title>A Case Study in Statistical Image Processing: Positron Emission Tomography, -</title>
		<authors>MMiller,DonaldSnyder,DGPolitte,MIMiller</authors>
		<jconf>Spatial Statistics and Imaging A Possolo Ed Monograph Series Institute of Mathematical Statistics Computer Animation</jconf>
		<label>2</label>
	</publication>
	<publication>
		<title>Information-Theoretic Bounds on Target Recognition Performance Based on Degraded Image Data</title>
		<authors>MMiller,AvinashJain,KannanRamchandran,PierreMoulin</authors>
		<jconf>IEEE Transactions Pattern Analysis and Machine Intelligence</jconf>
		<label>2</label>
	</publication>
	<publication>
		<title>Information-Theoretic Bounds on Target Recognition Performance Based on Degraded Image Data,</title>
		<authors>MMiller,AJain,PMoulin,MIMiller,KRamchandran</authors>
		<jconf>IEEE Transactions Pattern Analysis and Machine Intelligence pages</jconf>
		<label>2</label>
	</publication>
	<publication>
		<title>Bayesian Automated Target Recognition</title>
		<authors>MMiller,ASrivastava,MIMiller,UGrenander</authors>
		<jconf>Handbook of Video and Image Processing editor Alan Bovik</jconf>
		<label>2</label>
	</publication>
	<publication>
		<title>Hierarchical Brain Mapping via A Generalized Dirichlet Solution for Mapping Brain Manifolds,</title>
		<authors>MMiller,SJoshi,MIMiller,GEChristensen,ABanerjee,TCoogan,UGrenander</authors>
		<jconf>Vision Geometry IV Proceedings of the SPIE The International Society for Optical Engineering s International Symposium Optical Science Engineering and Instrumentation San Diego Computer Animation</jconf>
		<label>2</label>
	</publication>
	<publication>
		<title>On the Differential Geometry of the Cortical Surface,</title>
		<authors>MMiller,SJoshi,JWang,MIMiller,DCVanEssen,UGrenander</authors>
		<jconf>Vision Geometry IV Proceedings of the SPIE The International Society for Optical Engineering s International Symposium Optical Science Engineering and Instrumentation San Diego Computer Animation</jconf>
		<label>2</label>
	</publication>
	<publication>
		<title>Jump-Diffusion Markov Processes on Orthogonal Groups for Object Recognition,</title>
		<authors>MMiller,ASrivastava,UGrenander,GRJensen,MIMiller</authors>
		<jconf>Journal of Statistical Planning and Inference Issues pages</jconf>
		<label>2</label>
	</publication>
	<publication>
		<title>On the Geometry and Shape of Brain Sub-Manifolds,</title>
		<authors>MMiller,SJoshi,MichaelIMiller,UlfGrenander</authors>
		<jconf>International Journal of Pattern Recognition and Artificial Intelligence</jconf>
		<label>2</label>
	</publication>
	<publication>
		<title>Dynamic Programming Generation of Geodesics and Sulci on Brain Surfaces,</title>
		<authors>MMiller,NKhaneja,MIMiller,UGrenander</authors>
		<jconf>IEEE Trans Pattern Analysis and Machine Intelligence</jconf>
		<label>2</label>
	</publication>
	<publication>
		<title>Monte Carlo Techniques for Automated Target Recognition,</title>
		<authors>MMiller,AnujSrivastava,AaronDLanterman,UlfGrenander,MarcLoizeaux,MichaelIMiller</authors>
		<jconf>Sequential Monte Carlo Methods Practice eds Arnaud Doucet Nando Freitas Neil Gordon Springer Verlag</jconf>
		<label>2</label>
	</publication>
	<publication>
		<title>Multispectral Active-Passive Sensor Fusion for Ground-Based Target Orientation Estimation,</title>
		<authors>MMiller,JKostakis,MatthewCooper,ThomasJGreen,,MichaelIMiller,JosephAO'Sullivan,JeffreyHShapiro,DonaldLSnyder</authors>
		<jconf>Proc SPIE The International Society for Optical Engineering Automatic Target Recognition VIII Ed Firooz A Sadjadi</jconf>
		<label>2</label>
	</publication>
	<publication>
		<title>Ergodic Algorithms on Special Euclidean Groups for ATR,</title>
		<authors>MMiller,ASrivastava,MIMiller,UGrenander</authors>
		<jconf>Syst and Contr the st Century Birkha ser</jconf>
		<label>2</label>
	</publication>
	<publication>
		<title>Multispectral Sensor Fusion for Ground-Based Target Orientation Estimation: FLIR, LADAR, HRR,</title>
		<authors>MMiller,JosephKostakis,MatthewCooper,ThomasJGreen,,MichaelIMiller,JosephAO'Sullivan,DonaldLSnyder</authors>
		<jconf>Proc SPIE The International Society for Optical Engineering Automatic Target Recognition IX Ed Firooz A Sadjadi</jconf>
		<label>2</label>
	</publication>
	<publication>
		<title>Computing Geodesic Distances on Anatomies,</title>
		<authors>MMiller,MFBeg,GBhanot,MIMiller,JTRatnanather,RWalkup,LYounes</authors>
		<jconf>NPACI All Hands Meeting UCSD Supercomputer Center</jconf>
		<label>2</label>
	</publication>
	<publication>
		<title>Metrics for Computational Anatomy and Image Analysis,</title>
		<authors>MMiller,MFaisalBeg,DmitryBitouk,MichaelIMiller,LaurentYounes</authors>
		<jconf>NPACI All Hands Meeting San Diego SuperComputing Center UCSD</jconf>
		<label>2</label>
	</publication>
	<publication>
		<title>Enhancing tools to manipulate anatomical images: a step towards a deferated neuroscience image database,</title>
		<authors>MMiller,MFBeg,AMajethia,MBrowne,THKaiser,MMartone,KFWong,ABMassie,JHomer,JTRatnanather,MIMiller</authors>
		<jconf>NPACI All Hands Meeting San Diego Supercomputer Center Jolla Computer Animation</jconf>
		<label>2</label>
	</publication>
	<publication>
		<title>Automatic Target Recognition via the Simulation of Infrared Scenes,</title>
		<authors>MMiller,ALanterman,MIMiller,DLSnyder</authors>
		<jconf>Proc of the Sixth Annual Ground Target Modeling and Validation Conference Keweenaw Research Center Tech Univ</jconf>
		<label>2</label>
	</publication>
	<publication>
		<title>A Robust Adaptive Transform Coder for Kb/s Speech Transmission,</title>
		<authors>MMiller,LEBergeron,AJGoldberg,SYKwon,MIMiller</authors>
		<jconf>Proc Intl Conf Acoust Speech Signal Process</jconf>
		<label>2</label>
	</publication>
	<publication>
		<title>Estimation of Pose and location of Ground-Targets for ATR,</title>
		<authors>MMiller,MLoizeaux,ASrivastava,MIMiller</authors>
		<jconf>Proceedings SPIE The International Society for Optical Engineering the International Society fo rOptical Engineering X Issue</jconf>
		<label>2</label>
	</publication>
	<publication>
		<title>Clutter Metrics for ATR,</title>
		<authors>MMiller,DmitriBitouk,MichaelIMiller,Laurentyounes</authors>
		<jconf>IEEE Transactions Pattern Analysis and Machine Intelligence</jconf>
		<label>2</label>
	</publication>
	<publication>
		<title>Fisher information in transported generator clutter models,</title>
		<authors>MMiller,DmitriBitouk,UlfGrenander,MichaelIMiller,ParitoshTyagi</authors>
		<jconf>AeroSense Automatic Target Recognition XI SPIE The International Society for Optical Engineering Proceedings</jconf>
		<label>2</label>
	</publication>
	<publication>
		<title>Constrained Stochastic Language Models,</title>
		<authors>MMiller,KEMark,MIMiller,UGrenander</authors>
		<jconf>Image Models and their Speech Model Cousins ed S Levinson and L Shepp New Springer Verlag</jconf>
		<label>2</label>
	</publication>
	<publication>
		<title>Empirically generated Metric Spaces for ATR in Clutter,</title>
		<authors>MMiller,DmitriBitouk,MichaelIMiller,LaurentYounes</authors>
		<jconf>Proceedings of the th Asilimor Conference signals Systems and Computers</jconf>
		<label>2</label>
	</publication>
	<publication>
		<title>Parameter Estimation for Constrained Context Free Language Models,</title>
		<authors>MMiller,KMark,MichaelIMiller,UlfGrenander</authors>
		<jconf>DARPA Speech and Natural Language Workshop</jconf>
		<label>2</label>
	</publication>
	<publication>
		<title>Labeled cortical mantle distnace maps quantify differences between dementia of the Alzheimer type and healthy aging,</title>
		<authors>MMiller,MIMiller,MHosakere,ARBarker,CEPriebe,NLee,JTRatnanather,LWang,MGado,JCMorris,JGCsernansky</authors>
		<jconf>Proceedings of the National Academy of Sciences pg</jconf>
		<label>2</label>
	</publication>
	<publication>
		<title>Efficient Estimation of Thermodynamic State Incorporating Bayesian Model Order Selection,</title>
		<authors>MMiller,AaronLanterman,MatthewLCooper,MichaelIMiller</authors>
		<jconf>Automatic Target Recognition IX SPIE The International Society for Optical Engineering Proc</jconf>
		<label>2</label>
	</publication>
	<publication>
		<title>Jump-diffusion Processes for the Automated Understanding of FLIR Scenes,</title>
		<authors>MMiller,ADLanterman,MIMiller,DLSnyder,WJMiceli</authors>
		<jconf>Automatic Object Recognition IV Proc SPIE The International Society for Optical Engineering Ed Firooz J Sadjadi</jconf>
		<label>2</label>
	</publication>
	<publication>
		<title>Modeling and Data Structure for Registration to a Brain Atlas of Multidimentional Images,</title>
		<authors>MMiller,MWVannier,MIMiller,UGrenander</authors>
		<jconf>Functional Neuroimaging ed L Thatcher et New Academic Press</jconf>
		<label>2</label>
	</publication>
	<publication>
		<title>Implementation of Jump-diffusion Algorithms for Understanding FLIR Scenes,</title>
		<authors>MMiller,ALanterman,MIMiller,DLSnyder</authors>
		<jconf>Automatic Object Recognition V Proc SPIE The International Society for Optical Engineering Ed Firooz A Sadjadi</jconf>
		<label>2</label>
	</publication>
	<publication>
		<title>Validating High-Dimensional Transformations of the Hippocampus,</title>
		<authors>MMiller,LeiWang,JingCui,MichaelIMiller</authors>
		<jconf>NeuroImage Proceedings of the Fourth International Conference Functional Mapping of the Human Brain Montreal</jconf>
		<label>2</label>
	</publication>
	<publication>
		<title>Representations of Shape for Structural Inference in Infrared Scenes,</title>
		<authors>MMiller,ADLanterman,MIMiller,DLSnyder</authors>
		<jconf>Proc SPIE The International Society for Optical Engineering th Annu Intl Sympos Aerosp Defense Sensing Simulation and Contr</jconf>
		<label>2</label>
	</publication>
	<publication>
		<title>Progressive Hippocampal Atrophy Distinguishes DAT and Healthy Aging,</title>
		<authors>MMiller,LWang,JSSwank,MIMiller,JCMorris,JGCsernansky</authors>
		<jconf>Annual Meeting of the Society for Neuroscience</jconf>
		<label>2</label>
	</publication>
	<publication>
		<title>Representations of Thermodynamic Variability in the Automated Understanding of FLIR Scenes,</title>
		<authors>MMiller,ALanterman,MIMiller,DLSnyder</authors>
		<jconf>Automatic Object Recognition Proc SPIE The International Society for Optical Engineering Ed Firooz A Sadjadi</jconf>
		<label>2</label>
	</publication>
	<publication>
		<title>A Stochastic Model of Synaptic Transmission and Auditory Nerve Discharge, Part I ,</title>
		<authors>MMiller,JWang,MIMiller,ATOgielski</authors>
		<jconf>Computation Neurons and Neural Systems ed F Eckman</jconf>
		<label>2</label>
	</publication>
	<publication>
		<title>The Unification of Detection, Tracking, and Recognition for Millimeter Wave and Infrared Sensors,</title>
		<authors>MMiller,ALanterman,MIMiller,DLSnyder</authors>
		<jconf>Radar Ladar Processing Proc SPIE The International Society for Optical Engineering Ed William J Miceli</jconf>
		<label>2</label>
	</publication>
	<publication>
		<title>A Stochastic Model of Synaptic Transmission and Auditory Nerve Discharge, Part II ,</title>
		<authors>MMiller,JWang,MIMiller,ATOgielski</authors>
		<jconf>Computation Neurons and Neural Systems ed F Eckman</jconf>
		<label>2</label>
	</publication>
	<publication>
		<title>Statistical Analysis of Hippocampal Asymmetry in Schizophrenia,</title>
		<authors>MMiller,LeiWang,SarangCJoshi,MichaelIMiller,JohnGCsernansky</authors>
		<jconf>Annual Meeting of the Society for Neuroscience New Orleans</jconf>
		<label>2</label>
	</publication>
	<publication>
		<title>Asymptotic Performance in ATR in Infrared Images,</title>
		<authors>MMiller,CCeritoglu,DBitouk,MIMiller,HASchmitt</authors>
		<jconf>SPIE The International Society for Optical Engineering</jconf>
		<label>2</label>
	</publication>
	<publication>
		<title>Large Deformation Fluid Diffeomorphisms For Landmark and Image Matching</title>
		<authors>MMiller,MIMiller,SCJoshi,GEChristensen</authors>
		<jconf>Brain Warping Academic Press San Diego Computer Animation</jconf>
		<label>2</label>
	</publication>
	<publication>
		<title>A D Deformable Magnetic Resonance Textbook Based on Elasticity,</title>
		<authors>MMiller,GaryChristensen,MIMiller,MWVannier</authors>
		<jconf>Proceedings of the American Association for Artificial Intelligence Symposium Applications of Computer Vision Medical Image Processing University</jconf>
		<label>2</label>
	</publication>
	<publication>
		<title>Membranes, Mitochondria, and Amoebae: , , and Dimensional Shape Models,</title>
		<authors>MMiller,MIMiller,SCJoshi,DRMaffitt,JGMcNally,UGrenander</authors>
		<jconf>Advances Applied Statistics ed K Mardia England Carfax II</jconf>
		<label>2</label>
	</publication>
	<publication>
		<title>A Deformable Neuroanatomy Textbook Based On Viscous Fluid Mechanics,</title>
		<authors>MMiller,GChristensen,RDRabbitt,MIMiller</authors>
		<jconf>Invited paper Prince and Runolfsson editors Proceedings of the Conference Information Sciences and Systems Johns University</jconf>
		<label>2</label>
	</publication>
	<publication>
		<title>Deformable Anatomical Templates for Brachytherapy Treatment Planning in Radiotherapy of Cervical Cancer,</title>
		<authors>MMiller,GEChristensen,JFWilliamson,KSCChao,MIMiller,FBSo,MWVannier</authors>
		<jconf>Vision Geometry eds R A Metter A Y Wu and L J Latecki SPIE The International Society for Optical Engineering</jconf>
		<label>2</label>
	</publication>
	<publication>
		<title>A Heart Failure Knowledgebase Combining Experimental Data with Tools for Integrative Biological Modeling,</title>
		<authors>MMiller,RLWinslow,PHelm,WBaumgartner,JTRatnanather,SPeddi,EMcVeigh,MIMiller</authors>
		<jconf>The Novartis Foundation Symposium Silico Simulation of Biological Processes University London</jconf>
		<label>2</label>
	</publication>
	<publication>
		<title>Clutter Modeling and Performance Analysis in Automatic Target Recognition,</title>
		<authors>MMiller,SongChunZhu,AaronLanterman,MichaelIMiller</authors>
		<jconf>Workshop Detection and Classification of Difficult Targets Redstone Arsenal</jconf>
		<label>2</label>
	</publication>
	<publication>
		<title>Betting, Bribery, and Bankruptcy-A Simulated Economy that Learns to Predict</title>
		<authors>TedKaehler,HadonNash,MarkMiller,</authors>
		<jconf>IEEE CompCon Proceedings Appearing The Ecology of Computation North Press Elsevier</jconf>
		<label>3</label>
	</publication>
	<publication>
		<title>Objects in Concurrent Logic Programming Languages</title>
		<authors>MMiller,KennethMKahn,EricDeanTribble,MarkSMiller,DanielGBobrow,</authors>
		<jconf>OOPSLA Conference Object Oriented Programming Systems Languages and Applications</jconf>
		<label>3</label>
	</publication>
	<publication>
		<title>Objects in Concurrent Logic Programming Languages</title>
		<authors>MMiller,DanielGBobrow,EricDeanTribble,KennethMKahn</authors>
		<jconf>OOPSLA Conference Object Oriented Programming Systems Languages and Applications</jconf>
		<label>3</label>
	</publication>
	<publication>
		<title>An Automated Auction in ATM Network Bandwidth</title>
		<authors>MMiller,MarkSMiller,DavidKrieger,</authors>
		<jconf>Market Based Control Sun Labs tech report SML</jconf>
		<label>3</label>
	</publication>
	<publication>
		<title>A Knowledge-Based Approach for Designing Intelligent Team Training Systems,</title>
		<authors>MMiller,JYin,MSMiller,TRIoerger,JYen,RAVolz</authors>
		<jconf>Proceedings of the Fourth International Conference Autonomous Agents Barcelona acceptance rate</jconf>
		<label>4</label>
	</publication>
	<publication>
		<title>Tactical Event Resolution Using Software Agents, Crisp Rules, and a Genetic Algorithm,</title>
		<authors>MMiller,JMDHill,MSMiller,JYen,UWPooch</authors>
		<jconf>Advanced Simulation Technologies Conference ASTC DC</jconf>
		<label>4</label>
	</publication>
	<publication>
		<title>Training Teams with Collaborative Agents,</title>
		<authors>MMiller,MSMiller,JYin,TRIoerger,JYen,RAVolz</authors>
		<jconf>Proceedings of the Fifth International Conference Intelligent Tutoring Systems Montreal</jconf>
		<label>4</label>
	</publication>
	<publication>
		<title>Collaborative Agents for C Teamwork Simulation,</title>
		<authors>MMiller,DXu,MSMiller,RAVolz,TRIoerger</authors>
		<jconf>Proceedings of the International Conference Artificial Intelligence Las Vegas II acceptance rate</jconf>
		<label>4</label>
	</publication>
	<publication>
		<title>CAST: Collaborative Agents for Simulating Teamwork</title>
		<authors>MMiller,DianxiangXu,JianwenYin,JohnYen,RichardAVolz,ThomasRIoerger</authors>
		<jconf>IJCAI International Joint Conference Artificial Intelligence</jconf>
		<label>4</label>
	</publication>
	<publication>
		<title>Human-Agent Teamwork for Distributed Team Training</title>
		<authors>MMiller,DianxiangXu,JessePlymale,RichardAVolz</authors>
		<jconf>ICTAI International Conference Tools with Artificial Intelligence</jconf>
		<label>4</label>
	</publication>
	<publication>
		<title>CAST: Collaborative Agents for Simulating Teamwork,</title>
		<authors>MMiller,JYen,JYin,TRIoerger,MSMiller,DXu,RAVolz</authors>
		<jconf>Seventeenth International Joint Conference Artificial Intelligence acceptance rate</jconf>
		<label>4</label>
	</publication>
	<publication>
		<title>Informed Embedding for Multi-bit Watermarks</title>
		<authors>MMiller,Gwena&amp;euml,lJDo&amp;euml,rr,IngemarJCox</authors>
		<jconf>IWDW International Workshop Digital Watermarking International</jconf>
		<label>5</label>
	</publication>
	<publication>
		<title>An Optimized Interaction Strategy for Bayesian Relevance Feedback</title>
		<authors>MMiller,IngemarJCox,PeterNYianilos,ThomasPMinka</authors>
		<jconf>CVPR Computer Vision and Pattern RecognitioN</jconf>
		<label>5</label>
	</publication>
	<publication>
		<title>FLOG: A system to select 'quasi-flexible' ligands complementary to a receptor of known three-dimensional structure</title>
		<authors>MMiller,DennisJUnderwood,RobertPSheridan,SimonKKearsley</authors>
		<jconf>Journal of Computer Aided Molecular Design</jconf>
		<label>6</label>
	</publication>
	<publication>
		<title>Flexibases: A way to enhance the use of molecular docking methods</title>
		<authors>MMiller,DennisJUnderwood,RobertPSheridan,SimonKKearsley</authors>
		<jconf>Journal of Computer Aided Molecular Design</jconf>
		<label>6</label>
	</publication>
	<publication>
		<title>Comparison of Knowledge-Based and Distance Geometry Approaches for Generation of Molecular Conformations</title>
		<authors>MMiller,BradleyPFeuston,JChristopherCulberson,RobertBNachbar,SimonKKearsley</authors>
		<jconf>Journal of Chemical Information and Computer Sciences</jconf>
		<label>6</label>
	</publication>
	<publication>
		<title>Chemical Similarity Using Geometric Atom Pair Descriptors</title>
		<authors>MMiller,DennisJUnderwood,RobertPSheridan,SimonKKearsley</authors>
		<jconf>Journal of Chemical Information and Computer Sciences</jconf>
		<label>6</label>
	</publication>
	<publication>
		<title>Users' Guide to NetSolve v ,</title>
		<authors>DArnold,SAgrawal,SBlackford,JDongarra,MMiller,SVadhiyar,KSagi,ZShi</authors>
		<jconf>University of Computer Science Technical Report CS</jconf>
		<label>7</label>
	</publication>
	<publication>
		<title>The Virtual Instrument: Support for Grid-enabled Scientific Simulations,</title>
		<authors>HCasanova,TBartol,FBerman,ABirnbaum,JDongarra,MEllisman,MFaerman,MMiller,GObertelli,SPomerantz,TSejnowski,JStiles,RWolski</authors>
		<jconf>Journal of Parallel and Distributed Computing</jconf>
		<label>7</label>
	</publication>
	<publication>
		<title>Simulation Steering with SCIRun in a Distributed Environment</title>
		<authors>MMiller,CharlesDHansen,ChristopherRJohnson,StevenGParker</authors>
		<jconf>HPDC High Performance Distributed Computing Symposium</jconf>
		<label>7</label>
	</publication>
	<publication>
		<title>Grid-Enabling Problem Solving Environments: A Case Study of SCIRun and NetSolve,</title>
		<authors>MMiller,CMoulding,JDongarra,CJohnson</authors>
		<jconf>Proceedings of the High Performance Computing Symposium HPC Advanced Simulation Technologies Conference Society for Modeling and Simulation International</jconf>
		<label>7</label>
	</publication>
	<publication>
		<title>Simulation Steering with SCIRun in a Distributed Environment,</title>
		<authors>MMiller,CDHansen,SGParker,CRJohnson</authors>
		<jconf>Proceedings of the Seventh IEEE International Symposium High Performance Distributed Computing IEEE Press extended abstract and poster presentation</jconf>
		<label>7</label>
	</publication>
	<publication>
		<title>An Integrated Problem Solving Environment: The SCIRun Computational Steering System,</title>
		<authors>SGParker,MMiller,CDHansen,CRJohnson</authors>
		<jconf>Proceedings of the st International Conference System Sciences HICSS INTERNATIONAL CONFERENCE SYSTEM SCIENCES VII IEEE Press</jconf>
		<label>7</label>
	</publication>
	<publication>
		<title>Using Artificial Anomalies to Detect Unknown and Known Network Intrusions</title>
		<authors>MMiller,PhilipKChan,SalvatoreJStolfo,WeiFan,WenkeLee</authors>
		<jconf>ICDM IEEE International Conference Data Mining</jconf>
		<label>8</label>
	</publication>
</person>
