<?xml version="1.0" encoding="utf-8"?>
<person>
	<FullName>SLee</FullName>
	<publication>
		<title>Integrated Position Estimation Using Aerial Image Sequences</title>
		<authors>SLee,Dong-GyuSim,Ihn-CheolKim,Rae-HongPark,Rin-ChulKim</authors>
		<jconf>IEEE Transactions Pattern Analysis and Machine Intelligence</jconf>
		<label>10</label>
	</publication>
	<publication>
		<title>Integrated Position Estimation Using Aerial Image Sequences</title>
		<authors>SLee,Dong-GyuSim,Ihn-CheolKim,Rae-HongPark,Rin-ChulKim</authors>
		<jconf>IEEE Transactions Pattern Analysis and Machine Intelligence</jconf>
		<label>10</label>
	</publication>
	<publication>
		<title>Designing Semistructured Databases: A Conceptual Approach</title>
		<authors>SLee,GillianDobbie,LeonidAKalinichenko,Mong-LiLee,TokWangLing</authors>
		<jconf>DEXA Database and Expert Systems Applications</jconf>
		<label>11</label>
	</publication>
	<publication>
		<title>Range Top/Bottom k Queries in OLAP Sparse Data Cubes</title>
		<authors>SLee,BinCui,Chuan-HengAng,TokWangLing,ZhongWeiLuo</authors>
		<jconf>DEXA Database and Expert Systems Applications</jconf>
		<label>11</label>
	</publication>
	<publication>
		<title>Adaptive Method for Range Top- k Queries in OLAP Data Cubes</title>
		<authors>SLee,Chuan-HengAng,TokWangLing,ZhengXuanLoh</authors>
		<jconf>DEXA Database and Expert Systems Applications</jconf>
		<label>11</label>
	</publication>
	<publication>
		<title>Variable Sized Partitions for Range Query Algorithms</title>
		<authors>SLee,Hua-GangLi,TokWangLing,WaiChongLow,ZhongWeiLuo</authors>
		<jconf>DEXA Database and Expert Systems Applications</jconf>
		<label>11</label>
	</publication>
	<publication>
		<title>Range Sum Queries in Dynamic OLAP Data Cubes</title>
		<authors>SLee,Hua-GangLi,TokWangLing,ZhengXuanLoh</authors>
		<jconf>CODAS The Second International Symposium Cooperative Database Systems for Advanced Applications</jconf>
		<label>11</label>
	</publication>
	<publication>
		<title>NF-SS: A Normal Form for Semistructured Schema</title>
		<authors>SLee,GillianDobbie,Mong-LiLee,TokWangLing,XiaoyingWu</authors>
		<jconf>ER International Conference Conceptual Modeling the Entity Relationship Approach Workshops</jconf>
		<label>11</label>
	</publication>
	<publication>
		<title>Designing Good Semi-Structured Databases and Conceptual Modeling</title>
		<authors>SLee,LeonidAKalinichenko,Mong-LiLee,TokWangLing</authors>
		<jconf>ER International Conference Conceptual Modeling the Entity Relationship Approach</jconf>
		<label>11</label>
	</publication>
	<publication>
		<title>Analysis of pre-computed partition top method for range top-k queries in OLAP data cubes</title>
		<authors>SLee,Chuan-HengAng,TokWangLing,ZhengXuanLoh</authors>
		<jconf>CIKM International Conference Information and Knowledge Management</jconf>
		<label>11</label>
	</publication>
	<publication>
		<title>Automated Data Warehousing for Rule-based CRM Systems,</title>
		<authors>SLee,HKim,TLee,S-gLee,JChun</authors>
		<jconf>Proceedings of the th Australasian Database Conference</jconf>
		<label>12</label>
	</publication>
	<publication>
		<title>DOC: A Distributed Object Caching System for Information Infrastructure,</title>
		<authors>SLee,TLee,JShim,S-gLee</authors>
		<jconf>Proceedings of the Human Society Internet Conference Lecture Notes Computer Science</jconf>
		<label>12</label>
	</publication>
	<publication>
		<title>Digital Catalog Library: A Shared Repository of Online Catalogs for Electronic Commerce,</title>
		<authors>SLee,S-gLee,DKim,CWu</authors>
		<jconf>Proceedings of Workshop Advanced Issues of E and Web based Information Systems</jconf>
		<label>12</label>
	</publication>
	<publication>
		<title>A Component-based Architecture for Digital Catalog Library Systems,</title>
		<authors>SLee,GPark,JOh,KKim,S-gLee,CWu</authors>
		<jconf>Proceedings of Software Architecture and Components Workshop</jconf>
		<label>12</label>
	</publication>
	<publication>
		<title>Digital Catalog Library: A Shared Repository of Online Catalogs for Electronic Commerce</title>
		<authors>SLee,ChisuWu,DongkyuKim,KapsooKim,WoochangShin</authors>
		<jconf>WECWIS Workshop Advanced Issues of E and Web based Information Systems</jconf>
		<label>12</label>
	</publication>
	<publication>
		<title>A DBMS-based Medical Teleconference System,</title>
		<authors>SLee,JChun,HKim,S-gLee,JChoi,HCho</authors>
		<jconf>Journal of the American Medical Informatics Association</jconf>
		<label>12</label>
	</publication>
	<publication>
		<title>Implementation of Mobile Computing System in Clinical Environment - MobileNurse TM ,</title>
		<authors>SLee,SHyun,JChoi,JChun,S-gLee,DShin</authors>
		<jconf>Proceedings of the American Medical Informatics Association Conference</jconf>
		<label>12</label>
	</publication>
	<publication>
		<title>EE-Cat: Extended Electronic Catalog for Dynamic and Flexible Electronic Commerce,</title>
		<authors>SLee,JJung,DKim,S-gLee</authors>
		<jconf>Proceedings of Information Resources Management Association Conference</jconf>
		<label>12</label>
	</publication>
	<publication>
		<title>Catalog Integration for Electronic Commerce through Category-Hierarchy Merging Technique,</title>
		<authors>SLee,DKim,JKim,S-gLee</authors>
		<jconf>Proceedings of Workshop Research Issues Data Engineering E E Business Systems RIDE Research Issues Data Engineering EC</jconf>
		<label>12</label>
	</publication>
	<publication>
		<title>An Experimental Evaluation of Dynamic Electronic Catalog Models in Relational Database Systems,</title>
		<authors>SLee,KKim,DKim,JKim,SPark,ILee,S-gLee</authors>
		<jconf>Proceedings of Information Resources Management Association Conference</jconf>
		<label>12</label>
	</publication>
	<publication>
		<title>Spectral Gradient: A Material Descriptor Invariant to Geometry and Incident Illumination</title>
		<authors>SLee,EAngelopoulou,SWLee,RBajcsy</authors>
		<jconf>Proc IEEE International Conference Computer Vision Kerkyra</jconf>
		<label>13</label>
	</publication>
	<publication>
		<title>Virtual Reality and Telepresence for st Century Remote Medical Consultation</title>
		<authors>SLee,KArthur,GBishop,RBajcsy,HFarid,HFuchs,SWLee,,LMcMillan,AState</authors>
		<jconf>Second Carolina Conf Biomed Eng ICSC Symposium Neural Computation</jconf>
		<label>13</label>
	</publication>
	<publication>
		<title>Color Image Segmentation Detection of Highlights and Local Illumination Induced by Inter-reflections,</title>
		<authors>SLee,RBajcsy,SWLee,ALeonardis</authors>
		<jconf>Proc of the th International Conference Pattern Recognition Atlantic City</jconf>
		<label>13</label>
	</publication>
	<publication>
		<title>Color Image Segmentation Detection of Highlights and Local Illumination Induced by Inter-reflections,</title>
		<authors>SLee,RBajcsy,SWLee,ALeonardis</authors>
		<jconf>Physics Based Vision Principles and Practice Color Ed G E Healey S A Shafer and L B Wolff Jones and Publishers p</jconf>
		<label>13</label>
	</publication>
	<publication>
		<title>Color Image Segmentation and Color Constancy,</title>
		<authors>SLee,RBajcsy,SWLee,ALeonardis</authors>
		<jconf>Proc of SPIE The International Society for Optical Engineering Conference Santa Clara Computer Animation</jconf>
		<label>13</label>
	</publication>
	<publication>
		<title>Computational Aspects of Color Constancy</title>
		<authors>SLee,RBajcsy,SWLee,ALeonardis</authors>
		<jconf>GRASP Laboratory Technical Report CIS University of</jconf>
		<label>13</label>
	</publication>
	<publication>
		<title>Image Segmentation detection of Highlights and Inter-reflections Using Color</title>
		<authors>SLee,RBajcsy,SWLee,ALeonardis</authors>
		<jconf>Proc of the Image Understanding and Machine Vision Topical Meeting Cape Cod</jconf>
		<label>13</label>
	</publication>
	<publication>
		<title>An Appearance Representation for Multiple Reflection Components</title>
		<authors>SLee,GSharp,SWLee,DWehe</authors>
		<jconf>Proc IEEE Conference Computer Vision and Pattern Recognition Hilton Head Island Supercomputing</jconf>
		<label>13</label>
	</publication>
	<publication>
		<title>Range Image Registration using Extended Feature Vectors</title>
		<authors>SLee,GSharp,SWLee,DWehe</authors>
		<jconf>Proc IEEE International Conference Robotics and Automation</jconf>
		<label>13</label>
	</publication>
	<publication>
		<title>Relevance Graph-Based Image Retrieval</title>
		<authors>SLee,SSull,JOh,SOh,SMHSong,SWLee</authors>
		<jconf>Proc IEEE International Conference Multimedia and Expo New</jconf>
		<label>13</label>
	</publication>
	<publication>
		<title>Echo-Time Encoded Chemical Shift NMR Spectroscopic Imaging Technique</title>
		<authors>SLee,ZHCho,HWPark,JBRa,SWLee,SKHilal</authors>
		<jconf>Proc rd Annual Meeting Society of Magnetic Resonance Medicine New</jconf>
		<label>13</label>
	</publication>
	<publication>
		<title>View Selection Strategies for Multi-View, Wide-Baseline Stereo</title>
		<authors>SLee,HFarid,SWLee,RBajcsy</authors>
		<jconf>GRASP Laboratory Technical Report CIS University of</jconf>
		<label>13</label>
	</publication>
	<publication>
		<title>Research on Human-centered Design and Evaluation of Multimode Image Retrieval</title>
		<authors>SLee,CFrost,SWLee,RJohnson,YLMurphy</authors>
		<jconf>Proc Fourth DELOS Workshop Pisa</jconf>
		<label>13</label>
	</publication>
	<publication>
		<title>Visual Space Teleconferencing Using a Sea of Cameras</title>
		<authors>SLee,HFuchs,GBishop,KArthur,LMcMillan,RBajcsy,SWLee,HFarid,TKanade</authors>
		<jconf>Proc of the First Intern Symp Med Robotics and Comput Assisted Surgery</jconf>
		<label>13</label>
	</publication>
	<publication>
		<title>The CSPD- Gamma-Ray Vision System</title>
		<authors>SLee,ZHe,JObermark,JDu,SWLee,DKWehe,GFKnoll</authors>
		<jconf>Proc IEEE Nuclear Science Symposium Medical Imaging Conference Part of San Francisco</jconf>
		<label>13</label>
	</publication>
	<publication>
		<title>Proton and Sodium NMR</title>
		<authors>SLee,SKHilal,SWLee,ZHCho,SKMun,JBRa,MMawad,AJSilver,PSane</authors>
		<jconf>Proc rd Annual Meeting Society of Magnetic Resonance Medicine New</jconf>
		<label>13</label>
	</publication>
	<publication>
		<title>Implementation of Simultaneous Multinuclear MR Imaging: Proton and Sodium</title>
		<authors>SLee,SWLee,SKHilal,JBRa,JHKim,SKMun,ZHCho</authors>
		<jconf>Radiology Scientific Program th RSNA Annual Meeting D C</jconf>
		<label>13</label>
	</publication>
	<publication>
		<title>Analysis of Multiple Reflection Components,</title>
		<authors>SLee,SWLee,AJaklic,R,Bajcsy,FSolina</authors>
		<jconf>Proc of IEEE Conference Melecom Ljubljana</jconf>
		<label>13</label>
	</publication>
	<publication>
		<title>The Design and Implementation of an Object-Oriented Process Control Loop Framework</title>
		<authors>SLee,HyonwooSeung,SunghwanRoh,TaewoongJeon</authors>
		<jconf>AISA Advanced Internet Services and Applications</jconf>
		<label>14</label>
	</publication>
	<publication>
		<title>Design and Implementation of the Content Manager in a Multimedia Streaming Framework</title>
		<authors>SLee,Byeong-SooJeong,Hyung-IlKim,Young-RaeHong</authors>
		<jconf>PDPTA Parallel and Distributed Processing Techniques and Applications</jconf>
		<label>14</label>
	</publication>
	<publication>
		<title>O-PreH: Optimistic Transaction Processing Algorithm based on Pre-Reordering in Hybrid Broadcast Environments</title>
		<authors>SLee,Chong-SunHwang,SoonYoungJung,SungSukKim</authors>
		<jconf>CIKM International Conference Information and Knowledge Management</jconf>
		<label>15</label>
	</publication>
	<publication>
		<title>Auditory processing of speech signals for robust speech recognition in real-world noisy environments</title>
		<authors>SLee,DSKim,SYLee,RMKil</authors>
		<jconf>IEEE Transactions Speech and Audio Processing P</jconf>
		<label>16</label>
	</publication>
	<publication>
		<title>Properties of Independent Components of Self-Motion Optical Flow</title>
		<authors>SLee,Ki-YoungPark,MarwanAJabri,TerrenceJSejnowski</authors>
		<jconf>ISMVL IEEE INTERNATIONAL SYMPOSIUM MULTIPLE VALUED LOGIC</jconf>
		<label>16</label>
	</publication>
	<publication>
		<title>The BORD Benchmark for Object-oriented Databases,</title>
		<authors>SLee,SHLee,SJKim,WKim,SHLee</authors>
		<jconf>Springer Verlag Lecture Notes Computer Science pages</jconf>
		<label>17</label>
	</publication>
	<publication>
		<title>Interoperability of Event Channels of the Event Service of CORBA in Java ORB Environment,</title>
		<authors>SLee,GSNa,SHLee,SHLee</authors>
		<jconf>Proceedings of the Web Engineering Workshop Toronto</jconf>
		<label>17</label>
	</publication>
	<publication>
		<title>Interoperability of Event Service in Java ORB Environment,</title>
		<authors>SLee,GSNa,SHLee,SHLee</authors>
		<jconf>Proceedings of the th international Workshop Database and Expert Systems Applications pages</jconf>
		<label>17</label>
	</publication>
	<publication>
		<title>An Integrated Benchmark Suite for Database Systems ,</title>
		<authors>SLee,HJJeong,SHLee,SHLee</authors>
		<jconf>Proceedings of the IASTED International Conference Information Systems and Databases pages</jconf>
		<label>17</label>
	</publication>
	<publication>
		<title>MIDAS: Design Philosophy and Internals,</title>
		<authors>SLee,PCKim,HIChoi,YILee,SHLee,MJKim,SHLee</authors>
		<jconf>Proceedings of the Eleventh Annual IEEE International Conference Computers and Communications</jconf>
		<label>17</label>
	</publication>
	<publication>
		<title>Implementation of a Web Robot and Statistics on the Korean Web,</title>
		<authors>SLee,SJKim,SHLee,SHLee</authors>
		<jconf>Springer Verlag Lecture Notes Computer Science pages</jconf>
		<label>17</label>
	</publication>
	<publication>
		<title>AND Parallelism in Connection Graph Proof Procedure,</title>
		<authors>SLee,BMKim,SHLee,SRMaeng,JWCho,SHLee</authors>
		<jconf>Proceedings of the Pacific Rim International Conference Artificial Intelligence Seoul pages</jconf>
		<label>17</label>
	</publication>
	<publication>
		<title>A New Algorithm for Subsumption Test,</title>
		<authors>SLee,BMKim,SHLee,SRMaeng,JWCho,SHLee</authors>
		<jconf>Proceedings of the International Conference Fifth Generation Computer Systems</jconf>
		<label>17</label>
	</publication>
	<publication>
		<title>Trend and Market Analysis on Relational Database Systems in UNIX in Korean ,</title>
		<authors>SLee,CSKim,SHLee,SHLee</authors>
		<jconf>Weekly Technical Reviews pages Electronics and Telecommunications Research Institute</jconf>
		<label>17</label>
	</publication>
	<publication>
		<title>Evaluation of Recursive Queries Extended Rules in Deductive Databases,</title>
		<authors>SLee,SHLee,LJHenschen,SHLee</authors>
		<jconf>IEEE Trans Knowledge and Data Engineering pages</jconf>
		<label>17</label>
	</publication>
	<publication>
		<title>A Logic Database System Extended Functionality,</title>
		<authors>SLee,SGLee,DHChoi,SHLee,SHLee</authors>
		<jconf>International Journal of Computers and Their Applications</jconf>
		<label>17</label>
	</publication>
	<publication>
		<title>A Logic Database System Extended Functionality,</title>
		<authors>SLee,SGLee,DHChoi,SHLee,SHLee</authors>
		<jconf>Proceedings of the th Annual International Computer Software and Applications Conference CompSAC Seoul pages</jconf>
		<label>17</label>
	</publication>
	<publication>
		<title>A Query Transformer in a Digital Library Environment,</title>
		<authors>SLee,SGLee,SHLee,SHLee</authors>
		<jconf>Proceedings of the th Annual Conference of the Internet Society Kuala Lumpur</jconf>
		<label>17</label>
	</publication>
	<publication>
		<title>Enforcement of Integrity Constraints against Transaction Transition Axioms,</title>
		<authors>SLee,SHLee,LJHenschen,MHKim,YJLee,SHLee</authors>
		<jconf>Proceedings of the IEEE Sixteenth International Computer Software and Applications Conference ComSAC pages</jconf>
		<label>17</label>
	</publication>
	<publication>
		<title>A Popularity-driven Caching Scheme for Meta-search Engines: An Empirical Study,</title>
		<authors>SLee,SHLee,JSHong,LKerschberg,SHLee</authors>
		<jconf>Springer Verlag Lecture Notes Computer Science pages</jconf>
		<label>17</label>
	</publication>
	<publication>
		<title>DROLAP - A Dense-Region Based Approach to On-Line Analytical Processing</title>
		<authors>SLee,BenKao,BoZhou,DavidWai-LokCheung,KanHu</authors>
		<jconf>DEXA Database and Expert Systems Applications</jconf>
		<label>19</label>
	</publication>
	<publication>
		<title>Knowledge Discovery for Business Information Systems,</title>
		<authors>SLee,WitoldAbramowicz,JozefZurada,editors</authors>
		<jconf>volume of The Kluwer ternational Series Engineering and Computer Science Kluwer Academic Publishers Proc Second ternational Workshop Advance Issues of E Web based formation Systems WECWIS Workshop Advanced Issues of E and Web based Information Systems</jconf>
		<label>19</label>
	</publication>
	<publication>
		<title>Construction of Online Catalog Topologies Using Decision Trees</title>
		<authors>SLee,DavidWai-LokCheung,DavidYang,Siu-MingYiu,TakWahLam,Wai-ShingHo,Wing-KinSung</authors>
		<jconf>WECWIS Workshop Advanced Issues of E and Web based Information Systems</jconf>
		<label>19</label>
	</publication>
	<publication>
		<title>DROLAP--a dense-region-based approach to on-line analytical processing</title>
		<authors>SLee,DavidWCheung,BoZhou,BenKao,KanHu,SauDanLee</authors>
		<jconf>Proc The th International Conference Database and Expert Systems Applications DEXA Database and Expert Systems Applications</jconf>
		<label>19</label>
	</publication>
	<publication>
		<title>Distributed and scalable XML document processing architecture for e-commerce systems</title>
		<authors>SLee,DavidCheung,SauDanLee,ThomasLee,WilliamSong,CJTan</authors>
		<jconf>formation Systems WECWIS Workshop Advanced Issues of E and Web based Information Systems</jconf>
		<label>19</label>
	</publication>
	<publication>
		<title>Effect of data skewness and workload balance in parallel data mining</title>
		<authors>SLee,DavidWaiLokCheung,SauDanLee,YongqiaoXiao</authors>
		<jconf>IEEE transactions Knowledge and Data Engineering</jconf>
		<label>19</label>
	</publication>
	<publication>
		<title>A general incremental technique for maintaining discovered association rules</title>
		<authors>SLee,DavidWLCheung,SauDanLee,BenjaminKao</authors>
		<jconf>Proceedings of the Fifth ternational Conference Database Systems for Advanced Applications pages</jconf>
		<label>19</label>
	</publication>
	<publication>
		<title>Towards the building of a dense-region based OLAP system</title>
		<authors>SLee,DavidWaiLokCheung,BZhou,BenKao,HKan,SauDanLee</authors>
		<jconf>Data and Knowledge Engineering Elsevier Science</jconf>
		<label>19</label>
	</publication>
	<publication>
		<title>A Theory of Inductive Query Answering</title>
		<authors>SLee,HeikkiMannila,LucDeRaedt,ManfredJaeger</authors>
		<jconf>ICDM IEEE International Conference Data Mining</jconf>
		<label>19</label>
	</publication>
	<publication>
		<title>A theory of inductive query answering extended abstract</title>
		<authors>SLee,LucDeRaedt,ManfredJaeger,SauDanLee,HeikkiMannila</authors>
		<jconf>Proc The nternational Conference Data Mining</jconf>
		<label>19</label>
	</publication>
	<publication>
		<title>Distributed and Scalable XML Document Processing Architecture for E-Commerce Systems</title>
		<authors>SLee,CJTan,DavidWai-LokCheung,ThomasLee,WilliamSong</authors>
		<jconf>WECWIS Workshop Advanced Issues of E and Web based Information Systems</jconf>
		<label>19</label>
	</publication>
	<publication>
		<title>Construction of online catalog topologies using decision trees</title>
		<authors>DavidYang,Wing-KinSung,Siu-MingYiu,DavidCheung,Wai-ShingHo,Tak-WahLam,Sau-DanLee</authors>
		<jconf>formation Systems WECWIS Workshop Advanced Issues of E and Web based Information Systems</jconf>
		<label>19</label>
	</publication>
	<publication>
		<title>A -D HMM Method for Off-line Handwritten Character Recognition,</title>
		<authors>SLee,H-SPark,B-KShin,JMoon,S-WLee</authors>
		<jconf>International Journal of Pattern Recognition and Artificial Intelligence</jconf>
		<label>1</label>
	</publication>
	<publication>
		<title>Glasses Removal from Facial Image using Recursive PCA Reconstruction,</title>
		<authors>SLee,J-SPark,Y-HOh,S-CAhn,S-WLee</authors>
		<jconf>Audio and Video based Biometric Person Authentication Lecture Notes Computer Science</jconf>
		<label>1</label>
	</publication>
	<publication>
		<title>Gray-scale Handwritten Character Recognition Based on Principal Features,</title>
		<authors>SLee,H-SPark,S-YKim,S-WLee</authors>
		<jconf>Proc SPIE The International Society for Optical Engineering Conference Document Recognition</jconf>
		<label>1</label>
	</publication>
	<publication>
		<title>Multilayer Cluster Neural Networks for Off-line Recognition of Totally Unconstrained Handwritten Numerals,</title>
		<authors>SLee,S-WLee,Y-JKim,M-WKim</authors>
		<jconf>Proc th Int Workshop Frontiers Handwritten Recognition Taipei Oec</jconf>
		<label>1</label>
	</publication>
	<publication>
		<title>Nonlinear Shape Restoration of Distorted Images Coons Transformation,</title>
		<authors>SLee,S-WLee,E-SKim,YYTang</authors>
		<jconf>Proc rd International Conference Document Analysis and Recognition Montreal</jconf>
		<label>1</label>
	</publication>
	<publication>
		<title>Information Capturing Camera and Developmental Issues,</title>
		<authors>SLee,HFujisawa,HSako,YOkada,S-WLee</authors>
		<jconf>Proc th International Conference Document Analysis and Recognition Bangalore</jconf>
		<label>1</label>
	</publication>
	<publication>
		<title>Pre-attentive Detection of Perceptually Important Regions in Facial Images,</title>
		<authors>SLee,AGolovan,M-HYoo,S-WLee,LPodladchikova,DShaposhnikov</authors>
		<jconf>Proc th International Conference Pattern Recognition Barcelona I</jconf>
		<label>1</label>
	</publication>
	<publication>
		<title>Face Reconstruction from a Small Number of Feature Points,</title>
		<authors>SLee,B-WHwang,VBlanz,TVetter,H-HSong,S-WLee</authors>
		<jconf>Proc th International Conference Pattern Recognition II Barcelona</jconf>
		<label>1</label>
	</publication>
	<publication>
		<title>Extraction of Camera Motion Parameters Optical Flows,</title>
		<authors>SLee,S-CPark,B-WHwang,S-WLee</authors>
		<jconf>Proc International Conference Optical Communications and Multimedia Kwangju Korea</jconf>
		<label>1</label>
	</publication>
	<publication>
		<title>A New Methodology for Off-line Handwritten Character Recognition Using a Truly -D Statistical Model,</title>
		<authors>SLee,H-SPark,J-SPark,S-WLee</authors>
		<jconf>Proc th International Workshop Frontiers Handwriting Recognition Colchester England</jconf>
		<label>1</label>
	</publication>
	<publication>
		<title>A Self-Organizing Hierarchical Classifier for Multi-lingual Large-set Oriental Character Recognition,</title>
		<authors>SLee,H-SPark,H-HSong,S-WLee</authors>
		<jconf>International Journal of Pattern Recognition and Artificial Intelligence</jconf>
		<label>1</label>
	</publication>
	<publication>
		<title>Performance Evaluation of Face Recognition Algorithms on the Asian Face Database, KFDB,</title>
		<authors>SLee,B-WHwang,HByun,M-CRoh,S-WLee</authors>
		<jconf>Audio and Video based Biometric Person Authentication Lecture Notes Computer Science</jconf>
		<label>1</label>
	</publication>
	<publication>
		<title>Synthesis of High-Resolution Facial Image Based on Top-down Learning,</title>
		<authors>SLee,B-WHwang,J-SPark,S-WLee</authors>
		<jconf>Audio and Video based Biometric Person Authentication Lecture Notes Computer Science</jconf>
		<label>1</label>
	</publication>
	<publication>
		<title>Automatic Quality Measurement of Gray-Scale Handwriting Based on Extended Average Entropy,</title>
		<authors>SLee,J-SPark,H-JKang,S-WLee</authors>
		<jconf>Proc th International Conference Pattern Recognition IV Barcelona</jconf>
		<label>1</label>
	</publication>
	<publication>
		<title>A Hybrid Neural System for Phonematic Transformation,</title>
		<authors>SLee,ITPodolak,ABielecki,EMajkit,S-WLee</authors>
		<jconf>Proc th International Conference Pattern Recognition I Barcelona</jconf>
		<label>1</label>
	</publication>
	<publication>
		<title>Parameter-independent Geometric Document Layout Analysis,</title>
		<authors>SLee,D-SRyu,S-MKang,S-WLee</authors>
		<jconf>Proc th International Conference Pattern Recognition IV Barcelona</jconf>
		<label>1</label>
	</publication>
	<publication>
		<title>Real-time Pedestrian Detection Using Support Vector Machines,</title>
		<authors>SLee,SKang,HByun,S-WLee</authors>
		<jconf>International Journal of Pattern Recognition and Artificial Intelligence</jconf>
		<label>1</label>
	</publication>
	<publication>
		<title>Real-time Pedestrian Detection using Support Vector Machines,</title>
		<authors>SLee,SKang,H-RByun,S-WLee</authors>
		<jconf>Pattern Recognition Support Vector Machines Lecture Notes Computer Science</jconf>
		<label>1</label>
	</publication>
	<publication>
		<title>A Control Model for Vergence Movement on a Stereo Robotic Head Using Disparity Flow and Flux,</title>
		<authors>SLee,H-JKim,M-HYoo,S-WLee</authors>
		<jconf>Proc th International Conference Pattern Recognition IV Barcelona</jconf>
		<label>1</label>
	</publication>
	<publication>
		<title>Offline Recognition of Chinese Handwriting by Multifeature and Multilevel Classification</title>
		<authors>SLee,Ing-ShyhShyu,JimingLiu,Lo-TingTu,Win-WinLin,YuanYanTang</authors>
		<jconf>IEEE Transactions Pattern Analysis and Machine Intelligence</jconf>
		<label>1</label>
	</publication>
	<publication>
		<title>A -D HMM Method for Offline Handwritten Character Recognition</title>
		<authors>SLee,Bong-KeeSin,Hee-SeonPark,JongsubMoon</authors>
		<jconf>IJPRAI International Journal of Pattern Recognition and Artificial Intelligence</jconf>
		<label>1</label>
	</publication>
	<publication>
		<title>Thinning algorithms for Oriental character recognition,</title>
		<authors>CYSuen,W-HHsu,PatrickSPWang,SMori,TZhang,PaulCKKwok,LLam,Seong-WhanLee</authors>
		<jconf>Proc International Conference Computer Processing of Chinese and Oriental Languages Taipei</jconf>
		<label>1</label>
	</publication>
	<publication>
		<title>A New Methodology for Gray-Scale Character Segmentation and Recognition,</title>
		<authors>SLee,S-WLee,D-JLee,H-SPark</authors>
		<jconf>IEEE Trans Pattern Analysis and Machine Intelligence</jconf>
		<label>1</label>
	</publication>
	<publication>
		<title>A New Recurrent Neural Network Architecture for Pattern Recognition,</title>
		<authors>SLee,S-WLee,S-MKang,H-HSong</authors>
		<jconf>Proc th International Conference Pattern Recognition</jconf>
		<label>1</label>
	</publication>
	<publication>
		<title>Fast Scene Change Detection Using Direct Feature Extraction from MPEG Compressed Videos,</title>
		<authors>SLee,Y-MKim,S-WChoi,S-WLee</authors>
		<jconf>Proc th International Conference Pattern Recognition III Barcelona</jconf>
		<label>1</label>
	</publication>
	<publication>
		<title>Offline Recognition of Chinese Handwriting by Multifeature and Multilevel Classification,</title>
		<authors>SLee,YYTang,L-TTu,JLiu,S-WLee,WWLin,I-SShyu</authors>
		<jconf>IEEE Trans Pattern Analysis and Machine Intelligence Np</jconf>
		<label>1</label>
	</publication>
	<publication>
		<title>VLSI Implementation for HVRI Algorithm in Pattern Recognition,</title>
		<authors>SLee,YYTang,TLi,S-WLee</authors>
		<jconf>Proc International Conference Document Analysis and Recognition Tsukuba</jconf>
		<label>1</label>
	</publication>
	<publication>
		<title>VLSI Architecture for Pattern Recognition Based on Algorithm-array Mapping,</title>
		<authors>SLee,YYTang,S-WLee,CYSuen</authors>
		<jconf>Proc Pacific Rim International Conference Artificial Intelligence Seoul Korea</jconf>
		<label>1</label>
	</publication>
	<publication>
		<title>An approximation of perspective image using bilinear model,</title>
		<authors>SLee,YYTang,S-WLee,CYSuen</authors>
		<jconf>Proc International Conference Signal Processing Beijing</jconf>
		<label>1</label>
	</publication>
	<publication>
		<title>Automatic Knowledge Acquisition from Form Documents,</title>
		<authors>SLee,YYTang,S-WLee,MCheriet,CDYan,CYSuen</authors>
		<jconf>Proc Pacific Rim International Conference Artificial Intelligence Seoul Korea</jconf>
		<label>1</label>
	</publication>
	<publication>
		<title>A New Methodology to the Design of Associative Memories Based on Cellular Neural Networks,</title>
		<authors>SLee,H-YKim,J-YPark,S-WLee</authors>
		<jconf>Proc th International Conference Pattern Recognition II Barcelona</jconf>
		<label>1</label>
	</publication>
	<publication>
		<title>Performance Evaluation of Skeletonization Algorithms for Document Image Processing,</title>
		<authors>SLee,S-WLee,LLam,CYSuen</authors>
		<jconf>Proc st International Conference Document Analysis and Recognition Saint Malo</jconf>
		<label>1</label>
	</publication>
	<publication>
		<title>An Optimization Approach to the Robust Design of Generalized BSB Neural Associative Memories,</title>
		<authors>SLee,H-YKim,J-YPark,S-WLee</authors>
		<jconf>Proc th International Conference Neural Information Processing II Taejon Korea</jconf>
		<label>1</label>
	</publication>
	<publication>
		<title>Parallel Hardware Implementation of Handwritten Character Recognition System on Wavefront Array Processor Architecture,</title>
		<authors>SLee,Y-JKim,S-WLee,M-WKim</authors>
		<jconf>Proc rd International Conference Document Analysis and Recognition Montreal</jconf>
		<label>1</label>
	</publication>
	<publication>
		<title>Retrieval of the Top N Matches Support Vector Machines,</title>
		<authors>SLee,J-JKim,B-WHwang,M-HYoo,S-WLee</authors>
		<jconf>Proc th International Conference Pattern Recognition II Barcelona</jconf>
		<label>1</label>
	</publication>
	<publication>
		<title>Contextual Postprocessing of a Korean OCR System by Linguistic Constraints,</title>
		<authors>SLee,H-CKwon,H-JHwang,M-JKim,S-WLee</authors>
		<jconf>Proc rd International Conference Document Analysis and Recognition Montreal</jconf>
		<label>1</label>
	</publication>
	<publication>
		<title>Thinning Methodologies - A Comprehensive Survey,</title>
		<authors>SLee,LLam,S-WLee,CYSuen</authors>
		<jconf>IEEE Trans Pattern Analysis and Machine Intelligence</jconf>
		<label>1</label>
	</publication>
	<publication>
		<title>Facial Component Extraction and Face Recognition Support Vector Machines,</title>
		<authors>SLee,DXi,ITPodolak,S-WLee</authors>
		<jconf>Proc th International Conference Automatic Face and Gesture Recognition D C</jconf>
		<label>1</label>
	</publication>
	<publication>
		<title>A Novel Method for Discriminating Between Oriental and European Languages by Fractal Features,</title>
		<authors>SLee,DXi,S-WLee,YYTang</authors>
		<jconf>Proc th International Conference Document Analysis and Recognition Bangalore</jconf>
		<label>1</label>
	</publication>
	<publication>
		<title>Automatic Pedestrian Detection and Tracking for Real-time Video Surveillance,</title>
		<authors>SLee,H-DYang,B-KSin,S-WLee</authors>
		<jconf>Audio and Video based Biometric Person Authentication Lecture Notes Computer Science</jconf>
		<label>1</label>
	</publication>
	<publication>
		<title>Faxed Image Restoration Using Kalman Filtering,</title>
		<authors>SLee,M-YYoon,S-WLee,J-SKim</authors>
		<jconf>Proc rd International Conference Document Analysis and Recognition Montreal</jconf>
		<label>1</label>
	</publication>
	<publication>
		<title>Real-Time Implementation of Face Recognition Algorithms on DSP Chip,</title>
		<authors>SLee,S-WLee,S-WLee,H-CJung</authors>
		<jconf>Audio and Video based Biometric Person Authentication Lecture Notes Computer Science</jconf>
		<label>1</label>
	</publication>
	<publication>
		<title>Oriental Document Analysis and Recognition Techniques,</title>
		<authors>SLee,S-WLee,YYTang,PSPWang</authors>
		<jconf>International Journal of Pattern Recognition and Artificial Intelligence</jconf>
		<label>1</label>
	</publication>
	<publication>
		<title>Biologically Motivated Computer Vision,</title>
		<authors>SLee,S-WLee,HBulthoff,TPoggioEds</authors>
		<jconf>Lecture Notes Computer Science Springer Verlag ISBN</jconf>
		<label>1</label>
	</publication>
	<publication>
		<title>A Systematic Evaluation of Skeletonization Algorithms,</title>
		<authors>SLee,S-WLee,LouisaLam,CYSuen</authors>
		<jconf>International Journal of Pattern Recognition and Artificial Intelligence</jconf>
		<label>1</label>
	</publication>
	<publication>
		<title>A Neural Algorithm of Nonlinear Regression,</title>
		<authors>SLee,ABielecki,ITPodolak,MBielecka</authors>
		<jconf>Proc th International Conference Parallel Precessing and Applied Mathematics Naleczow</jconf>
		<label>1</label>
	</publication>
	<publication>
		<title>Biologically Motivated Computer Vision,</title>
		<authors>SLee,HBulthoff,S-WLee,TPoggio,CWallravenEds</authors>
		<jconf>Lecture Notes Computer Science Springer Verlag ISBN</jconf>
		<label>1</label>
	</publication>
	<publication>
		<title>Automatic Generation of Structured Hyperdocuments from Multi-Column Document Images,</title>
		<authors>SLee,J-YLee,H-JKang,S-WLee</authors>
		<jconf>Proc th Int Conf Pattern Recognition IV Barcelona</jconf>
		<label>1</label>
	</publication>
	<publication>
		<title>Translation-, Rotation-, and Scale-Invariant Recognition of Hand-Drawn Symbols in Schematic Diagrams,</title>
		<authors>SLee,S-WLee,J-HKim,FransCAGroen</authors>
		<jconf>International Journal of Pattern Recognition and Artificial Intelligence</jconf>
		<label>1</label>
	</publication>
	<publication>
		<title>Translation-, Scale-, and Rotation-invariant Recognition of Hangul Characters Transformation Ring Projection,</title>
		<authors>SLee,S-WLee,H-SPark,YYTang</authors>
		<jconf>Proc st International Conference Document Analysis and Recognition Saint Malo</jconf>
		<label>1</label>
	</publication>
	<publication>
		<title>Efficient Postprocessing Algorithms for Error Correction in Handwritten Hangul Address and Human Name Recognition,</title>
		<authors>SLee,S-WLee,E-SKim,B-WMin</authors>
		<jconf>Proc International Conference Document Analysis and Recognition Tsukuba</jconf>
		<label>1</label>
	</publication>
	<publication>
		<title>Structure Analysis of Low Resolution Fax Cover Pages,</title>
		<authors>SLee,YKLim,HJKang,CAhn,S-WLee</authors>
		<jconf>Document Analysis Systems Lecture Notes Computer Science</jconf>
		<label>1</label>
	</publication>
	<publication>
		<title>Reliable Adaptive Lightweight Multicast Protocol</title>
		<authors>KenTang,KatiaObraczka,Sung-JuLee,MarioGerla</authors>
		<jconf>Proceedings of IEEE ICC International Conference Communications</jconf>
		<label>20</label>
	</publication>
	<publication>
		<title>RITA: Receiver Initiated Just-in-Time Tree Adaptation for Rich Media Distribution</title>
		<authors>ZhichenXu,ChunqiangTang,SujataBanerjee,Sung-JuLee</authors>
		<jconf>Proceedings of ACM NOSSDAV Network and Operating System Support for Digital Audio and Video</jconf>
		<label>20</label>
	</publication>
	<publication>
		<title>The Design, Implementation, and Performance Evaluation of the On-Demand Multicast Routing Protocol in Multihop Wireless Networks</title>
		<authors>SangHoBae,Sung-JuLee,WilliamSu,MarioGerla</authors>
		<jconf>IEEE Network special issue Multicasting Empowering the Next Generation Internet</jconf>
		<label>20</label>
	</publication>
	<publication>
		<title>A Performance Comparison Study of Ad Hoc Wireless Multicast Protocols</title>
		<authors>Sung-JuLee,WilliamSu,JulianHsu,MarioGerla,RajiveBagrodia</authors>
		<jconf>Proceedings of IEEE INFOCOM The Conference Computer Communications</jconf>
		<label>20</label>
	</publication>
	<publication>
		<title>Selecting a Routing Strategy for Your Ad Hoc Network</title>
		<authors>Sung-JuLee,JulianHsu,RussellHayashida,MarioGerla,RajiveBagrodia</authors>
		<jconf>Computer Communications special issue Advances Computer Communications and Networks Algorithms and Applications</jconf>
		<label>20</label>
	</publication>
	<publication>
		<title>Similarity Search for Multidimensional Data Sequences</title>
		<authors>Seok-LyongLee,Seok-JuChun,Deok-HwanKim,Ju-HongLee,Chin-WanChung</authors>
		<jconf>Proceedings of th IEEE International Conference Data Engineering</jconf>
		<label>22</label>
	</publication>
	<publication>
		<title>Selective protection of coded bit-stream and error concealment for ATM transmission</title>
		<authors>SLee,S-HPark,S-HJang,J-SKoh</authors>
		<jconf>Proc of IEEE Workshop Visual Signal Processing and Communications</jconf>
		<label>23</label>
	</publication>
	<publication>
		<title>Transmission Error Detection, Resynchronization, and Error Concealment for MPEG Decoder</title>
		<authors>SLee,J-SYoun,S-HJang,S-HJang</authors>
		<jconf>Proc Visual Comm and Image Processing</jconf>
		<label>23</label>
	</publication>
	<publication>
		<title>Design of the Frame Memory Module for MPEG-II Video Encoder</title>
		<authors>YKo,KLee,EKang,SLee</authors>
		<jconf>Proc of Summer Associated Conference Communication</jconf>
		<label>23</label>
	</publication>
	<publication>
		<title>A New Computation of Shape Moments via Quadtree Decomposition</title>
		<authors>SLee,Chin-HsiungWu,Pei-ZongLee,Shi-JinnHorng,Shih-YingLin</authors>
		<jconf>IPDPS International Parallel and Distributed Processing Symposium Workshops</jconf>
		<label>24</label>
	</publication>
	<publication>
		<title>Parallel Clustering Algorithms on a Reconfigurable Array of Processors with Wider Bus Networks</title>
		<authors>SLee,Chia-HoChen,Horng-RenTsai,Shi-JinnHorng,Shun-ShanTsai,Tzong-WannKao</authors>
		<jconf>ICPADS International Conference Parallel and Distributed Systems</jconf>
		<label>24</label>
	</publication>
	<publication>
		<title>An Efficient and Authenticated Group-Oriented Cryptoscheme Based on a Geometric Method in Internet Environments</title>
		<authors>SLee,Ruey-ChangTsai,Shi-JinnHorng,Woei-JiunnTsaur</authors>
		<jconf>ICPADS International Conference Parallel and Distributed Systems</jconf>
		<label>24</label>
	</publication>
	<publication>
		<title>Usability Word-Pair Features for Probabilistic Text Classifiers</title>
		<authors>SLee,Gum-WonHong,Hae-ChangRim,Myoung-SookKo,Sang-BumKim</authors>
		<jconf>NLPRS Natural Language Processing Pacific Rim Symposium</jconf>
		<label>26</label>
	</publication>
	<publication>
		<title>GLR Parser with Conditional Action Model CAM</title>
		<authors>SLee,Hae-ChangRim,Hoo-JungChung,So-YoungPark,Yong-JaeKwak,Young-SookHwang</authors>
		<jconf>NLPRS Natural Language Processing Pacific Rim Symposium</jconf>
		<label>26</label>
	</publication>
	<publication>
		<title>A New Exoskeleton-type Masterarm with Force Reflection based on the Torque Sensor Beam</title>
		<authors>SLee,ChanghyunCho,Chong-WonLee,MunsangKim,YoonSangKim</authors>
		<jconf>ICRA International Conference Robotics and Automation</jconf>
		<label>27</label>
	</publication>
	<publication>
		<title>The Distributed Controller Architecture for a Masterarm and Its Application to Teleoperation with Force Feedback</title>
		<authors>SLee,Chong-WonLee,Dae-SungChoi,JangwookLee,MunsangKim</authors>
		<jconf>ICRA International Conference Robotics and Automation</jconf>
		<label>27</label>
	</publication>
	<publication>
		<title>Application of Constructive Induction-based Learning to Knowledge Discovery in Large Multiple Databases,</title>
		<authors>SLee,SeokWonLee,RyszardSMichalski,</authors>
		<jconf>Information Technology Doctoral Fellowship Proposal School of Information Technology and Engineering George University</jconf>
		<label>28</label>
	</publication>
	<publication>
		<title>Using Bayesian Classification for AQ-based Learning Constructive Induction,</title>
		<authors>SLee,SeokWonLee,SFischthal,JWnek,</authors>
		<jconf>Reports of the Machine Learning and Inference Laboratory MLI George University</jconf>
		<label>28</label>
	</publication>
	<publication>
		<title>An Integrated Shell and Methodology for Rapid Development of Knowledge-Based Agents</title>
		<authors>SLee,DorinMarcu,GheorgheTecuci,KathrynWright,MichaelBowman,MihaiBoicu</authors>
		<jconf>AAAI National Conference Artificial Intelligence IAAI The Twelfth Innovative Applications of Artificial Intelligence</jconf>
		<label>28</label>
	</publication>
	<publication>
		<title>The Disciple Integrated Shell and Methodology for Rapid Development of Knowledge-Based Agents</title>
		<authors>SLee,DorinMarcu,GheorgheTecuci,KathrynWright,MichaelBowman,MihaiBoicu</authors>
		<jconf>AAAI National Conference Artificial Intelligence IAAI The Twelfth Innovative Applications of Artificial Intelligence</jconf>
		<label>28</label>
	</publication>
	<publication>
		<title>AQ : A Multipurpose Machine Learning Environment</title>
		<authors>SLee,RyszardSMichalski,KKaufman,EBloedorn,SeokWonLee</authors>
		<jconf>Technical Report Machine Learning and Inference Laboratory George University</jconf>
		<label>28</label>
	</publication>
	<publication>
		<title>Building Agents from Shared Ontologies Through Apprenticeship Multistrategy Learning</title>
		<authors>SLee,GheorgheTecuci,KathrynWright,MihaiBoicu</authors>
		<jconf>AAAI National Conference Artificial Intelligence IAAI The Twelfth Innovative Applications of Artificial Intelligence</jconf>
		<label>28</label>
	</publication>
	<publication>
		<title>A Learning Agent Shell and Methodology for Developing Intelligent Agents,</title>
		<authors>SLee,GTecuci,KWright,SeokWonLee,MBoicu,MBowman</authors>
		<jconf>Proceedings of the Fifteenth National Conference Artificial Intelligence AAAI National Conference Artificial Intelligence Workshop Software Tools for Developing Agents AAAI National Conference Artificial Intelligence Workshop Technical Report WS AAAI National Conference Artificial Intelligence Press Menlo Park Computer Animation</jconf>
		<label>28</label>
	</publication>
	<publication>
		<title>Mixed-Initiative Development of Knowledge Bases</title>
		<authors>SLee,GTecuci,MBoicu,KWright,SeokWonLee</authors>
		<jconf>Proceedings of the Sixteenth National Conference Artificial Intelligence AAAI National Conference Artificial Intelligence Workshop Mixed Initiative Intelligence WS AAAI National Conference Artificial Intelligence Press Menlo Park Computer Animation</jconf>
		<label>28</label>
	</publication>
	<publication>
		<title>An Integrated Shell and Methodology for Rapid Development of Knowledge-Based Agents,</title>
		<authors>SLee,GTecuci,MBoicu,KWright,SeokWonLee,DMarcu,MBowman</authors>
		<jconf>Proceedings of the Sixteenth National Conference Artificial Intelligence AAAI National Conference Artificial Intelligence AAAI National Conference Artificial Intelligence Press The MIT Press Menlo Park Computer Animation</jconf>
		<label>28</label>
	</publication>
	<publication>
		<title>Intelligent Agents: Principles and Design - A Tutoring Based Approach to the Development of Intelligent Agents,</title>
		<authors>SLee,GTecuci,MBoicu,KWright,SeokWonLee,DMarcu,MBowman</authors>
		<jconf>A book chapter Teodorescu H N Mlynek D Kandel A and Zimmermann H J editors Intelligent Systems and Interfaces The Kluwer International Series Intelligent Kluwer Academic Press</jconf>
		<label>28</label>
	</publication>
	<publication>
		<title>Building agents from shared ontologies through apprenticeship multistrategy learning,</title>
		<authors>SLee,KWright,MBoicu,SeokWonLee,GTecuci</authors>
		<jconf>Proceedings of the Fifteenth National Conference Artificial Intelligence AAAI National Conference Artificial Intelligence p AAAI National Conference Artificial Intelligence Press Menlo Park Computer Animation</jconf>
		<label>28</label>
	</publication>
	<publication>
		<title>Augmenting Medical Databases Domain Knowledge,</title>
		<authors>SLee,JMAronis,BruceGBuchanan,SeokWonLee</authors>
		<jconf>Proceedings of the AAAI National Conference Artificial Intelligence Symposium AI Artificial Intelligence Medicine AIM Applications of Current Technologies University Computer Animation th AAAI National Conference Artificial Intelligence Press Menlo Park Computer Animation Also listed an Intelligent Systems Laboratory Report ISL and Department of Computer Science Technical Report TR University of</jconf>
		<label>28</label>
	</publication>
	<publication>
		<title>A Problem-Oriented Approach to Ontology Creation and Maintenance</title>
		<authors>SLee,MBoicu,GTecuci,MBowman,DMarcu,SeokWonLee,KWright</authors>
		<jconf>Proceedings of the Sixteenth National Conference Artificial Intelligence AAAI National Conference Artificial Intelligence Workshop Ontology Management WS AAAI National Conference Artificial Intelligence Press Menlo Park Computer Animation</jconf>
		<label>28</label>
	</publication>
	<publication>
		<title>The Disciple Integrated Shell and Methodology for Rapid Development of Knowledge-Based Agents,</title>
		<authors>SLee,MBoicu,KWright,DMarcu,SeokWonLee,MBowman,GTecuci</authors>
		<jconf>Proceedings of the Sixteenth National Conference Artificial Intelligence AAAI National Conference Artificial Intelligence Intelligent Systems Demonstrations AAAI National Conference Artificial Intelligence Press The MIT Press Menlo Park Computer Animation</jconf>
		<label>28</label>
	</publication>
	<publication>
		<title>Database Discovery Applied to Agriculture and Waste Characterization,</title>
		<authors>SLee,LKerschberg,SeokWonLee,LTischer,</authors>
		<jconf>Technical Report for the National Engineering and Environmental Laboratory INEEL Center for Information Systems Integration and Evolution George University</jconf>
		<label>28</label>
	</publication>
	<publication>
		<title>Knowledge Discovery from Geographic Data via Constructive Induction-based Multistrategy Learning Approach,</title>
		<authors>SLee,SeokWonLee,LKerschberg,</authors>
		<jconf>Technical Report Center for Information Systems Integration and Evolution George University</jconf>
		<label>28</label>
	</publication>
	<publication>
		<title>Knowledge Discovery and Refinement from an Information Repository: A Multistrategy Learning Approach,</title>
		<authors>SLee,SeokWonLee,LKerschberg,</authors>
		<jconf>Technical Report Center for Information Systems Integration and Evolution George University</jconf>
		<label>28</label>
	</publication>
	<publication>
		<title>ALPE: A System for Automatic Learning Performance Evaluation The Method and User's Guide,</title>
		<authors>SLee,SeokWonLee,RyszardSMichalski,</authors>
		<jconf>Reports of the Machine Learning and Inference Laboratory MLI George University</jconf>
		<label>28</label>
	</publication>
	<publication>
		<title>A Multistrategy Learning Approach to Flexible Knowledge Organization and Discovery,</title>
		<authors>SLee,SeokWonLee,SFischthal,JWnek</authors>
		<jconf>B Editor Proceedings of the Fourteenth National Conference Artificial Intelligence AAAI National Conference Artificial Intelligence Workshop AI Artificial Intelligence and Knowledge Management AAAI National Conference Artificial Intelligence Workshop Technical Report WS Rhode Island AAAI National Conference Artificial Intelligence Press Menlo Park Computer Animation</jconf>
		<label>28</label>
	</publication>
	<publication>
		<title>A Multistrategy Approach for Constructive Induction-based Knowledge Discovery,</title>
		<authors>SLee,SeokWonLee,SFischthal,JWnek</authors>
		<jconf>F Pin Z W Ras A Skowron Editors Proceedings of the Tenth International Symposium Methodologies for Intelligent Systems ISMIS International Syposium Methodologies for Intelligent Systems North Carolina Oak National Laboratory</jconf>
		<label>28</label>
	</publication>
	<publication>
		<title>A Methodology to Build a Knowledge Base from Shared Ontology Repositories,</title>
		<authors>SLee,SeokWonLee,GTecuci,</authors>
		<jconf>Technical Report Learning Agents Laboratory Department of Computer Science School of Information Technology and Engineering George University</jconf>
		<label>28</label>
	</publication>
	<publication>
		<title>Natural Induction: AQ-MOR: Learning from Examples an Extended Set of Multiple Operators</title>
		<authors>SLee,SeokWonLee,RyszardSMichalski,</authors>
		<jconf>Technical Report Machine Learning and Inference Laboratory George University</jconf>
		<label>28</label>
	</publication>
	<publication>
		<title>Resilient multicast using overlays</title>
		<authors>SLee,AravindSrinivasan,BobbyBhattacharjee,SumanBanerjee</authors>
		<jconf>SIGMETRICS Measurement and Modeling of Computer Systems</jconf>
		<label>29</label>
	</publication>
	<publication>
		<title>A Practical Approach Defeating Blackmailing</title>
		<authors>SLee,DongHoonLee,Dong-GukHan,Hye-YoungPark,Hyung-JinYang,Young-HoPark</authors>
		<jconf>ACISP Australasian Conference Information Security and Privacy</jconf>
		<label>2</label>
	</publication>
	<publication>
		<title>A Proposal of a New Public Key Cryptosystem Using Matrices over a Ring</title>
		<authors>SLee,HeajoungYoo,JongInLim,MaengheeSung,OkyeonYi,SeokhieHong</authors>
		<jconf>ACISP Australasian Conference Information Security and Privacy</jconf>
		<label>2</label>
	</publication>
	<publication>
		<title>A Chosen Plaintext Linear Attack on Block Cipher CIKS-</title>
		<authors>ChanghoonLee,DeukjoHong,Hyung-JinYang,JonginLim,SungjaeLee</authors>
		<jconf>ICICS International Conference Information Communications and Signal Processing</jconf>
		<label>2</label>
	</publication>
	<publication>
		<title>Linear Cryptanalysis of SPECTR-H with Higher Order Differential Property</title>
		<authors>SLee,DeukjoHong,JonginLim,SeokhieHong,YoungdaiKo</authors>
		<jconf>MMM Multimedia Modeling link ACNS Applied Cryptography and Network Security</jconf>
		<label>2</label>
	</publication>
	<publication>
		<title>Amplified Boomerang Attack against Reduced-Round SHACAL</title>
		<authors>SLee,DukjaeMoon,JongsungKim,SeokhieHong,SeokwonJung,WonilLee</authors>
		<jconf>ASIACRYPT Theory and Application of Cryptology and Information Security</jconf>
		<label>2</label>
	</publication>
	<publication>
		<title>On the Correlation Immune Functions and Their Nonlinearity</title>
		<authors>SLee,DaikiLee,SeongtaekChee,SooHakSung</authors>
		<jconf>ASIACRYPT Theory and Application of Cryptology and Information Security</jconf>
		<label>2</label>
	</publication>
	<publication>
		<title>An Efficient Implementation of Braid Groups</title>
		<authors>SLee,JaeChoonCha,JaeWooHan,JungHeeCheon,KiHyoungKo</authors>
		<jconf>ASIACRYPT Theory and Application of Cryptology and Information Security</jconf>
		<label>2</label>
	</publication>
	<publication>
		<title>Known-IV Attacks on Triple Modes of Operation of Block Ciphers</title>
		<authors>SLee,DeukjoHong,JaechulSung,JonginLim,OkyeonYi,SeokhieHong,WonilLee</authors>
		<jconf>ASIACRYPT Theory and Application of Cryptology and Information Security</jconf>
		<label>2</label>
	</publication>
	<publication>
		<title>Provable Security for the Skipjack-like Structure against Differential Cryptanalysis and Linear Cryptanalysis</title>
		<authors>SLee,JaechulSung,JongInLim,SangjoonPark,SeokhieHong</authors>
		<jconf>ASIACRYPT Theory and Application of Cryptology and Information Security</jconf>
		<label>2</label>
	</publication>
	<publication>
		<title>A Practical Approach Defeating Blackmailing</title>
		<authors>SLee,DongHoonLee,Dong-GukHan,Hye-YoungPark,Hyung-JinYang,Young-HoPark</authors>
		<jconf>ACISP Australasian Conference Information Security and Privacy</jconf>
		<label>2</label>
	</publication>
	<publication>
		<title>Conditional Correlation Attack on Nonlinear Filter Generators</title>
		<authors>SLee,Sang-JoonPark,SeongtaekChee,Sung-MoPark</authors>
		<jconf>ASIACRYPT Theory and Application of Cryptology and Information Security</jconf>
		<label>2</label>
	</publication>
	<publication>
		<title>A Proposal of a New Public Key Cryptosystem Using Matrices over a Ring</title>
		<authors>SLee,HeajoungYoo,JongInLim,MaengheeSung,OkyeonYi,SeokhieHong</authors>
		<jconf>ACISP Australasian Conference Information Security and Privacy</jconf>
		<label>2</label>
	</publication>
	<publication>
		<title>A Chosen Plaintext Linear Attack on Block Cipher CIKS-</title>
		<authors>ChanghoonLee,DeukjoHong,Hyung-JinYang,JonginLim,SungjaeLee</authors>
		<jconf>ICICS International Conference Information Communications and Signal Processing</jconf>
		<label>2</label>
	</publication>
	<publication>
		<title>An Efficient Implementation of Braid Groups</title>
		<authors>SLee,JaeChoonCha,JaeWooHan,JungHeeCheon,KiHyoungKo</authors>
		<jconf>ASIACRYPT Theory and Application of Cryptology and Information Security</jconf>
		<label>2</label>
	</publication>
	<publication>
		<title>Known-IV Attacks on Triple Modes of Operation of Block Ciphers</title>
		<authors>SLee,DeukjoHong,JaechulSung,JonginLim,OkyeonYi,SeokhieHong,WonilLee</authors>
		<jconf>ASIACRYPT Theory and Application of Cryptology and Information Security</jconf>
		<label>2</label>
	</publication>
	<publication>
		<title>Provable Security for the Skipjack-like Structure against Differential Cryptanalysis and Linear Cryptanalysis</title>
		<authors>SLee,JaechulSung,JongInLim,SangjoonPark,SeokhieHong</authors>
		<jconf>ASIACRYPT Theory and Application of Cryptology and Information Security</jconf>
		<label>2</label>
	</publication>
	<publication>
		<title>Conditional Correlation Attack on Nonlinear Filter Generators</title>
		<authors>SLee,Sang-JoonPark,SeongtaekChee,Sung-MoPark</authors>
		<jconf>ASIACRYPT Theory and Application of Cryptology and Information Security</jconf>
		<label>2</label>
	</publication>
	<publication>
		<title>Amplified Boomerang Attack against Reduced-Round SHACAL</title>
		<authors>SLee,DukjaeMoon,JongsungKim,SeokhieHong,SeokwonJung,WonilLee</authors>
		<jconf>ASIACRYPT Theory and Application of Cryptology and Information Security</jconf>
		<label>2</label>
	</publication>
	<publication>
		<title>On the Correlation Immune Functions and Their Nonlinearity</title>
		<authors>SLee,DaikiLee,SeongtaekChee,SooHakSung</authors>
		<jconf>ASIACRYPT Theory and Application of Cryptology and Information Security</jconf>
		<label>2</label>
	</publication>
	<publication>
		<title>An Efficient Implementation of Braid Groups</title>
		<authors>SLee,JaeChoonCha,JaeWooHan,JungHeeCheon,KiHyoungKo</authors>
		<jconf>ASIACRYPT Theory and Application of Cryptology and Information Security</jconf>
		<label>2</label>
	</publication>
	<publication>
		<title>Known-IV Attacks on Triple Modes of Operation of Block Ciphers</title>
		<authors>SLee,DeukjoHong,JaechulSung,JonginLim,OkyeonYi,SeokhieHong,WonilLee</authors>
		<jconf>ASIACRYPT Theory and Application of Cryptology and Information Security</jconf>
		<label>2</label>
	</publication>
	<publication>
		<title>Provable Security for the Skipjack-like Structure against Differential Cryptanalysis and Linear Cryptanalysis</title>
		<authors>SLee,JaechulSung,JongInLim,SangjoonPark,SeokhieHong</authors>
		<jconf>ASIACRYPT Theory and Application of Cryptology and Information Security</jconf>
		<label>2</label>
	</publication>
	<publication>
		<title>Conditional Correlation Attack on Nonlinear Filter Generators</title>
		<authors>SLee,Sang-JoonPark,SeongtaekChee,Sung-MoPark</authors>
		<jconf>ASIACRYPT Theory and Application of Cryptology and Information Security</jconf>
		<label>2</label>
	</publication>
	<publication>
		<title>Linear Cryptanalysis of SPECTR-H with Higher Order Differential Property</title>
		<authors>SLee,DeukjoHong,JonginLim,SeokhieHong,YoungdaiKo</authors>
		<jconf>MMM Multimedia Modeling link ACNS Applied Cryptography and Network Security</jconf>
		<label>2</label>
	</publication>
	<publication>
		<title>Amplified Boomerang Attack against Reduced-Round SHACAL</title>
		<authors>SLee,DukjaeMoon,JongsungKim,SeokhieHong,SeokwonJung,WonilLee</authors>
		<jconf>ASIACRYPT Theory and Application of Cryptology and Information Security</jconf>
		<label>2</label>
	</publication>
	<publication>
		<title>On the Correlation Immune Functions and Their Nonlinearity</title>
		<authors>SLee,DaikiLee,SeongtaekChee,SooHakSung</authors>
		<jconf>ASIACRYPT Theory and Application of Cryptology and Information Security</jconf>
		<label>2</label>
	</publication>
	<publication>
		<title>An Efficient Implementation of Braid Groups</title>
		<authors>SLee,JaeChoonCha,JaeWooHan,JungHeeCheon,KiHyoungKo</authors>
		<jconf>ASIACRYPT Theory and Application of Cryptology and Information Security</jconf>
		<label>2</label>
	</publication>
	<publication>
		<title>Known-IV Attacks on Triple Modes of Operation of Block Ciphers</title>
		<authors>SLee,DeukjoHong,JaechulSung,JonginLim,OkyeonYi,SeokhieHong,WonilLee</authors>
		<jconf>ASIACRYPT Theory and Application of Cryptology and Information Security</jconf>
		<label>2</label>
	</publication>
	<publication>
		<title>Provable Security for the Skipjack-like Structure against Differential Cryptanalysis and Linear Cryptanalysis</title>
		<authors>SLee,JaechulSung,JongInLim,SangjoonPark,SeokhieHong</authors>
		<jconf>ASIACRYPT Theory and Application of Cryptology and Information Security</jconf>
		<label>2</label>
	</publication>
	<publication>
		<title>Conditional Correlation Attack on Nonlinear Filter Generators</title>
		<authors>SLee,Sang-JoonPark,SeongtaekChee,Sung-MoPark</authors>
		<jconf>ASIACRYPT Theory and Application of Cryptology and Information Security</jconf>
		<label>2</label>
	</publication>
	<publication>
		<title>Object-Oriented Manufacturing Application Framework</title>
		<authors>SLee,SaiPeckLee,SiewKhimThin,HongSongLiu</authors>
		<jconf>Proceedings of th International Conference and Exhibition Technology of Object Oriented Languages and Systems TOOLS</jconf>
		<label>30</label>
	</publication>
	<publication>
		<title>An efficient statistical analysis methodology and its application to high-density DRAMs</title>
		<authors>Chang-hoonChoi,Jei-HwanYoo,Jeong-TaekKong,Wong-SeongLee</authors>
		<jconf>ICCAD International Conference Computer Aided Design</jconf>
		<label>33</label>
	</publication>
	<publication>
		<title>New Model Parameter Extraction Environment for the Submicron Circuit Models</title>
		<authors>SLee,Chang-hoonChoi,Jin-KyuPark,Kyung-HoKim,Yeong-GilKim</authors>
		<jconf>ISCAS IEEE International Symposium Circuits and Systems</jconf>
		<label>33</label>
	</publication>
	<publication>
		<title>SENSATION: A New Environment for Automatic Circuit Optimization and Statistical Analysis</title>
		<authors>SLee,Jai-HoonLee,Kyung-HoKim,Yeong-GilKim</authors>
		<jconf>ISCAS IEEE International Symposium Circuits and Systems</jconf>
		<label>33</label>
	</publication>
	<publication>
		<title>New Model Parameter Extraction Environment for the Submicron Circuit Models</title>
		<authors>SLee,Chang-hoonChoi,Jin-KyuPark,Kyung-HoKim,Yeong-GilKim</authors>
		<jconf>ISCAS IEEE International Symposium Circuits and Systems</jconf>
		<label>33</label>
	</publication>
	<publication>
		<title>Complementary Self-Biased Scheme for the Robust Design of CMOS/SET Hybrid Multi-Valued Logic</title>
		<authors>SLee,Byung-GookPark,Chun-AnLee,DaeHwanKim,GwanghyeonBaek,JaewooKyung,JongDukLee,Ki-WhanSong,KyungRokKim</authors>
		<jconf>ISMVL IEEE INTERNATIONAL SYMPOSIUM MULTIPLE VALUED LOGIC</jconf>
		<label>33</label>
	</publication>
	<publication>
		<title>VBR Video Data Scheduling Using Window-Based Prefetching</title>
		<authors>SLee,In-HwanKim,Jeong-WonKim,Ki-DongChung</authors>
		<jconf>ICMCS International Conference Multimedia Computing and Systems</jconf>
		<label>34</label>
	</publication>
	<publication>
		<title>VBR Video Scheduling using Window-Based Pregeching</title>
		<authors>In-HwanKim,Jung-WonKim,Seung-WonLee,Ki-DongChung</authors>
		<jconf>ICMCS International Conference Multimedia Computing and Systems Firenze</jconf>
		<label>34</label>
	</publication>
	<publication>
		<title>Measurement-Based Adaptive Statistical Admission Control Scheme</title>
		<authors>In-HwanKim,Jeong-WonKim,Seung-WonLee,Ki-DongChung</authors>
		<jconf>ICOIN International Conference Information Networking Beppu</jconf>
		<label>34</label>
	</publication>
	<publication>
		<title>An Alternative Multicast Transmission Scheme for VCR Operations in a Large VOD system</title>
		<authors>Seung-WonLee,Ki-WanKim,Jung-MinChoi,Ki-DongChung</authors>
		<jconf>ICOIN International Conference Information Networking</jconf>
		<label>34</label>
	</publication>
	<publication>
		<title>Efficient Access Using Hierarchical WML Decks for Multimedia Services under Wireless and Mobile Networks</title>
		<authors>SLee,Chul-HeeKang,Dae-gunKim,LynnChoi</authors>
		<jconf>MMNS International Conference Management of Multimedia Networks and Services</jconf>
		<label>36</label>
	</publication>
	<publication>
		<title>Adaptive and Automatic Creation of Hierarchical WML Decks for Efficient Access of Wireless Internet under Wireless Application Protocol</title>
		<authors>SLee,Chul-HeeKang,Daeg-gunKim,LynnChoi</authors>
		<jconf>CDMA Code Division Multiple Access International Conference</jconf>
		<label>36</label>
	</publication>
	<publication>
		<title>Combining Semantic Based Indexing and Fuzzy Relevance Model in IR System</title>
		<authors>SLee,Bo-YeongKang,Dae-WonKim,Sang-OkGu</authors>
		<jconf>FSKD Fuzzy Systems and Knowledge Discovery</jconf>
		<label>38</label>
	</publication>
	<publication>
		<title>Optimal Number and Placement of Web Proxies in Bidirectional Data Flow Model: Linear and Ring Topologies</title>
		<authors>SLee,Bong-HeeMoon,HaengeunJung,JumgimChoi</authors>
		<jconf>PDPTA Parallel and Distributed Processing Techniques and Applications</jconf>
		<label>39</label>
	</publication>
	<publication>
		<title>Optimal Number and Location for Web Proxies in Linear and Ring Networks</title>
		<authors>JumgimChoi,HaengeunJung,Sang-KyuLee,Bong-HeeMoon</authors>
		<jconf>Proceedings of The International Conference Parallel and Distributed Processing Techniques and Applications</jconf>
		<label>39</label>
	</publication>
	<publication>
		<title>A Presentation Scheduling Scheme for Multimedia Databases</title>
		<authors>SLee,JaehyukCha,JisookPark,YunmookNah</authors>
		<jconf>COMPSAC International Computer Software and Applications Conference</jconf>
		<label>3</label>
	</publication>
	<publication>
		<title>Supporting Dynamic Relocation of Video Data in Disk-Array-Based Video Servers</title>
		<authors>SLee,EunsamKim,Taeck-GeunKwon,YunmookNah</authors>
		<jconf>DASFAA Database Systems for Advanced Applications</jconf>
		<label>3</label>
	</publication>
	<publication>
		<title>A Presentation Scheduling Scheme for Multimedia Databases</title>
		<authors>SLee,JaehyukCha,JisookPark,YunmookNah</authors>
		<jconf>COMPSAC International Computer Software and Applications Conference</jconf>
		<label>3</label>
	</publication>
	<publication>
		<title>On Workload Characterization of Relational Database Environments</title>
		<authors>SLee,Hans-UlrichHeiss,Ming-SyanChen,PhilipSYu</authors>
		<jconf>Int CMG Computer Measurement Group Conference</jconf>
		<label>3</label>
	</publication>
	<publication>
		<title>Supporting Dynamic Relocation of Video Data in Disk-Array-Based Video Servers</title>
		<authors>SLee,EunsamKim,Taeck-GeunKwon,YunmookNah</authors>
		<jconf>DASFAA Database Systems for Advanced Applications</jconf>
		<label>3</label>
	</publication>
	<publication>
		<title>Fortuitous Detection and its Impact on Test Set Sizes Using Stuck-at and Transition Faults</title>
		<authors>SLee,BradCobb,JamesWingfield,JenniferDworak,Li-CWang,MRayMercer</authors>
		<jconf>DFT Defect and Fault Tolerance VLSI Systems</jconf>
		<label>40</label>
	</publication>
	<publication>
		<title>A New ATPG Algorithm to Limit Test Set Size and Achieve Multiple Detections of All Faults</title>
		<authors>SLee,BradCobb,JenniferDworak,MRayMercer,MichaelRGrimaila</authors>
		<jconf>DATE Design Automation and Test Europe</jconf>
		<label>40</label>
	</publication>
	<publication>
		<title>Dynamic Buffer Allocation in Video-on-Demand Systems</title>
		<authors>SLee,Il-YeolSong,Kyu-YoungWhang,Yang-SaeMoon</authors>
		<jconf>SIGMOD International Conference Management of Data Conference</jconf>
		<label>42</label>
	</publication>
	<publication>
		<title>A Web Service Approach to Universal Accessibility in Collaboration Services</title>
		<authors>SangmiLee,SunghoonKo,GeoffreyFox,KangseokKim,SangyoonOh</authors>
		<jconf>Proceedings of st International Conference Web Services Las Vegas</jconf>
		<label>45</label>
	</publication>
	<publication>
		<title>GMSME: An Architecture for Heterogeneous Collaboration Mobile Devices</title>
		<authors>SLee,SangyoonOh,GeoffreyCFox,SunghoonKo</authors>
		<jconf>The Fifth IEEE International Conference and Wireless Communications Networks MWCN</jconf>
		<label>45</label>
	</publication>
	<publication>
		<title>Grid services for earthquake science</title>
		<authors>SLee,AhmetUyar,Choon-HanYoun,GeoffreyFox,GurhanGunduz,HasanBulut,JakeKim,Kang-SeokKim,MarlonEPierce,MustafaVarank,OzgurBalsoy,SangyoonOh,ShrideepPallickara,SungHoonKo,XiRao,XiaohongQiu</authors>
		<jconf>Concurrency and Computation Practice and Experience</jconf>
		<label>45</label>
	</publication>
	<publication>
		<title>An Architecture for e-Science and its Implications</title>
		<authors>HasanBulut,GeoffreyFox,DennisGannon,KangseokKim,Sung-HoonKo,SangmiLee,SangyoonOh,XiRao,ShrideepPallickara,QuinlinPei,MarlonPierce,AleksanderSlominski,AhmetUyar,WenjunWu,ChoonhanYoun</authors>
		<jconf>to be presented at International Symposium Performance Evaluation of Computer and Telecommunication Systems SPECTS</jconf>
		<label>45</label>
	</publication>
	<publication>
		<title>Collaborative Web Services and Peer-to-Peer Grids or in sxw</title>
		<authors>GeoffreyFox,HasanBulut,KangseokKim,Sung-HoonKo,SangmiLee,SangyoonOh,ShrideepPallickara,XiaohongQiu,AhmetUyar,MinjunWang,WenjunWu</authors>
		<jconf>presented at Collaborative Technologies Symposium CTS</jconf>
		<label>45</label>
	</publication>
	<publication>
		<title>A Web Service Approach to Universal Accessibility in Collaboration Services</title>
		<authors>SLee,GeoffreyFox,Kang-SeokKim,SangyoonOh,SunghoonKo</authors>
		<jconf>ICWS IEEE International Conference Web Services</jconf>
		<label>45</label>
	</publication>
	<publication>
		<title>A Techniques for the Global Register Allocation of a Retargetable Compiler</title>
		<authors>SLee,JKChoi,HGSim,SJLee</authors>
		<jconf>Proceedings of the th Korea Information Science Society</jconf>
		<label>46</label>
	</publication>
	<publication>
		<title>Selective Squashing Branch Scheme for Superscalar Processors</title>
		<authors>ESHwang,JKChoi,BGYoo,SLee</authors>
		<jconf>Proceedings of the Institute of Electronics Engineers of Korea</jconf>
		<label>46</label>
	</publication>
	<publication>
		<title>Performance Effects of the Data Value Predictor in Superscalar Processors</title>
		<authors>SLee,HRPark,BCJoun,SJLee</authors>
		<jconf>Proceedings of the Institute of Electronics Engineers of Korea</jconf>
		<label>46</label>
	</publication>
	<publication>
		<title>The Effect of Aliasing on a -Level Data Value Predictor in ILP Processors</title>
		<authors>SLee,HPPark,BCJoun,SJLee</authors>
		<jconf>Soonchunhyang Journal of the Institute of Industrial Technology</jconf>
		<label>46</label>
	</publication>
	<publication>
		<title>The Performance Evaluation of Data Value Predictors in ILP Processors</title>
		<authors>SLee,HRPark,BCJoun,SJLee</authors>
		<jconf>Proceedings of the th Korea Information Science Society p</jconf>
		<label>46</label>
	</publication>
	<publication>
		<title>Development of a Performance Measurement and Evaluation Tool for ILP Processors</title>
		<authors>SLee,HGSim,YSKim,SJLee</authors>
		<jconf>Proceedings of the th Korea Information Science Society</jconf>
		<label>46</label>
	</publication>
	<publication>
		<title>A QoS Network Management System for Robust and Reliable Multimedia Services</title>
		<authors>SLee,HYu,KYamada,MarioGerla,SDas</authors>
		<jconf>MMNS International Conference Management of Multimedia Networks and Services</jconf>
		<label>48</label>
	</publication>
	<publication>
		<title>Facial Animation Using Bundle;</title>
		<authors>HeeKang,Sun-YoungPark,WookKoh,Sang-HoLee,</authors>
		<jconf>Proceedings of Korea Graphics Fall Conference</jconf>
		<label>49</label>
	</publication>
	<publication>
		<title>The Design and Implementation of a Rule-Based Expert System Language</title>
		<authors>SLee,Cheng-JerYu,Chih-HungWu,Hung-SenChou</authors>
		<jconf>ICTAI International Conference Tools with Artificial Intelligence</jconf>
		<label>4</label>
	</publication>
	<publication>
		<title>The Design and Implementation of a Rule-Based Expert System Language</title>
		<authors>SLee,Cheng-JerYu,Chih-HungWu,Hung-SenChou</authors>
		<jconf>ICTAI International Conference Tools with Artificial Intelligence</jconf>
		<label>4</label>
	</publication>
	<publication>
		<title>Cross-language Multi-media Information Retrieval System: BOSS,</title>
		<authors>SangkonLee,MasafumiKoyama,ShojiMizobuchi,KyokoUchibayashi,FumihikoKawano,TakahiroKomatsu,Jun-ichiAoe</authors>
		<jconf>ICCPOL The th International Conference Computer Processing of Oriental Languages I Tokushima th th</jconf>
		<label>51</label>
	</publication>
	<publication>
		<title>Extraction of Field-Coherent Passages,</title>
		<authors>SamuelSangkonLee,MasamiShishibori,ToruSumitomo,Jun-ichiAoe</authors>
		<jconf>An International Journal of Information Processing and Management</jconf>
		<label>51</label>
	</publication>
	<publication>
		<title>Integrated Dictionary Management Tool for English-to-Korean Machine Translation,</title>
		<authors>SangkonLee,HyunsuKang,HyungyungChon,YongseokLee</authors>
		<jconf>Proceedings of the th KISS Korea Information Science Society Fall Conference pg th</jconf>
		<label>51</label>
	</publication>
	<publication>
		<title>Passage Retrieval based on Topic-Matter,</title>
		<authors>SangkonLee,MasamiShishibori,KazuhiroMorita,Jun-ichiAoe</authors>
		<jconf>Paper presented at the th International Conference Computer Processing of Oriental Languages ICCPOL th th Korea Republic of</jconf>
		<label>51</label>
	</publication>
	<publication>
		<title>Word Popularity based on Time-Series Variation,</title>
		<authors>El-SayedAtlam,SangkonLee,KazuhiroMorita,MasamiShishibori,Jun-ichiAoe</authors>
		<jconf>Paper presented at the th International Conference Computer Processing of Oriental Languages ICCPOL th th Korea Republic of</jconf>
		<label>51</label>
	</publication>
	<publication>
		<title>A Document Classification Method by Using Field Association Words,</title>
		<authors>MasaoFuketa,SangkonLee,TakakoTsuji,MakotoOkada,Jun-ichiAoe</authors>
		<jconf>Tokushima Information Sciences An International Journal Elsevier Science Information Sciences</jconf>
		<label>51</label>
	</publication>
	<publication>
		<title>Efficient Controlling of Parsing-Stack Operation for LR Parsers,</title>
		<authors>MasaoFuketa,KazuhiroMorita,SangkonLee,Jun-ichiAoe</authors>
		<jconf>Information Sciences An International Journal Elsevier ScienceInformation Sciences Tokushima rd</jconf>
		<label>51</label>
	</publication>
	<publication>
		<title>A Method of Determining Text Fields using Association Words,</title>
		<authors>MasaoFuketa,SangkonLee,ToruSumitomo,Jun-ichiAoe</authors>
		<jconf>Tokushima ISAS International Conference Information Systems Analysis and Synthesis SCI Scalable Coherent Interface Proceedings of World Multiconference Systematics Cybernetics and Informatics VIII at Flordia</jconf>
		<label>51</label>
	</publication>
	<publication>
		<title>Multi-lingual Multi-media Information Retrieval System,</title>
		<authors>ShojiMizobuchi,SangkonLee,FumihikoKawano,TsuyoshiKobayashi,TakahiroKomatsu,Jun-ichiAoe</authors>
		<jconf>Paper presented at the proceedings of the First NTCIR Workshop Research Japanese Text Retrieval and Term Recognition NTCIR Workshop Tokushima st</jconf>
		<label>51</label>
	</publication>
	<publication>
		<title>An Efficient Substring Search Method by Using Delayed Keyword Extraction,</title>
		<authors>MakotoOkada,KazuakiAndo,SamuelSangkonLee,YoshitakaHayashi,Jun-ichiAoe</authors>
		<jconf>An International Journal of Information Processing and Management</jconf>
		<label>51</label>
	</publication>
	<publication>
		<title>Improvement of the LR Parsing Table and Its Application to Grammatical Error Correction,</title>
		<authors>MasamiShishibori,SamuelSangkonLee,MasakiOono,Jun-ichiAoe</authors>
		<jconf>An International Journal of Information Sciences</jconf>
		<label>51</label>
	</publication>
	<publication>
		<title>An Efficient Method to Retrieve Passages in Documents Using Field-reminding Words,</title>
		<authors>MasamiShishibori,SangkonLee,MinsooChon,Jun-ichiAoe</authors>
		<jconf>Tokushima ISAS International Conference Information Systems Analysis and Synthesis SCI Scalable Coherent Interface Proceedings of World Multiconference Systematics Cybernetics and Informatics VII at Flordia</jconf>
		<label>51</label>
	</publication>
	<publication>
		<title>Evaluation of the INSIGNIA Signaling System</title>
		<authors>SLee,SBLee,GSAhn,XZhang,ATCampbell</authors>
		<jconf>th IFIP International Federation for Information Processing International Conference High Performance Networking Networking</jconf>
		<label>57</label>
	</publication>
	<publication>
		<title>INSIGNIA: An IP-Based Quality of Service Framework for Mobile Ad Hoc Networks</title>
		<authors>SLee,SBLee,AGahng-Seop,XZhang,ATCampbell</authors>
		<jconf>Journal of Parallel and Distributed Computing Academic Press Special issue Wireless and Computing and Communications pg</jconf>
		<label>57</label>
	</publication>
	<publication>
		<title>Real-Time Task Scheduling Multiobjective Genetic Algorithms in Multiprocessor Systems</title>
		<authors>SLee,JaewonOh,HyokyungBahn,ChisuWu,KernKoh,Byung-RoMoon</authors>
		<jconf>th IASTED International Conference Applied Information</jconf>
		<label>59</label>
	</publication>
	<publication>
		<title>New Entropy-Based Measures of Gene Significance and Epistasis</title>
		<authors>SLee,Dong-IlSeo,Yong-HyukKim,Byung-RoMoon</authors>
		<jconf>Genetic and Evolutionary Computation Conference</jconf>
		<label>59</label>
	</publication>
	<publication>
		<title>Assignment Copy Detection Using Neuro-Genetic Hybrids</title>
		<authors>SLee,Seung-jinYang,Yong-GeonKim,Yung-KeunKwon,Byung-RoMoon</authors>
		<jconf>Genetic and Evolutionary Computation Conference</jconf>
		<label>59</label>
	</publication>
	<publication>
		<title>Exploiting Synergies of Multiple Crossover</title>
		<authors>SLee,InkiHong,AndrewBKahng,Byung-RoMoon</authors>
		<jconf>IEEE International Conference Evolutinary Computing</jconf>
		<label>59</label>
	</publication>
	<publication>
		<title>A Hybrid Genetic Algorithm for the Hexagonal Tortoise Problems</title>
		<authors>SLee,HeemahnChoe,Sung-SoonChoi,Byung-RoMoon</authors>
		<jconf>Genetic and Evolutionary Computation Conference</jconf>
		<label>59</label>
	</publication>
	<publication>
		<title>A Hybrid Genetic Algorithm for the MAX CUT Problem</title>
		<authors>SLee,Su-HyangKim,Yong-HyukKim,Byung-RoMoon</authors>
		<jconf>Genetic and Evolutionary Computation Conference</jconf>
		<label>59</label>
	</publication>
	<publication>
		<title>Problem-Independent Schema Synthesis for Genetic Algorithms</title>
		<authors>SLee,Yong-HyukKim,Yung-KeunKwon,Byung-RoMoon</authors>
		<jconf>Genetic and Evolutionary Computation Conference</jconf>
		<label>59</label>
	</publication>
	<publication>
		<title>A genetic hybrid for CHF function approximation</title>
		<authors>SLee,Yung-KeunKwon,Sung-DeokHong,Byung-RoMoon</authors>
		<jconf>Genetic and Evolutionary Computation Conference Nominated for the best paper award</jconf>
		<label>59</label>
	</publication>
	<publication>
		<title>Upgarading the Fuel Bundle CHF Correlation Using a Nonlinear Hybrid Genetic Algorithm</title>
		<authors>SLee,Yung-KeunKwon,Byung-RoMoon,Sung-DeokHong</authors>
		<jconf>Third Korea Symposium Nuclear Thermal Hydraulics and Safety</jconf>
		<label>59</label>
	</publication>
	<publication>
		<title>Optimization of Multi-Way Clustering and Retrieval Using Genetic Algorithms in Reusable Class Library</title>
		<authors>SLee,Byung-JungLee,Byung-RoMoon,Chi-SooWu</authors>
		<jconf>Asia Pacific Software Engineering Conference</jconf>
		<label>59</label>
	</publication>
	<publication>
		<title>Similarity Retrieval by D C-Trees Matching in Image Databases,</title>
		<authors>SLee,FJHsu,SYLee,PSLin</authors>
		<jconf>Journal of Visual Communication Image Representation</jconf>
		<label>5</label>
	</publication>
	<publication>
		<title>An Accurate Instruction-Level Energy Consumption Model for Embedded RISC Processors</title>
		<authors>SLee,AndreasErmedahl,NaehyuckChang,SangLyulMin</authors>
		<jconf>LCTES Languages Compilers and Tools for Embedded Systems OM</jconf>
		<label>60</label>
	</publication>
	<publication>
		<title>Code Generation for a Dual Instruction Set Processor Based on Selective Code Transformation</title>
		<authors>SheayunLee,JaejinLee,SangLyulMin,JasonHiser,JackWDavidson</authors>
		<jconf>Proceedings of the th International Workshop Software and Compilers for Embedded Systems LNCS</jconf>
		<label>60</label>
	</publication>
	<publication>
		<title>A Flexible Tradeoff between Code Size and WCET by Employing Dual Instruction Set Processors</title>
		<authors>SheayunLee,JaejinLee,ChangYunPark,SangLyulMin</authors>
		<jconf>Proceedings of the rd International Workshop Worst Case Execution Time WCET Analysis Porto</jconf>
		<label>60</label>
	</publication>
	<publication>
		<title>Limited Preemptible Scheduling to Embrace Cache Memory in Real-Time Systems</title>
		<authors>SheayunLee,Chang-GunLee,MinsukLee,SangLyulMin,ChongSangKim</authors>
		<jconf>Proceedings of the ACM SIGPLAN Special Interest Group Programming Languages Workshop Languages Compilers and Tools for Embedded Systems LNCS Montreal</jconf>
		<label>60</label>
	</publication>
	<publication>
		<title>An Accurate Instruction-Level Energy Consumption Model for Embedded RISC Processors</title>
		<authors>SheayunLee,AndreasErmedahl,SangLyulMin,NaehyuckChang</authors>
		<jconf>Proceedings of the ACM SIGPLAN Special Interest Group Programming Languages Workshop Languages Compilers and Tools for Embedded Systems SIGPLAN Special Interest Group Programming Languages Notices</jconf>
		<label>60</label>
	</publication>
	<publication>
		<title>TimerMon: A Time-Tracing Hardware for Instrumenting Real-Time Software</title>
		<authors>SheayunLee,MinsukLee,SangLyulMin,ChongSangKim</authors>
		<jconf>Proceedings of the Fifth International Conference Real Time Computing Systems and Applications Industrial Experience Session Hiroshima</jconf>
		<label>60</label>
	</publication>
	<publication>
		<title>Redundancy Optimization for Cooperating Manipulators Using Quadratic inequality Contraints</title>
		<authors>SLee,BHLee,MyoungHChoi,WKwon,WookHyunKwon</authors>
		<jconf>ICRA International Conference Robotics and Automation</jconf>
		<label>68</label>
	</publication>
	<publication>
		<title>A Dynamic Programming Approach to a Reel Assignment Problem of a Surface Mounting Machine in Printed Circuit Board Assembly</title>
		<authors>SLee,BHPark,WHLee,WKwon,WookHyunKwon</authors>
		<jconf>ICRA International Conference Robotics and Automation</jconf>
		<label>68</label>
	</publication>
	<publication>
		<title>A Dynamic Marking Scheme of Assured Service for Alleviating Unfairness among Service Level Agreements</title>
		<authors>SLee,Chul-HeeKang,Seok-MinHong,Seung-JoonSeok</authors>
		<jconf>MMNS International Conference Management of Multimedia Networks and Services</jconf>
		<label>69</label>
	</publication>
	<publication>
		<title>Automatic Lane Following with a Single Camera</title>
		<authors>SLee,DalHLee,DongmokShin,KwangSBoo</authors>
		<jconf>ICRA International Conference Robotics and Automation</jconf>
		<label>6</label>
	</publication>
	<publication>
		<title>Micro Fluid device Using Thick Layer Piezo Actuator Prepared on Si Micro-machined Structure</title>
		<authors>SLee,ChangseungLee,JaewooChung,SeungmoLim</authors>
		<jconf>ICRA International Conference Robotics and Automation</jconf>
		<label>6</label>
	</publication>
	<publication>
		<title>Optimal D Viewing with Adaptive Stereo Displays</title>
		<authors>SLee,Chong-WonLee,Jong-OhPark,SookwangRo</authors>
		<jconf>ICRA International Conference Robotics and Automation</jconf>
		<label>6</label>
	</publication>
	<publication>
		<title>Estimation of Vehicle Pose and Road Curvature Based on Perception-Net</title>
		<authors>SLee,DongYoonKim,DongmokShin,Jae-WonLee,KwangSBoo,KyoungSigRoh,WoongKwon</authors>
		<jconf>ICRA International Conference Robotics and Automation</jconf>
		<label>6</label>
	</publication>
	<publication>
		<title>Experiments of Decision Making Strategies for a Lane Departure Warning System</title>
		<authors>SLee,DongYoonKim,DongmokShin,Jae-WonLee,KyoungSigRoh,WoongKwon</authors>
		<jconf>ICRA International Conference Robotics and Automation</jconf>
		<label>6</label>
	</publication>
	<publication>
		<title>Automatic Lane Following with a Single Camera</title>
		<authors>SLee,DalHLee,DongmokShin,KwangSBoo</authors>
		<jconf>ICRA International Conference Robotics and Automation</jconf>
		<label>6</label>
	</publication>
	<publication>
		<title>Micro Fluid device Using Thick Layer Piezo Actuator Prepared on Si Micro-machined Structure</title>
		<authors>SLee,ChangseungLee,JaewooChung,SeungmoLim</authors>
		<jconf>ICRA International Conference Robotics and Automation</jconf>
		<label>6</label>
	</publication>
	<publication>
		<title>Optimal D Viewing with Adaptive Stereo Displays</title>
		<authors>SLee,Chong-WonLee,Jong-OhPark,SookwangRo</authors>
		<jconf>ICRA International Conference Robotics and Automation</jconf>
		<label>6</label>
	</publication>
	<publication>
		<title>Automatic Lane Following with a Single Camera</title>
		<authors>SLee,DalHLee,DongmokShin,KwangSBoo</authors>
		<jconf>ICRA International Conference Robotics and Automation</jconf>
		<label>6</label>
	</publication>
	<publication>
		<title>Micro Fluid device Using Thick Layer Piezo Actuator Prepared on Si Micro-machined Structure</title>
		<authors>SLee,ChangseungLee,JaewooChung,SeungmoLim</authors>
		<jconf>ICRA International Conference Robotics and Automation</jconf>
		<label>6</label>
	</publication>
	<publication>
		<title>Optimal D Viewing with Adaptive Stereo Displays</title>
		<authors>SLee,Chong-WonLee,Jong-OhPark,SookwangRo</authors>
		<jconf>ICRA International Conference Robotics and Automation</jconf>
		<label>6</label>
	</publication>
	<publication>
		<title>Password-Authenticated Key Exchange between Clients Different Passwords,</title>
		<authors>SLee,JinWookByun,IkRaeJeong,DongHoonLee,Chang-SeopPark</authors>
		<jconf>ICICS International Conference Information Communications and Signal Processing Lecture Notes Computer Science Springer Verlag</jconf>
		<label>74</label>
	</publication>
	<publication>
		<title>Weaknesses of Current Digital Rights Management Systems,</title>
		<authors>SLee,KiSikChang,HakSooJu,DongHoonLee,SangJinLee,JongInLim</authors>
		<jconf>WISA The Third International Workshop Information Security Applications</jconf>
		<label>74</label>
	</publication>
	<publication>
		<title>Provable security for round Skipjack-like structure,</title>
		<authors>SeokhieHong,JaechulSung,SangjinLee,JonginLim,JongsuKim</authors>
		<jconf>Information Processing Letters to be published</jconf>
		<label>74</label>
	</publication>
	<publication>
		<title>Saturation attacks on reduced-round Sipjack,</title>
		<authors>KyungdeokHwang,WonilLee,SungjaeLee,SangjinLee,JonginLim</authors>
		<jconf>Fast Software Encryption Workshop Lecture Notes Computer Science Springer Verlag</jconf>
		<label>74</label>
	</publication>
	<publication>
		<title>Provably Secure Encrypt-then-Sign Composition in Hybrid Signcryption,</title>
		<authors>SLee,IkRaeJeong,HeeYunJeong,HyunSookRhee,DongHoonLee,JongInLim</authors>
		<jconf>To be appeared ICISC Information Security and Cryptology</jconf>
		<label>74</label>
	</publication>
	<publication>
		<title>Amplified Boomerang Attack against Reduced-Round SHACAL,</title>
		<authors>JongsungKim,DukjaeMoon,WonilLee,SeokhieHong,SangjinLee,SeokwonJung</authors>
		<jconf>ASIACRYPT Theory and Application of Cryptology and Information Security LNCS Springer Verlag</jconf>
		<label>74</label>
	</publication>
	<publication>
		<title>A Chosen Plaintext Linear Attack on Block Cipher CIKS-</title>
		<authors>ChanghoonLee,DeukjoHong,Hyung-JinYang,JonginLim,SangjinLee</authors>
		<jconf>ICICS International Conference Information Communications and Signal Processing</jconf>
		<label>74</label>
	</publication>
	<publication>
		<title>Impossible Differential Cryptanalysis of Reduced Round XTEA and TEA ,</title>
		<authors>DukjaeMoon,KyungdeokHwang,WonilLee,SangjinLee,JonginLim</authors>
		<jconf>Fast Software Encryption Workshop Lecture Notes Computer Science Springer Verlag</jconf>
		<label>74</label>
	</publication>
	<publication>
		<title>An alternate decomposition of an integer for faster point multiplication on certain elliptic curves ,</title>
		<authors>SLee,Young-HoPark,SangtaeJeong,ChangHanKim,JonginLim</authors>
		<jconf>Public Key Cryptography PKC Public Key Cryptography Lecture Notes Computer Science Springer Verlag</jconf>
		<label>74</label>
	</publication>
	<publication>
		<title>An improved method of multiplication on certain elliptic curves,</title>
		<authors>Young-HoPark,SanghoOh,SangjinLee,JonginLim,MaengheeSung</authors>
		<jconf>Public Key Cryptography PKC Public Key Cryptography Lecture Notes Computer Science Springer Verlag</jconf>
		<label>74</label>
	</publication>
	<publication>
		<title>Speeding up point multiplication on hyperelliptic curves efficiently computable endomorphisms ,</title>
		<authors>SLee,Young-HoPark,SangtaeJeong,JonginLim</authors>
		<jconf>Eurocrypt Lecture Notes Computer Science Springer Verlag</jconf>
		<label>74</label>
	</publication>
	<publication>
		<title>Performance Analysis of Snoop TCP with Freezing Agent over cdma Networks</title>
		<authors>SLee,HongGuAhn,JaeSungLim,SeungHwanKwak,SungKim</authors>
		<jconf>CDMA Code Division Multiple Access International Conference</jconf>
		<label>78</label>
	</publication>
	<publication>
		<title>Probabilistic checkpointing,</title>
		<authors>HCNam,JKim,SJHong,SLee</authors>
		<jconf>th Fault Tolerant Computing Symposium FTCS Symposium Fault Tolerant Computing</jconf>
		<label>7</label>
	</publication>
	<publication>
		<title>A reliable probabilistic checkpointing,</title>
		<authors>HCNam,JKim,SJHong,SLee</authors>
		<jconf>IEEE Pacific Rim Int l Symposium Dependable Computing Hong Kong</jconf>
		<label>7</label>
	</publication>
	<publication>
		<title>DTN: a new partitionable torus topology,</title>
		<authors>SHChae,JKim,DSKim,SJHong,SLee</authors>
		<jconf>th Int l Conf Parallel Processing I Oconowoc Web Intelligence</jconf>
		<label>7</label>
	</publication>
	<publication>
		<title>Design of a SliM image processor for a SIMD parallel architecture,</title>
		<authors>MHSunwoo,BDAhn,SHOng,SLee</authors>
		<jconf>Seventh Int l Conf Parallel and Distributed Systems Las Vegas</jconf>
		<label>7</label>
	</publication>
	<publication>
		<title>A real-time communication method for wormhole switching networks,</title>
		<authors>BKim,JKim,SHong,SLee</authors>
		<jconf>th Int l Conf Parallel Processing ICPP International Conference Parallel Processing</jconf>
		<label>7</label>
	</publication>
	<publication>
		<title>Real-time job scheduling in hypercube systems,</title>
		<authors>OHKwon,JKim,SJHong,SLee</authors>
		<jconf>th Int l Conf Parallel Processing ICPP International Conference Parallel Processing</jconf>
		<label>7</label>
	</publication>
	<publication>
		<title>Adaptive virtual cut-through as an alternative to wormhole routing,</title>
		<authors>HSLee,HWKim,JKim,SLee</authors>
		<jconf>th Int l Conf Parallel Processing I Oconowoc Web Intelligence</jconf>
		<label>7</label>
	</publication>
	<publication>
		<title>A dynamic load balancing algorithm on switch-based networks,</title>
		<authors>WYLee,SJHong,JKim,SLee</authors>
		<jconf>Parallel and Distributed Computing and Systems PDCS Parallel and Distributed Computing Systems</jconf>
		<label>7</label>
	</publication>
	<publication>
		<title>Evaluation of matrix chain products on parallel systems,</title>
		<authors>HLee,JKim,SJHong,SLee</authors>
		<jconf>Parallel and Distributed Computer Systems PDCS Parallel and Distributed Computing Systems D C</jconf>
		<label>7</label>
	</publication>
	<publication>
		<title>Path selection for real-time communication in irregular wormhole networks,</title>
		<authors>SLee,KWNam,SJHong,JKim</authors>
		<jconf>Parallel and Distributed Processing Technologies and Applications PDPTA Parallel and Distributed Processing Techniques and Applications</jconf>
		<label>7</label>
	</publication>
	<publication>
		<title>Postprocessing Algorithm for Quantization Noise Reduction Using Block Classification and Adaptive Filtering</title>
		<authors>Jong-WonLee,Kuhn-IlLee,Seoug-GeunKwon,Suk-HwanLee</authors>
		<jconf>PICS Image Processing Image Quality Image Capture Systems Conference</jconf>
		<label>82</label>
	</publication>
	<publication>
		<title>A New Wavelet-Based Digital Watermarking Using Human Visual System and Subband Adaptive Threshold</title>
		<authors>SLee,In-SungHa,Ki-RyongKwon,Kuhn-IlLee,SeongGeunKwon</authors>
		<jconf>PICS Image Processing Image Quality Image Capture Systems Conference</jconf>
		<label>82</label>
	</publication>
	<publication>
		<title>Synchronous and Asynchronous Algorithms for Matrix Transposition on MCAP</title>
		<authors>SLee,NGAzari,AWBojanczyk,S-YLee</authors>
		<jconf>it Proceedings of SPIE The International Society for Optical Engineering s Annual International Technical Symposium Optical and Optoelectronic Applied Science and Engineering pp San Diego Computer Animation</jconf>
		<label>8</label>
	</publication>
	<publication>
		<title>A Parallel Implementation of -D CT Image Reconstruction on Hypercube Multiprocessors</title>
		<authors>SLee,CMChen,S-YLee,ZHCho</authors>
		<jconf>IEEE Transactions Nuclear Science pp</jconf>
		<label>8</label>
	</publication>
	<publication>
		<title>Parallelization of the EM Algorithm for D PET Image Reconstruction</title>
		<authors>SLee,CMChen,S-YLee,ZHCho</authors>
		<jconf>IEEE Transactions Medical Imaging pp</jconf>
		<label>8</label>
	</publication>
	<publication>
		<title>A Fast Backprojection Algorithm for Parallel Beam Geometries</title>
		<authors>SLee,ZHCho,CMChen,S-YLee</authors>
		<jconf>IEEE Nuclear Science Symposium San Francisco Computer Animation</jconf>
		<label>8</label>
	</publication>
	<publication>
		<title>Incremental Algorithm- A New Fast Backprojection Scheme for Parallel Beam Geometries</title>
		<authors>SLee,ZHCho,CMChen,S-YLee</authors>
		<jconf>IEEE Transactions Medical Imaging pp</jconf>
		<label>8</label>
	</publication>
	<publication>
		<title>A New Sampling Scheme for The Ring Positron Camera: Dichotomic Ring Sampling</title>
		<authors>SLee,ZHCho,KSHong,JBRa,S-YLee,SKHilal,JCorrell</authors>
		<jconf>IEEE Transactions Nuclear Science pp</jconf>
		<label>8</label>
	</publication>
	<publication>
		<title>Parallel Gather-Scatter Algorithms for Particle-In-Cell Simulation</title>
		<authors>SLee,NGAzari,S-YLee,NFOtani</authors>
		<jconf>Proceedings of The th Conference Hypercubes Concurrent Computers and Applications pp Computer Animation</jconf>
		<label>8</label>
	</publication>
	<publication>
		<title>Parallel Power System Transient Stability Analysis on Hypercube Multiprocessors</title>
		<authors>SLee,S-YLee,HDChiang,KGLee,BYKu</authors>
		<jconf>IEEE Transactions Power Systems pp</jconf>
		<label>8</label>
	</publication>
	<publication>
		<title>Image morphing using deformable surfaces</title>
		<authors>SLee,KYChwa,JHahn,SYShin</authors>
		<jconf>Proc of the th Intl Conf Computer Animation IEEE Computer Society Press</jconf>
		<label>9</label>
	</publication>
	<publication>
		<title>Image morphing using deformation techniques,</title>
		<authors>SLee,KYChwa,JHahn,SYShin</authors>
		<jconf>The Journal of Visualization and Computer Animation</jconf>
		<label>9</label>
	</publication>
	<publication>
		<title>Image metamorphosis scattered feature constraints,</title>
		<authors>SLee,GWolberg,KYChwa,SYShin</authors>
		<jconf>IEEE Trans Visualization and Computer Graphics</jconf>
		<label>9</label>
	</publication>
	<publication>
		<title>Image metamorphosis using snakes and free-form deformations,</title>
		<authors>SLee,KYChwa,SYShin,GWolberg</authors>
		<jconf>Computer Graphics SIGGRAPH Special Interest Group Computer Graphs</jconf>
		<label>9</label>
	</publication>
	<publication>
		<title>Image Metamorphosis with Scattered Feature Constraints</title>
		<authors>SLee,GeorgeWoberg,Kyung-YongChwa,SungYongShin</authors>
		<jconf>IEEE Transactions Visualization and Computer Graphics</jconf>
		<label>9</label>
	</publication>
	<publication>
		<title>Feature-Based Surface Light Field Morphing</title>
		<authors>SLee,BainingGuo,EunheeJeong,MincheolYoon,MinsuAhn,YunjinLee</authors>
		<jconf>Pacific Conference Computer Graphics and Applications</jconf>
		<label>9</label>
	</publication>
	<publication>
		<title>Image Morphing Using Deformation Techniques</title>
		<authors>SLee,JamesKHahn,Kyung-YongChwa,SungYongShin</authors>
		<jconf>Journal of Visualization and Computer Animation</jconf>
		<label>9</label>
	</publication>
</person>
