<?xml version="1.0" encoding="utf-8"?>
<person>
	<FullName>YChen</FullName>
	<publication>
		<title>Verification of all circuits in a floating-point unit using word-level model checking</title>
		<authors>Yirng-AnChen,P-HHo,EClark,TKam,YHoskote,JO'Leary,MKhaira</authors>
		<jconf>Proceedings of Formal Methods Computer Aid Design</jconf>
		<label>10</label>
	</publication>
	<publication>
		<title>Verification of All Circuits in a Floating-Point Unit Using Word-Level Model Checking</title>
		<authors>YChen,EdmundMClarke,JohnWO'Leary,ManpreetKhaira,Pei-HsinHo,TimothyKam,XudongZhao,YatinVasantHoskote</authors>
		<jconf>FMCAD Formal Methods Computer Aided Design</jconf>
		<label>10</label>
	</publication>
	<publication>
		<title>A hybrid optimization method using real-coded multi-parent EA, simplex and simulated annealing with applications in the resolution of overlapped signals</title>
		<authors>YChen,NoelMendoza,Y-WChen,ZNakao</authors>
		<jconf>Proc of IEEE International Conference Industrial Electronis Control and Instrumentation Nagoya</jconf>
		<label>11</label>
	</publication>
	<publication>
		<title>A Study on Adaptive Complex Systems under some simple conditions</title>
		<authors>YChen,TMiyagi,ZNakao,Y-WChen</authors>
		<jconf>Methodologies for the Conception Design and Application of Soft Computing Eds T Yamakawa and G Matsumoto World Scientific</jconf>
		<label>11</label>
	</publication>
	<publication>
		<title>A Fourier series-based method of CT image reconstruction</title>
		<authors>ShinyaNozaki,TetsuyaKohatsu,Yen-WeiChen,ZenshoNakao</authors>
		<jconf>Proc of Int Tech Conf Circuits Systems Computers and Communications Tokushima</jconf>
		<label>11</label>
	</publication>
	<publication>
		<title>A heuristic penumbral imaging technique for measurements of laser-produced plasma density profile</title>
		<authors>ShinyaNozaki,Yen-WeiChen,ZenshoNakao,ShinsukeFujioka,HiroyukiShiraga</authors>
		<jconf>Review of Scientific Instruments press SCI Scalable Coherent Interface</jconf>
		<label>11</label>
	</publication>
	<publication>
		<title>Evolutionary CT Image Reconstruction by Variant Chromosome Size</title>
		<authors>YChen,HNagamoto,FAli,ZNakao,Y-WChen</authors>
		<jconf>Proc of Int Tech Conf Circuits Systems Computers and Communications Eds Z Nakao Y W Chen</jconf>
		<label>11</label>
	</publication>
	<publication>
		<title>An Adaptive Simulated Annealing to optimization of Phase distribution of Kinoform</title>
		<authors>YChen,SNozaki,Y-WChen,ZNakao</authors>
		<jconf>Methodologies for the Conception Design and Application of Soft Computing Eds T Yamakawa and G Matsumoto World Scientific</jconf>
		<label>11</label>
	</publication>
	<publication>
		<title>Reconstruction of x-ray penumbral images based on heuristic methods</title>
		<authors>ShinyaNozaki,Yen-WeiChen,ZenshoNakao,HiroyukiShiraga</authors>
		<jconf>Image Processing Algorithms and Systems SPIE The International Society for Optical Engineering Press</jconf>
		<label>11</label>
	</publication>
	<publication>
		<title>Gray Image Reconstruction by a New Back-Propagation Neural Network</title>
		<authors>YChen,STobaru,FAli,ZNakao,Y-WChen</authors>
		<jconf>Proc of Int Tech Conf Circuits Systems Computers and Communications Eds Z Nakao Y W Chen</jconf>
		<label>11</label>
	</publication>
	<publication>
		<title>Coupled Lattice Neural Network for Blind Deconvolution</title>
		<authors>YChen,NWang,Y-WChen,ZNakao</authors>
		<jconf>Proc of SPIE The International Society for Optical Engineering</jconf>
		<label>11</label>
	</publication>
	<publication>
		<title>An evolutionary self-organizing neural network for blind deconvolution</title>
		<authors>NingWang,Yen-WeiChen,ZenshoNakao,ShinichiTamura</authors>
		<jconf>Proc of IEEE Int Conf Systems Man and Cybernetics Tokyo W</jconf>
		<label>11</label>
	</publication>
	<publication>
		<title>Analysis of laser beam propagation effects in atomic laser isotope separation</title>
		<authors>YChen,Y-WChen,YIzawa,SNakai,CYamanaka</authors>
		<jconf>Jpn J Appl Phys SCI Scalable Coherent Interface</jconf>
		<label>11</label>
	</publication>
	<publication>
		<title>Numerical studies on propagation of laser pulses in multilevel photoionization system</title>
		<authors>YChen,Y-WChen,HNiki,SAdachi,YIzawa,SNakai,CYamanaka</authors>
		<jconf>J Opt Soc Am B SCI Scalable Coherent Interface</jconf>
		<label>11</label>
	</publication>
	<publication>
		<title>A Noise-Smoothing Filter Based on Adaptive Windowing Applied to Penumbral Imaging</title>
		<authors>YChen,Y-WChen,HArakawa,ZNakao,KYamashita,RKodama</authors>
		<jconf>IEICE Trans Fundamentals E A SCI Scalable Coherent Interface</jconf>
		<label>11</label>
	</publication>
	<publication>
		<title>Penumbral Imaging of Laser Imploded Targets and Its Blind Reconstruction</title>
		<authors>YChen,Y-WChen,RKodama,ZNakao</authors>
		<jconf>IEEE Trans SCI Scalable Coherent Interface</jconf>
		<label>11</label>
	</publication>
	<publication>
		<title>A Parallel Genetic Algorithm based on the Island Model for Image Restoration</title>
		<authors>YChen,Y-WChen,ZNakao,XFang</authors>
		<jconf>Neural Networks for Signal Processing Eds S Usui et IEEE Press</jconf>
		<label>11</label>
	</publication>
	<publication>
		<title>A parallel genetic algorithm for image restoration</title>
		<authors>YChen,Y-WChen,ZNakao,XFang,STamura</authors>
		<jconf>Proc of th Int Conf Pattern Recognition W</jconf>
		<label>11</label>
	</publication>
	<publication>
		<title>Parallelization of a Genetic Algorithm for Image Restoration and Its Performance Analysis</title>
		<authors>YChen,Y-WChen,ZNakao,XFang</authors>
		<jconf>Proc of IEEE rd Int Conf Evolutionary Computation Nagoya</jconf>
		<label>11</label>
	</publication>
	<publication>
		<title>Development of X-ray emission computed tomography for ICF Research</title>
		<authors>YChen,MNakai,SShinohara,MKatayama,Y-WChen,SKobayashi,NMiyanaga,KTanaka,KNishihara,MYamanaka,TYamanaka,SNakai</authors>
		<jconf>Rev Sci Instrum SCI Scalable Coherent Interface</jconf>
		<label>11</label>
	</publication>
	<publication>
		<title>A pyramid model for blind deconvolution based on simulated annealing</title>
		<authors>YChen,Y-WChen,TEnokura,NMendoza,ZNakao</authors>
		<jconf>Proc of IEEE International Conference Industrial Electronis Control and Instrumentation Nagoya EI</jconf>
		<label>11</label>
	</publication>
	<publication>
		<title>X-ray and particle diagnostics of a high-density plasma by laser implosion</title>
		<authors>YChen,MNakai,MYamanaka,HAzechi,Y-WChen,TJitsuno,MKatayama,KMima,NMiyanaga,HNakaishi,MNakatsuka,ANishiguchi,PANorreys,YSetsuhara,MTakagi,TNorimatsu,TYamanaka,SNakai</authors>
		<jconf>Rev Sci Instrum SCI Scalable Coherent Interface</jconf>
		<label>11</label>
	</publication>
	<publication>
		<title>Reconstruction of neutron penumbral images by a constrainted genetic algorithm</title>
		<authors>YChen,Y-WChen,ZNakao,KArakaki,INakamura,STamura</authors>
		<jconf>Proc of th Int Conf Pattern Recognition E</jconf>
		<label>11</label>
	</publication>
	<publication>
		<title>Ada-based support packages for fuzzy expert system construction &amp; GUI</title>
		<authors>YChen,ZNakao,Y-WChen,TTengan,MKinjo</authors>
		<jconf>Proc of Joint Technical Conference Circuits Systems Computers and Communications Kumamoto</jconf>
		<label>11</label>
	</publication>
	<publication>
		<title>Evolutionary CT image reconstruction by image partitioning</title>
		<authors>YChen,ZNakao,MTakashibu,Y-WChen</authors>
		<jconf>Lecture Notes Artificial Intelligence Eds X Yao J H Kim T Furuhashi Springer</jconf>
		<label>11</label>
	</publication>
	<publication>
		<title>Evolutionary reconstruction of gray images</title>
		<authors>YChen,ZNakao,Y-WChen,MTakashibu,YKina</authors>
		<jconf>Proc of Int Fuzzy Systems and Intelligent Control Conf Hawai</jconf>
		<label>11</label>
	</publication>
	<publication>
		<title>Evolutionary reconstruction of plane binary images from projections</title>
		<authors>YChen,ZNakao,Y-WChen,FAli</authors>
		<jconf>J Jpn Soc Fuzzy Theo and Sys</jconf>
		<label>11</label>
	</publication>
	<publication>
		<title>Evolutionary reconstruction of plane color images from projections</title>
		<authors>YChen,ZNakao,Y-WChen,MTakashibu,YKina</authors>
		<jconf>FUZZY LOGIC FOR THE APPLICATIONS TO COMPLEX SYSTEMS Edited by W Chiang J Lee World Scientific</jconf>
		<label>11</label>
	</publication>
	<publication>
		<title>An Evolutionary reconstruction technique of plane uniform images</title>
		<authors>YChen,ZNakao,Y-WChen,FAli</authors>
		<jconf>Proc of International Conference Neural Information Processing Beijing</jconf>
		<label>11</label>
	</publication>
	<publication>
		<title>Pattern Recognition Based on Artificial Immune Neural Network</title>
		<authors>YChen,NWang,LLiu,Y-WChen</authors>
		<jconf>Proc of Int Tech Conf Circuits Systems Computers and Communications Eds Z Nakao Y W Chen</jconf>
		<label>11</label>
	</publication>
	<publication>
		<title>Neuro-genetic reconstruction of ternary gray image from projections</title>
		<authors>YChen,ZNakao,Y-WChen,TTengan</authors>
		<jconf>Proc of th IASTED International Conference Applied Informatics Innsbruck</jconf>
		<label>11</label>
	</publication>
	<publication>
		<title>Synthesis of Binary Computer Generated Holograms Based on a Coding and Frequency Domain Optimization Algorithm</title>
		<authors>YChen,NWang,Y-WChen,ZNakao,STamura,HAritome</authors>
		<jconf>International Journals of Opt Electronics</jconf>
		<label>11</label>
	</publication>
	<publication>
		<title>Reconstruction of Gray Images by Neural Networks</title>
		<authors>YChen,ZNakao,Y-WChen,MNoborikawa,STobaru,TTengan</authors>
		<jconf>Methodologies for the Conception Design and Application of Intelligent System Edited by T Yamakawa G Matsumoto World Scientific</jconf>
		<label>11</label>
	</publication>
	<publication>
		<title>Optimization of Computer-Generated Holograms by an Artificial Neural Network</title>
		<authors>YChen,SYamauchi,Y-WChen,ZNakao</authors>
		<jconf>Proc of Second Int Conf Konwledge Based Intelligent Electronic Systems Adelaide Editors L C Jain and R K Jian</jconf>
		<label>11</label>
	</publication>
	<publication>
		<title>h Texture segmentation based on pattern maps obtained by independent component analysis</title>
		<authors>Xiang-YanZeng,Yen-WeiChen,ZenshoNakao,HanqingLu</authors>
		<jconf>Proc of th Int Conf Neural Information Processing Shanghai</jconf>
		<label>11</label>
	</publication>
	<publication>
		<title>h Texture segmentation based on pattern maps obtained by principal component analysis</title>
		<authors>Xiang-YanZeng,Yen-WeiChen,ZenshoNakao,HanqingLu</authors>
		<jconf>Proc of Int Tech Conf Circuits Systems Computers and Communications Tokushima</jconf>
		<label>11</label>
	</publication>
	<publication>
		<title>A new texture feature based on PCA pattern maps and its application to image retrieval</title>
		<authors>Xiang-YanZeng,Yen-WeiChen,ZenshoNakao,HanqingLu</authors>
		<jconf>IEICE Trans Information Systems press SCI Scalable Coherent Interface</jconf>
		<label>11</label>
	</publication>
	<publication>
		<title>Blind Deconvolution Based on Genetic Algorithms</title>
		<authors>YChen,Y-WChen,ZNakao,KArakaki,STamura</authors>
		<jconf>IEICE Trans Fundamentals E A SCI Scalable Coherent Interface</jconf>
		<label>11</label>
	</publication>
	<publication>
		<title>Blind deconvolution based on genetic algorithms</title>
		<authors>YChen,Y-WChen,ZNakao,KArakaki,STamura</authors>
		<jconf>Proc of Int Tech Conf Circuits Systems Computers and Communications Souel Korea</jconf>
		<label>11</label>
	</publication>
	<publication>
		<title>Blind deconvolution by genetic algorithms</title>
		<authors>YChen,Y-WChen,ZNakao,MIguchi,STamura</authors>
		<jconf>Proc of SPIE The International Society for Optical Engineering EI</jconf>
		<label>11</label>
	</publication>
	<publication>
		<title>Blind Dconvolution of X-ray Penumbral Images</title>
		<authors>YChen,Y-WChen,KOtsuki,ZNakao,RKodama</authors>
		<jconf>Rev Sci Instrum SCI Scalable Coherent Interface</jconf>
		<label>11</label>
	</publication>
	<publication>
		<title>Blind Dconvolution of Spatially Encoded Penumbral Images</title>
		<authors>YChen,Y-WChen,KOtsuki,ZNakao,RKodama</authors>
		<jconf>Proc of Int Tech Conf Circuits Systems Computers and Communications Eds Z Nakao Y W Chen</jconf>
		<label>11</label>
	</publication>
	<publication>
		<title>Observation of burn and pusher regions of laser-driven large-high-aspect- ratio-target by a-particle imaging</title>
		<authors>YChen,Y-WChen,NMiyanaga,MYamanaka,HAzechi,KNishihara,TYamanaka,SNakai,CYamanaka</authors>
		<jconf>Jpn J Appl Phys SCI Scalable Coherent Interface</jconf>
		<label>11</label>
	</publication>
	<publication>
		<title>Channel noise reduction for M/R VQ with index assignment</title>
		<authors>TYChen,TCYang,Y-WChen,BYLiao</authors>
		<jconf>Knowledge Based Intelligent Information Engineering Systems Allied Technologies Eds N Baba L C Jain R J Howlett IOS Press</jconf>
		<label>11</label>
	</publication>
	<publication>
		<title>Reconstruction of Neutron Penumbral Images by a Genetic Algorithm with Laplacian Constraint</title>
		<authors>YChen,Y-WChen,ZNakao,KArakaki,STamura</authors>
		<jconf>Neural Networks for Signal Processing Eds S Usui et IEEE Press</jconf>
		<label>11</label>
	</publication>
	<publication>
		<title>Distortion-Free Reconstruction of Neutron Penumbral Images by a Genetic Algorithm</title>
		<authors>YChen,Y-WChen,ZNakao,KArakaki,STamura</authors>
		<jconf>IEEE Trans SCI Scalable Coherent Interface</jconf>
		<label>11</label>
	</publication>
	<publication>
		<title>A fast kinoform optimization algorithm based on simulated annealing,</title>
		<authors>YChen,Y-WChen,SYamauchi,NWang,ZNakao</authors>
		<jconf>IEICE Trans Fundamentals E A SCI Scalable Coherent Interface</jconf>
		<label>11</label>
	</publication>
	<publication>
		<title>Research activities on atomic laser isotope separation at ILT and ILE, Osaka University</title>
		<authors>YChen,Y-WChen,KNomaru,KKou,YIzawa,SNakai,CYamanaka</authors>
		<jconf>Proc of th Workshop separation phenomena liquid and gass Beijin</jconf>
		<label>11</label>
	</publication>
	<publication>
		<title>Restoration of Gray Images Based on a Genetic Algorithm with Laplacian Constraint</title>
		<authors>Y-WChen,ZNakao,KArakaki,XFang,STamura</authors>
		<jconf>Fuzzy Sets and Systems SCI Scalable Coherent Interface</jconf>
		<label>11</label>
	</publication>
	<publication>
		<title>Estimating wind speed in lower atmosphere wind profiler based on genetic algorithms</title>
		<authors>Yen-WeiChen,NoelMendoza,ShinyuUehara,ZenshoNakao,TatsuhiroAdachi,YoshihisaMasuda</authors>
		<jconf>Proc of IEEE Instrumentation and Measurement Conference Budapest</jconf>
		<label>11</label>
	</publication>
	<publication>
		<title>ART estimation of color images from projections</title>
		<authors>YChen,ZNakao,Y-WChen,YKina</authors>
		<jconf>Proc of Joint Technical Conference Circuits Systems Computers and Communications Kumamoto</jconf>
		<label>11</label>
	</publication>
	<publication>
		<title>Three-Dimensional Imaging of Laser-Imploded Targets Using X-ray Computed Tomography Technique</title>
		<authors>YChen,Y-WChen,NMiyanaga,MYamanaka,MNakai,TYamanaka,SNakai</authors>
		<jconf>IEEE Trans SCI Scalable Coherent Interface</jconf>
		<label>11</label>
	</publication>
	<publication>
		<title>Three-dimensional reconstruction of laser-irradiated targets using URA coded aperture cameras</title>
		<authors>YChen,Y-WChen,MYamanaka,NMiyanaga,TYamanaka,SNakai,CYamanaka,STamura</authors>
		<jconf>Opt Commun SCI Scalable Coherent Interface</jconf>
		<label>11</label>
	</publication>
	<publication>
		<title>Parallel Evolutionary Reconstruction of Gray Images by Exponential Gray Level Growth</title>
		<authors>YChen,MNakasone,FAli,ZNakao,Y-WChen</authors>
		<jconf>Proc of Int Tech Conf Circuits Systems Computers and Communications Eds Z Nakao Y W Chen</jconf>
		<label>11</label>
	</publication>
	<publication>
		<title>Blind nonlinear channel identification based on higher order statistics using hybrid genetic algorithm</title>
		<authors>YChen,SNarieda,Y-WChen,KYamashita</authors>
		<jconf>Proc of IEEE Int Conf Systems Man and Cybernetics Nashville</jconf>
		<label>11</label>
	</publication>
	<publication>
		<title>Laser isotope separation of gadolinium</title>
		<authors>YChen,HNiki,NESAly,KKou,KNomaru,Y-WChen,YIzawa,SNakai,CYamanaka</authors>
		<jconf>Proc of the th Interational Symposium Advanced Nuclear Energy Research Mito</jconf>
		<label>11</label>
	</publication>
	<publication>
		<title>Gray Image Reconstruction by Parallel Simulated Annealing</title>
		<authors>YChen,MNoborikawa,FAli,ZNakao,Y-WChen</authors>
		<jconf>Proc of Int Tech Conf Circuits Systems Computers and Communications Eds Z Nakao Y W Chen</jconf>
		<label>11</label>
	</publication>
	<publication>
		<title>Growth of Spatial Nonuniformity of Laser Beam Propagating in Near-Resonant Atomic Vapor</title>
		<authors>YChen,KNomaru,YIzawa,Y-WChen</authors>
		<jconf>Journal of Nuclear Science and Technology SCI Scalable Coherent Interface</jconf>
		<label>11</label>
	</publication>
	<publication>
		<title>Spatial and temporal behavious of laser beam propagating in atomic vapor</title>
		<authors>YChen,KNomaru,Y-WChen,YIzawa,SNakai,CYamanaka</authors>
		<jconf>Laser Interaction and Related Plasma Phenomera Edited by S Nakai G H Miely AIP Press</jconf>
		<label>11</label>
	</publication>
	<publication>
		<title>Near-resonant effects on propagation of frequency-swept laser pulse in atomic vapor laser isotope separation</title>
		<authors>YChen,KNoumaru,Y-WChen,YIzawa,SNakai,CYamanaka</authors>
		<jconf>J Nucl Sci Technol SCI Scalable Coherent Interface</jconf>
		<label>11</label>
	</publication>
	<publication>
		<title>Propagation of laser pulse in near resonant medium</title>
		<authors>YChen,KNoumaru,Y-WChen,YIzawa,SNakai,CYamanaka</authors>
		<jconf>Proc of the th Interational Symposium Advanced Nuclear Energy Research Mito</jconf>
		<label>11</label>
	</publication>
	<publication>
		<title>Comparative Evaluation of Three New Soft Computing Approaches to Image Reconstruction from Projections</title>
		<authors>YChen,FAli,MNakasone,HNagamoto,STobaru,MNoborikawa,ZNakao,Y-WChen</authors>
		<jconf>Proc of Int Tech Conf Circuits Systems Computers and Communications Eds Z Nakao Y W Chen</jconf>
		<label>11</label>
	</publication>
	<publication>
		<title>CT Image Reconstruction by Stochastic Relaxation,</title>
		<authors>YChen,FFAli,SYokegawa,ZNakao,Y-WChen</authors>
		<jconf>Proc of rd Int l Conf Knowledge Based IntelligentInformation Engineering Systems Adelaide</jconf>
		<label>11</label>
	</publication>
	<publication>
		<title>An adaptive backpropagation for limited-angle CT image reconstruction</title>
		<authors>YChen,FFAli,ZNakao,Y-WChen</authors>
		<jconf>IEICE Trans Fundamentals E A SCI Scalable Coherent Interface</jconf>
		<label>11</label>
	</publication>
	<publication>
		<title>Two new neural network approaches to two-dimensional CT image reconstruction</title>
		<authors>YChen,FAli,ZNakao,Y-WChen</authors>
		<jconf>Fuzzy Sets and Systems SCI Scalable Coherent Interface</jconf>
		<label>11</label>
	</publication>
	<publication>
		<title>A Fast Image Restoration Algorithm Based on Simulated Annealing,</title>
		<authors>YChen,Y-WChen,TEnokura,ZNakao</authors>
		<jconf>Proc of rd Int l Conf Knowledge Based IntelligentInformation Engineering Systems Adelaide</jconf>
		<label>11</label>
	</publication>
	<publication>
		<title>Selective photoionization scheme for atomic Gadolinium laser isotope separation</title>
		<authors>YChen,NSAly,KNoumaru,Y-WChen,HNiki,YIzawa,SNakai</authors>
		<jconf>Rew Laser Eng SCI Scalable Coherent Interface</jconf>
		<label>11</label>
	</publication>
	<publication>
		<title>Genetic algorithms for coded aperture imaging</title>
		<authors>YChen,Y-WChen,ZNakao,MIguchi,STamura</authors>
		<jconf>Proc of Joint Technical Conference Circuits Systems Computers and Communications Kumamoto</jconf>
		<label>11</label>
	</publication>
	<publication>
		<title>A noise-smoothing filtering based on adaptive windowing for penumbral imaging</title>
		<authors>YChen,HArakawa,Y-WChen,ZNakao,KYamashita,INakamura,STamura</authors>
		<jconf>Proc of Int Tech Conf Circuits Systems Computers and Communications Souel Korea</jconf>
		<label>11</label>
	</publication>
	<publication>
		<title>hEdge detection by learning the principal components of images</title>
		<authors>Yen-WeiChen,Xiang-YanZeng,ZenshoNakao,HanqingLu</authors>
		<jconf>Proc of IEEE International Workshop Intelligent Signal Processing Budapest</jconf>
		<label>11</label>
	</publication>
	<publication>
		<title>High resolution penumbral imaging of -MeV neutrons</title>
		<authors>YChen,Y-WChen,NMiyanaga,MYamanaka,TYamanaka,SNakai,TIguchi,MNakazawa,TIida,STamura</authors>
		<jconf>IEICE Trans Electronics E C SCI Scalable Coherent Interface</jconf>
		<label>11</label>
	</publication>
	<publication>
		<title>h Estimating Wind Speed in the Lower Atmosphere Wind Profiler Based on a Genetic Algorithm</title>
		<authors>Yen-WeiChen,NoelMendoza,ZenshoNakao,TatsuhiroAdachi</authors>
		<jconf>IEEE Trans Instrumentation Measurement press SCI Scalable Coherent Interface</jconf>
		<label>11</label>
	</publication>
	<publication>
		<title>Attenuation correction for x-ray emission computed tomography of laser-produced plasma</title>
		<authors>YChen,Y-WChen,ZNakao,STamura</authors>
		<jconf>IEICE Trans Fundamentals E A SCI Scalable Coherent Interface</jconf>
		<label>11</label>
	</publication>
	<publication>
		<title>A Hybrid GA/SA Approach to Blind Deconvolution</title>
		<authors>YChen,Y-WChen,TEnokura,ZNakao</authors>
		<jconf>Proc of Second Int Conf Konwledge Based Intelligent Electronic Systems Adelaide Editors L C Jain and R K Jian</jconf>
		<label>11</label>
	</publication>
	<publication>
		<title>A Hybrid Neural Network Training Approach of Backpropagation and Genetic Algorithm for Classification of Remotely Sensed Images</title>
		<authors>YChen,Y-WChen,X-YZang,ZNakao</authors>
		<jconf>Proc of the Fifth Int Conf Neural Network Information Processing Kitakyushu</jconf>
		<label>11</label>
	</publication>
	<publication>
		<title>Near-resonant effects on laser pulse propagation in atomic laser isotope separation</title>
		<authors>YChen,YIzawa,Y-WChen,KNoumaru,NSAly,KKou,HNiki,SNakai,CYamanaka</authors>
		<jconf>Proc of SPIE The International Society for Optical Engineering EI</jconf>
		<label>11</label>
	</publication>
	<publication>
		<title>An Application of Automaton Neural Networks to Artificial Agents</title>
		<authors>YChen,YKawano,ZNakao,Y-WChen</authors>
		<jconf>Proc of Second Int Conf Konwledge Based Intelligent Electronic Systems Adelaide Editors L C Jain and R K Jian</jconf>
		<label>11</label>
	</publication>
	<publication>
		<title>Automaton Neural Networks and Artificial Agents - Simulation</title>
		<authors>YChen,YKawano,ZNakao,Y-WChen</authors>
		<jconf>Methodologies for the Conception Design and Application of Soft Computing Eds T Yamakawa and G Matsumoto World Scientific</jconf>
		<label>11</label>
	</publication>
	<publication>
		<title>A quantitative evaluation of URA coded aperture imaging</title>
		<authors>YChen,KKishimoto,Y-WChen,ZNakao,INakamura,STamura</authors>
		<jconf>Proc of Int Tech Conf Circuits Systems Computers and Communications Souel Korea</jconf>
		<label>11</label>
	</publication>
	<publication>
		<title>Tomographic Resolution of URA Coded Aperture Imaging and Its Enhansment</title>
		<authors>YChen,KKishimoto,Y-WChen,ZNakao</authors>
		<jconf>Proc of Int Tech Conf Circuits Systems Computers and Communications Eds Z Nakao Y W Chen</jconf>
		<label>11</label>
	</publication>
	<publication>
		<title>A Hybrid Approach to Blind Deconvolution Using Genetic Algorithm and Simulated Annealing</title>
		<authors>YChen,Y-WChen,TEnokura,ZNakao</authors>
		<jconf>Proc of IEEE Int Conf Systems Man and Cybernetics San Diego</jconf>
		<label>11</label>
	</publication>
	<publication>
		<title>Evolutionary reconstruction of coded image</title>
		<authors>YChen,Y-WChen,ZNakao,MIguchi</authors>
		<jconf>Proc of Asian Conference Computer Vision</jconf>
		<label>11</label>
	</publication>
	<publication>
		<title>Evolutionary reconstruction of neutron penumbral images</title>
		<authors>YChen,Y-WChen,ZNakao,KArakaki,STamura</authors>
		<jconf>Proc of IEEE rd Int Conf Evolutionary Computation Nagoya</jconf>
		<label>11</label>
	</publication>
	<publication>
		<title>A Quantitative Evaluation of Neutron Penumbral Imaging with a Toroidal-Segment Aperture</title>
		<authors>YChen,Y-WChen,ZNakao,INakamura</authors>
		<jconf>IEICE Trans Electronics E C</jconf>
		<label>11</label>
	</publication>
	<publication>
		<title>Laser spectroscopy and laser isotope separation of atomic gadolinium</title>
		<authors>YChen,Y-WChen,KNomaru,KKou,YIzawa,SNakai,CYamanaka</authors>
		<jconf>Invited Talk Proc of Symposium Laser Spectroscopy Taejon Korea</jconf>
		<label>11</label>
	</publication>
	<publication>
		<title>Imaging of Laser-Imploded Targets with x-ray CCD cameras</title>
		<authors>YChen,Y-WChen,RKodama,TMatsushita</authors>
		<jconf>Proc of IEEE Instrumentation and Measurement Technology Conference St Paul</jconf>
		<label>11</label>
	</publication>
	<publication>
		<title>Measurement of D-D burn region using proton prnumbral coded aperture imaging</title>
		<authors>YChen,Y-WChen,MYamanaka,NMiyanaga,HAzechi,SIshikawa,TYamanaka,SNaka,STamura</authors>
		<jconf>Opt Commun SCI Scalable Coherent Interface</jconf>
		<label>11</label>
	</publication>
	<publication>
		<title>The use of a GPS in geographic information system construction</title>
		<authors>YChen,RLin,Y-WChen,KTeruya,INakamura,HHiga,ZNakao</authors>
		<jconf>Proc of Int Tech Conf Circuits Systems Computers and Communications Pusan Korea</jconf>
		<label>11</label>
	</publication>
	<publication>
		<title>An evolutionary algorithm for image restoration</title>
		<authors>YChen,Y-WChen,ZNakao,MIguchi,STamura</authors>
		<jconf>Proc of IEEE International Conference Neural Networks and Signal Processing Nanjing</jconf>
		<label>11</label>
	</publication>
	<publication>
		<title>Metrology for analog module testing using analog testability bus</title>
		<authors>YChen,ChauchinSu,Shyh-JyeJou,Yuan-TzuTing</authors>
		<jconf>ICCAD International Conference Computer Aided Design</jconf>
		<label>12</label>
	</publication>
	<publication>
		<title>All Digital Built-in Delay and Crosstalk Measurement for On-Chip Buses</title>
		<authors>YChen,ChauchinSu,Chung-LenLee,Gen-NanChen,Mu-JengHuang</authors>
		<jconf>DATE Design Automation and Test Europe</jconf>
		<label>12</label>
	</publication>
	<publication>
		<title>Modified linkage learning genetic algorithm for difficult non-stationary problems</title>
		<authors>YChen,ASingh,DEGoldberg,Y-pChen</authors>
		<jconf>Proceedings of Genetic and Evolutionary Computation Conference GECCO The Genetic and Evolutionary Computation Conference Poster session</jconf>
		<label>14</label>
	</publication>
	<publication>
		<title>Designing efficient genetic and evolutionary algorithm hybrids</title>
		<authors>YChen,ASinha,Y-pChen,DEGoldberg</authors>
		<jconf>Hart W E Krasnogor N Smith J Eds Recent Advances Memetic Algorithms and Related Search Technologies Chapter N A N A Springer Verlag press</jconf>
		<label>14</label>
	</publication>
	<publication>
		<title>Applying family competition to evolution strategies for constrained optimization</title>
		<authors>YChen,J-MYang,Y-pChen,J-THorng,C-YKao</authors>
		<jconf>Lecture Notes Computer Science LNCS SCI Scalable Coherent Interface Expanded</jconf>
		<label>14</label>
	</publication>
	<publication>
		<title>Genetic Algorithm Design Inspired by Organizational Theory: Pilot Study of a Dependency Structure Matrix Driven Genetic Algorithm</title>
		<authors>YChen,AliYassine,DavidEGoldberg,Tian-LiYu</authors>
		<jconf>GECCO The Genetic and Evolutionary Computation Conference</jconf>
		<label>14</label>
	</publication>
	<publication>
		<title>Genetic algorithm design inspired by organizational theory: Pilot study of a dependency structure matrix driven genetic algorithm</title>
		<authors>YChen,T-LYu,DEGoldberg,AAYassine,Y-pChen</authors>
		<jconf>Proceedings of Artificial Neural Networks Engineering ANNIE</jconf>
		<label>14</label>
	</publication>
	<publication>
		<title>A genetic algorithm design inspired by organizational theory: A pilot study of a dependency structure matrix driven genetic algorithm</title>
		<authors>YChen,T-LYu,DEGoldberg,AAYassine,Y-pChen</authors>
		<jconf>Technical Report Genetic Algorithms Laboratory Department of General Engineering University of at</jconf>
		<label>14</label>
	</publication>
	<publication>
		<title>An adaptive sampling scheme for genetic algorithms on the sampled OneMax problem</title>
		<authors>YChen,T-LYu,Y-pChen,DEGoldberg</authors>
		<jconf>Technical Report N A Genetic Algorithms Laboratory Department of General Engineering University of at preparation</jconf>
		<label>14</label>
	</publication>
	<publication>
		<title>A theoretical aspect of a stochastic sketching method for global optimization</title>
		<authors>YChen,J-THorng,Y-pChen,C-YKao</authors>
		<jconf>Journal of Information Science and Engineering JISE SCI Scalable Coherent Interface Expanded</jconf>
		<label>14</label>
	</publication>
	<publication>
		<title>A comparative study of genetic algorithms for vehicle routing time constraints</title>
		<authors>YChen,W-rJih,Y-pChen,JHsu</authors>
		<jconf>Proceedings of International Conference Artificial Intelligence Kaohsiung National Sun Yat Sen University</jconf>
		<label>14</label>
	</publication>
	<publication>
		<title>Gigabit Packet Classification by Using Lookahead Caching</title>
		<authors>YChen,Chia-TaiChan,Pi-ChungWang,Wei-ChunTseng</authors>
		<jconf>COMPSAC International Computer Software and Applications Conference</jconf>
		<label>15</label>
	</publication>
	<publication>
		<title>Hardware-based IP Routing Lookup with Incremental Update</title>
		<authors>YChen,Chia-TaiChan,Pi-ChungWang,Shuo-ChengHu,Yu-ChenShin</authors>
		<jconf>ICPADS International Conference Parallel and Distributed Systems</jconf>
		<label>15</label>
	</publication>
	<publication>
		<title>Graph-based Surface Merging in CAD-guided Dimensional Inspection of Automotive Parts</title>
		<authors>YChen,MuminSong,NingXi,WeihuaSheng</authors>
		<jconf>ICRA International Conference Robotics and Automation</jconf>
		<label>16</label>
	</publication>
	<publication>
		<title>Automated CAD-Guided Automobile Part Dimensional Inspection</title>
		<authors>YChen,JamesSRankinIII,MuminSong,NingXi,WeihuaSheng</authors>
		<jconf>ICRA International Conference Robotics and Automation</jconf>
		<label>16</label>
	</publication>
	<publication>
		<title>Automated Robot Trajectory Planning for Spray Painting of Free-Form Surfaces in Automotive Manufacturing</title>
		<authors>YChen,HepingChen,MuminSong,NingXi,WeihuaSheng</authors>
		<jconf>ICRA International Conference Robotics and Automation</jconf>
		<label>16</label>
	</publication>
	<publication>
		<title>Development of a Multi-User Virtual Conference System Using a Layered Audio-Visual Integration</title>
		<authors>YChen,YJChang,CCChen,JCChou,YCChen</authors>
		<jconf>Proc of Workshop Internet Distributed Systems</jconf>
		<label>18</label>
	</publication>
	<publication>
		<title>Adaptive Color Controller for Image Scanning and Printing Devices,</title>
		<authors>YChen,GWChang,YCChen,KLHuang</authors>
		<jconf>Proc of International Conference Image Processing</jconf>
		<label>18</label>
	</publication>
	<publication>
		<title>Video Realistic Avatar for Virtual Face-To-Face Conferencing,</title>
		<authors>YChen,YJChang,CCChien,YCChen</authors>
		<jconf>by IEEE International Conference Multimedia and Expo</jconf>
		<label>18</label>
	</publication>
	<publication>
		<title>Virtual Talk: A Model-based Virtual Phone Using a Layered Audio-Visual Integration</title>
		<authors>YChen,YJChang,CCChen,JCChou,YCChen</authors>
		<jconf>Proc of International Conference Multimedia and Expo</jconf>
		<label>18</label>
	</publication>
	<publication>
		<title>Implementation of a Virtual Chat Room for Multimedia Communications</title>
		<authors>YChen,YJChang,CCChen,JCChou,YCChen</authors>
		<jconf>Proc of nternational Workshop Multimedia Signal Processing</jconf>
		<label>18</label>
	</publication>
	<publication>
		<title>Ultrasonic Liver Image Classification Through Multiresolution Fractal Features,</title>
		<authors>YChen,CMWu,YCChen,KSHsieh</authors>
		<jconf>Proc of Workshop Computer Vision Graphics and Image Processing</jconf>
		<label>18</label>
	</publication>
	<publication>
		<title>Image Processing Techniques for the Classification of Liver Images,</title>
		<authors>YChen,CMWu,YCChen,KSHsieh</authors>
		<jconf>GORDON and BREACH International Series Engineering Technology and Applied Science Volume Medical Imaging Techniques and Application</jconf>
		<label>18</label>
	</publication>
	<publication>
		<title>-stage Liver Tissue Classification Through Fractal Geometry,</title>
		<authors>YChen,CMWu,WSChou,YCChen,KSHsieh</authors>
		<jconf>Journal of the Chinese Institute of Engineers</jconf>
		<label>18</label>
	</publication>
	<publication>
		<title>Robust Calculation of Fractal Dimension of Images and its Applications to Classiflication of Ultrasonic Liver Images and Texture Images,</title>
		<authors>YChen,WLLee,YCChen,KSHsieh</authors>
		<jconf>Proceedings of IEEE International Symposium Circuits and Systems</jconf>
		<label>18</label>
	</publication>
	<publication>
		<title>Virtual Talk: A Model-Based Virtual Phone using a Layered Audio-Visual Integration</title>
		<authors>YChen,Chih-ChungChen,Jen-ChungChou,Yao-JenChang</authors>
		<jconf>IEEE International Conference Multimedia and Expo I</jconf>
		<label>18</label>
	</publication>
	<publication>
		<title>Mechanical Drawing Recognition System for CNC Flame Cutting,</title>
		<authors>YChen,WSChoJWYU,WNLie,YCChen</authors>
		<jconf>Proc of The Workshop Computer Vision Graphics and Image Processing</jconf>
		<label>18</label>
	</publication>
	<publication>
		<title>A Hybrid Model-based Image Coding System for Very Low Bit Rate Coding</title>
		<authors>YChen,YCLi,THWu,YCChen</authors>
		<jconf>IEEE Journal Selected Areas Communications</jconf>
		<label>18</label>
	</publication>
	<publication>
		<title>Lipreading from the Video Sequence,</title>
		<authors>YChen,YCLi,YCHuang,YCChen</authors>
		<jconf>IPPR Conference Computer Vision Graphics and Image Processing</jconf>
		<label>18</label>
	</publication>
	<publication>
		<title>Lip Synchronization for the Talking Head Sequences,</title>
		<authors>YChen,YCLi,YCHuang,YCChen</authors>
		<jconf>Proc of HD Media Technology and Applications Workshop</jconf>
		<label>18</label>
	</publication>
	<publication>
		<title>Ultrasonic Imaging System for -D Object Recognition,</title>
		<authors>YChen,YCChen,CWYang,CFChen</authors>
		<jconf>IECON Proceedings of SPIE The International Society for Optical Engineering Volume</jconf>
		<label>18</label>
	</publication>
	<publication>
		<title>Ultrasonic Liver Tissues Classification by Fractal Feature Vector based on M-band Wavelet Transform,</title>
		<authors>YChen,WLLi,YCChen,KSHsieh</authors>
		<jconf>revised for IEEE Trans Medical Imaging</jconf>
		<label>18</label>
	</publication>
	<publication>
		<title>An Automatic Face Modeling Algorithm from the Image Sequence</title>
		<authors>YChen,YCLi,YJChang,YCChen</authors>
		<jconf>Proc of Joint Workshop The Latest Development of Telecommunication Research TJCOM</jconf>
		<label>18</label>
	</publication>
	<publication>
		<title>An Adaptive Speed Regulator for Current Source Induction Motor Drive,</title>
		<authors>YChen,CMLiaw,CTPan,YCChen</authors>
		<jconf>Proc of National Symposium Automatic Control</jconf>
		<label>18</label>
	</publication>
	<publication>
		<title>A New Mark-based Method for Camera Calibration,</title>
		<authors>YChen,CFChen,WSChou,YCChen</authors>
		<jconf>Proc of IPPR Conference Computer Vision Graphics and Image Processing</jconf>
		<label>18</label>
	</publication>
	<publication>
		<title>Dynamic region of interest transcoding for multipoint video conferencing,</title>
		<authors>YChen,CWLin,YCChen,MTSun</authors>
		<jconf>Proceedings of Int Computer Symp Workshop Computer Networks Internet and Multimedia</jconf>
		<label>18</label>
	</publication>
	<publication>
		<title>The Mark-Based Approaches for Motion Estimation from -D Point Sets,</title>
		<authors>YChen,CFChen,WSChou,YCChen</authors>
		<jconf>Journal of the Chinese Institute of Engineers</jconf>
		<label>18</label>
	</publication>
	<publication>
		<title>Dynamic Rate Control in Multipoint Video Transcoding</title>
		<authors>YChen,CWLin,TJLiou,YCChen</authors>
		<jconf>IEEE International Symposium Circuits and Systems</jconf>
		<label>18</label>
	</publication>
	<publication>
		<title>Dynamic Sub-window Skipping for Multipoint Video Conferencing,</title>
		<authors>YChen,CWLin,YCChen,MTSun</authors>
		<jconf>to IEEE Trans Circuits and Systems for Video Technology</jconf>
		<label>18</label>
	</publication>
	<publication>
		<title>Face-Assisted Video Coding in Video Telephony Applications,</title>
		<authors>YChen,CWLin,YJChang,YCChen</authors>
		<jconf>to IEICE Trans Information and Systems</jconf>
		<label>18</label>
	</publication>
	<publication>
		<title>Efficient Bit-level Systolic Array for QMF Banks,</title>
		<authors>YChen,JWLin,YCChen,CLWang</authors>
		<jconf>Proceedings of SPIE The International Society for Optical Engineering Symposium Visual Communication and Image Processing U S A</jconf>
		<label>18</label>
	</publication>
	<publication>
		<title>Efficient VLSI Architectures for HDTV Subband Filter Banks,</title>
		<authors>YChen,JWLin,YCChen,CLWang</authors>
		<jconf>Signal Processing of HDTV IV Elsevier Science Publishers</jconf>
		<label>18</label>
	</publication>
	<publication>
		<title>Efficient VLSI Architectures for Multirate Systems and Subband Filtering,</title>
		<authors>YChen,CWLin,YCChen,CLWang</authors>
		<jconf>IEEE Workshop Visual Signal Processing and Communications</jconf>
		<label>18</label>
	</publication>
	<publication>
		<title>Hierachical Motion Estimation Algorithm Based on Pyramidal Sucessive Elimination</title>
		<authors>YChen,CWLin,YJChang,YCChen</authors>
		<jconf>International Computer Symposium Proceedings of Workshop Image Processing and Character Recognition</jconf>
		<label>18</label>
	</publication>
	<publication>
		<title>Two-Level Model Averaging Techniques in Drosophila Brain Imaging</title>
		<authors>YChen,YCChen,YCChen,ASChiang</authors>
		<jconf>by IEEE International Conference Image Processing</jconf>
		<label>18</label>
	</publication>
	<publication>
		<title>Human Face Feature Tracking and Head Pose Estimation Aid of Kalman Filter</title>
		<authors>YChen,CHCheng,YJChang,YCChen</authors>
		<jconf>Proc of th IPPR Conference Computer Vision Graphics and Image Processing</jconf>
		<label>18</label>
	</publication>
	<publication>
		<title>Low Complexity Face-Assisted Video Coding</title>
		<authors>YChen,CWLin,YJChang,YCChen</authors>
		<jconf>Proc of International Conference Image Processing</jconf>
		<label>18</label>
	</publication>
	<publication>
		<title>Implementation of H Compliant Virtual Meeting Systems,</title>
		<authors>YChen,CWLin,WXLin,YCChen,MTSun</authors>
		<jconf>Proceedings of Int Computer Symp Workshop Computer Networks Internet and Multimedia</jconf>
		<label>18</label>
	</publication>
	<publication>
		<title>Implementation of H video conference systems personal presence control,</title>
		<authors>YChen,CWLin,WHWang,YCChen,MTSun,Jenq-NengHwang</authors>
		<jconf>Proc IEEE Int Conf Consumer Electronics</jconf>
		<label>18</label>
	</publication>
	<publication>
		<title>Implementation of a Real-time Object-Based Virtual Meeting System,</title>
		<authors>YChen,CWLin,YJChang,YCChen,MTSun</authors>
		<jconf>Proceedings of IEEE International Conference Multimedia and Expo</jconf>
		<label>18</label>
	</publication>
	<publication>
		<title>An Efficient Architecture for HDTV Subband Filter Banks,</title>
		<authors>YChen,JWLin,YCChen,CLWang</authors>
		<jconf>Proceedings of International Workshop HDTV KAWASAKI</jconf>
		<label>18</label>
	</publication>
	<publication>
		<title>Rate-Distortion Constrained Quadtree Segmentation for Stereoscopic Video Coding</title>
		<authors>YChen,CWLin,EryinFei,YCChen</authors>
		<jconf>Proc of International Symposium Multimedia Information Processing</jconf>
		<label>18</label>
	</publication>
	<publication>
		<title>Rate-Distortion Optimized Quadtree Coding of Video</title>
		<authors>YChen,CWLin,EryinFei,YCChen</authors>
		<jconf>Proc of International Symposium Multimedia Information Processing ISMIP</jconf>
		<label>18</label>
	</publication>
	<publication>
		<title>Facial Feature Point Tracking and Expression Analysis for Virtual Conferencing Systems,</title>
		<authors>YChen,JCChou,YJChang,YCChen</authors>
		<jconf>Proceedings of IEEE International Conference Multimedia and Expo</jconf>
		<label>18</label>
	</publication>
	<publication>
		<title>Automatically Detecting Endocardium and Epicardium of Left Ventricle by Digital Image Processing for Two-dimensional Echocardiography,</title>
		<authors>YChen,WSChou,CMWu,YCChen,KSHsieh</authors>
		<jconf>Journal of the Chinese Institute of Engineers</jconf>
		<label>18</label>
	</publication>
	<publication>
		<title>Motion-Compensted Adaptive Coder using Buffer Control Strategy,</title>
		<authors>YChen,HCTing,CHChou,YCChen</authors>
		<jconf>Proc of ICS International Conference Supercomputing</jconf>
		<label>18</label>
	</publication>
	<publication>
		<title>A Fuzzy-Computing Method for Rotation-Invariant Image Tracking,</title>
		<authors>YChen,WHWang,WNLie,YCChen</authors>
		<jconf>Proc of International Conference Image Processing</jconf>
		<label>18</label>
	</publication>
	<publication>
		<title>An Improved Architecture for MPEG- SNR Scalable Video System,</title>
		<authors>YChen,YFHsu,CHHsieh,YCChen</authors>
		<jconf>Proc of HD Media Technology and Applications Workshop</jconf>
		<label>18</label>
	</publication>
	<publication>
		<title>Direct Broadcast Experiment of Digital TV Signals on ROCSAT- ECP Payload</title>
		<authors>YChen,YCChen,HCWang,J-FKiang,MKTsai</authors>
		<jconf>supplemental issue for the project for ROCSAT of Terrestrial Atmospheric Oceanic Sciences TAO Journal</jconf>
		<label>18</label>
	</publication>
	<publication>
		<title>Moving Object Extraction using Mosaic Technique and Tracking Active Camera,</title>
		<authors>YChen,CMWang,YJChang,YCChen</authors>
		<jconf>Proceedings of IPPR Conference Computer Vision Graphics and Image Processing</jconf>
		<label>18</label>
	</publication>
	<publication>
		<title>Error Concealment for MPEG- Transport Stream in Satellite Communication,</title>
		<authors>YChen,YFHsu,MJSun,YCChen</authors>
		<jconf>Proc of Workshop Consumer Electronics Digital Video and Multimedia</jconf>
		<label>18</label>
	</publication>
	<publication>
		<title>Phase-only Circular Harmouics Correlation for Rotation-invariant Image Tracking,</title>
		<authors>YChen,WHWang,YCChen,WNLie</authors>
		<jconf>Proc of Proc of IPPR Conference Computer Vision Graphics and Image Processing</jconf>
		<label>18</label>
	</publication>
	<publication>
		<title>-D Object- Based Coding Algorithm for Stereo Image Sequences,</title>
		<authors>YChen,MYHuang,CWLin,YCChen</authors>
		<jconf>Proc of International Workshop Synthetic Natural Hybrid Coding and Three Dimensional Imaging</jconf>
		<label>18</label>
	</publication>
	<publication>
		<title>-D Object Coding Algorithm for Stereo Image Sequences,</title>
		<authors>YChen,MYHuang,CWLin,YCChen,EYFei</authors>
		<jconf>Proc of International Symposium Multimedia Information Processing</jconf>
		<label>18</label>
	</publication>
	<publication>
		<title>Building a Map of Occupied Space for Mobile Robot by Stereo Vision and Registration of Marks,</title>
		<authors>YChen,WZWu,WNLie,YCChen</authors>
		<jconf>Proc of the Third National Conference Automation Technology</jconf>
		<label>18</label>
	</publication>
	<publication>
		<title>-D Display of Inner and Outer Surface of Left Ventricle,</title>
		<authors>YChen,CMWu,WSChou,YCChen</authors>
		<jconf>Proc of the Workshop Computer Vision Graphics and Image Processing</jconf>
		<label>18</label>
	</publication>
	<publication>
		<title>Ka-Band Channel Simulation for Communication Experiments on ROCSAT-</title>
		<authors>YChen,YCChen,J-FKiang,MKTsai,LGShi,PKLiaw</authors>
		<jconf>Progress Electromagnetics Research Symposium PIERS</jconf>
		<label>18</label>
	</publication>
	<publication>
		<title>Customer Relationship Management and E-Commerce,</title>
		<authors>AChatranon,JChen,PPChong,YChen</authors>
		<jconf>Proceedings of the International Conference E Business Hong Kong</jconf>
		<label>19</label>
	</publication>
	<publication>
		<title>Application Service Providers ASP in Franchising: Opportunities and Issues,</title>
		<authors>YChen,CFord,RTJustis,PPChong</authors>
		<jconf>Proceedings of the th Annual International Society of Franchising Conference Las Vegas</jconf>
		<label>19</label>
	</publication>
	<publication>
		<title>Disclosing the Activities of Franchisors,</title>
		<authors>RTJustis,MTuunanen,YChen,GCastrogiovanni</authors>
		<jconf>Proceedings of the th Annual International Society of Franchising Conference San Antonio</jconf>
		<label>19</label>
	</publication>
	<publication>
		<title>Customers' Decision to Adopt Application Service Provider and Applications Service Providers' Business Strategy in the Hospital Industry: A Research Framework,</title>
		<authors>YYao,MWohl,EWatson,YChen</authors>
		<jconf>Journal of Information Technology Cases and Applications</jconf>
		<label>19</label>
	</publication>
	<publication>
		<title>The Advanced Web Query System of GPCRDB</title>
		<authors>YChen,DunrenChe,HanneloreEisner,KarlAberer</authors>
		<jconf>SSDBM Statistical and Scientific Database Management</jconf>
		<label>1</label>
	</publication>
	<publication>
		<title>The associative-skew clock routing problem</title>
		<authors>YChen,AlexanderZelikovsky,AndrewBKahng,GangQu</authors>
		<jconf>ICCAD International Conference Computer Aided Design</jconf>
		<label>20</label>
	</publication>
	<publication>
		<title>Auctions with Buyer Preferences</title>
		<authors>YChen,AlexanderZelikovsky,AndrewBKahng,CBandela,IonIMandoiu</authors>
		<jconf>Information Systems The e Business Challenge</jconf>
		<label>20</label>
	</publication>
	<publication>
		<title>Area Fill Generation With Inherent Data Volume Reduction</title>
		<authors>YChen,AlexanderZelikovsky,AndrewBKahng,GabrielRobins,YuhongZheng</authors>
		<jconf>DATE Design Automation and Test Europe</jconf>
		<label>20</label>
	</publication>
	<publication>
		<title>Development of a Decentralized Virtual Service Redirector for Internet Applications</title>
		<authors>YChen,ConradMueller,RogerMateer,ScottHazelhurst,VashtiGalpin</authors>
		<jconf>FTDCS Future Trends Distributed Computing Systems</jconf>
		<label>21</label>
	</publication>
	<publication>
		<title>The TheaterLoc Virtual Application</title>
		<authors>YChen,AndrewPhilpot,CraigAKnoblock,CyrusShahabi,GregBarish,StevenMinton</authors>
		<jconf>AAAI National Conference Artificial Intelligence IAAI The Twelfth Innovative Applications of Artificial Intelligence</jconf>
		<label>22</label>
	</publication>
	<publication>
		<title>Yoda: An Accurate and Scalable Web-based Recommendation System,</title>
		<authors>CyrusShahabi,FarnoushBanaei-Kashani,Yi-ShinChen,DennisMcLeod</authors>
		<jconf>Proceedings of Sixth International Conference Cooperative Information Systems</jconf>
		<label>22</label>
	</publication>
	<publication>
		<title>The TheaterLoc Virtual Application,</title>
		<authors>GregBarish,CraigAKnoblock,Yi-ShinChen,StevenMinton,AndrewPhilpot</authors>
		<jconf>Proceedings of Twelfth Innovative Applications of AI Artificial Intelligence Conference IAAAI</jconf>
		<label>22</label>
	</publication>
	<publication>
		<title>TheaterLoc: A Case Study in Building An Information Integration Application,</title>
		<authors>GregBarish,CKnoblock,YChen,SMinton,APhilpot,CShahabi</authors>
		<jconf>IJCAI International Joint Conference Artificial Intelligence Workshop Intelligent Information Integration</jconf>
		<label>22</label>
	</publication>
	<publication>
		<title>TheaterLoc: Using Information Integration Technology to Build Virtual Applications,</title>
		<authors>GregBarish,Yi-ShinChen,DDiPasquo,CraigAKnoblock,StevenMinton,IMuslea,CyrusShahabi</authors>
		<jconf>Proceedings of the International Conference Data Engineering ICDE International Conference Data Engineering</jconf>
		<label>22</label>
	</publication>
	<publication>
		<title>Step-By-Step Regression: A More Efficient Alternative for Polynomial Multiple Linear Regression in Stream Cube,</title>
		<authors>CLiu,MZhang,MZheng,YChen</authors>
		<jconf>Proc of the Seventh Pacific Asia Conference Knowledge Discovery and Data Mining</jconf>
		<label>23</label>
	</publication>
	<publication>
		<title>Online Analytical Processing Stream Data: Is It Feasible?</title>
		<authors>YChen,BenjaminWWah,GuozhuDong,JianPei,JianyongWang,JiaweiHan</authors>
		<jconf>DMKD Research Issues Data Mining and Knowledge Discovery</jconf>
		<label>23</label>
	</publication>
	<publication>
		<title>OLAPing Stream Data: Is It Feasible?,</title>
		<authors>YChen,GDong,JHan,JPei,BWWah,JWang</authors>
		<jconf>Proc ACM SIGMOD International Conference Management of Data DMKD Research Issues Data Mining and Knowledge Discovery</jconf>
		<label>23</label>
	</publication>
	<publication>
		<title>Multi-Dimensional Regression Analysis of Time-Series Data Streams,</title>
		<authors>YChen,GDong,JHan,BWWah,JWang</authors>
		<jconf>Proc the th Int l Conference Very Large Data Bases VLDB Very Large Data Bases</jconf>
		<label>23</label>
	</publication>
	<publication>
		<title>A relational model for formal object-oriented requirement analysis in UML,</title>
		<authors>ZLiu,JHe,XLi,YChen</authors>
		<jconf>ICFEM International Conference Formal Engineering Methods</jconf>
		<label>26</label>
	</publication>
	<publication>
		<title>Ego-Motion Estimation Using Optical Flow Fields Observed from Multiple Cameras</title>
		<authors>YChen,An-TingTsao,Chiou-ShannFuh,Yi-PingHung</authors>
		<jconf>CVPR Computer Vision and Pattern RecognitioN</jconf>
		<label>29</label>
	</publication>
	<publication>
		<title>iMobile ME - weight Mobile Service Platform for Peer-to-Peer Mobile Computing invited paper</title>
		<authors>YChen,HermanChung-HwaRao,HualeHuang,Ming-FengChen</authors>
		<jconf>WITASI Workshop Internet Technologies Applications and Social Impact</jconf>
		<label>2</label>
	</publication>
	<publication>
		<title>iMobile: A Proxy-based Platform for Mobile Services</title>
		<authors>HRao,YChen,DChang,MChen</authors>
		<jconf>The First ACM Workshop Wireless Internet WMI</jconf>
		<label>2</label>
	</publication>
	<publication>
		<title>iMobile: An Agent-Based Platform for Mobile Services</title>
		<authors>YChen,Di-FaChang,HermanChung-HwaRao,Ming-FengChen</authors>
		<jconf>WWW World Wide Web Conference Series Posters</jconf>
		<label>2</label>
	</publication>
	<publication>
		<title>Ciao: A Graphical Navigator for Software and Document Repositories,</title>
		<authors>Yih-FarnChen,GlennSFowler,EleftheriosKoutsofios,RyanSWallach</authors>
		<jconf>International Conference Software Maintenance pages Nice</jconf>
		<label>2</label>
	</publication>
	<publication>
		<title>iMobile ME - A Light-weight Mobile Service Platform for Peer-to-Peer Mobile Computing</title>
		<authors>Yih-FarnChen,HualeHuang,BinWei,Ming-FengChen,HermanRao</authors>
		<jconf>Workshop Internet Technologies Applications and Societal Impact WITASI Workshop Internet Technologies Applications and Social Impact</jconf>
		<label>2</label>
	</publication>
	<publication>
		<title>iMobile EE - An Enterprise Mobile Service Platform</title>
		<authors>Yih-FarnChen,HualeHuang,RittwikJana,TrevorJim,MattiHiltunen,RadhakrishnanMuthumanickam,SamJohn,SerbanJora,BinWei</authors>
		<jconf>ACM Journal Wireless Networks Volume Issue</jconf>
		<label>2</label>
	</publication>
	<publication>
		<title>Intertool Connections,</title>
		<authors>Yih-FarnChen,GlennFowler,DavidKorn,EleftheriosKoutsofios,StephenNorth,DavidRosenblum,Kiem-PhongVo</authors>
		<jconf>Practical Reusable UNIX Konzepte und Anwendungen Software edited by Balachander Krishnamurthy pages John Wiley Sons New</jconf>
		<label>2</label>
	</publication>
	<publication>
		<title>Personalized Multimedia Services Using a Mobile Service Platform</title>
		<authors>Yih-FarnChen,HualeHuang,RittwikJana,SamJohn,SerbanJora,AmyReibman,BinWei</authors>
		<jconf>Wireless Communication and Networking Conference WCNC</jconf>
		<label>2</label>
	</publication>
	<publication>
		<title>The C Information Abstraction System</title>
		<authors>YChen,Y-FChen,MNishimoto,CRamamoorthy</authors>
		<jconf>IEEE Transactions Software Engineering pages</jconf>
		<label>2</label>
	</publication>
	<publication>
		<title>TopBlend: An Efficient Implentation of HtmlDiff in Java</title>
		<authors>YChen,FDouglis,HHuang,KVo</authors>
		<jconf>Proceedings of the WebNet Conference San Antonio</jconf>
		<label>2</label>
	</publication>
	<publication>
		<title>Chime: Customizable Hyperlink Insertion and Maintenance Engine for Software Engineering Environments</title>
		<authors>PDevanbu,Y-FChen,EGansner,HMuller,JMartin</authors>
		<jconf>Proceedings of the st International Conference Software Engineering Los Angeles</jconf>
		<label>2</label>
	</publication>
	<publication>
		<title>WebGUIDE: Querying and Navigating Changes in Web Repositories</title>
		<authors>FredDouglis,TomBall,Yih-FarnChen,EleftheriosKoutsofios</authors>
		<jconf>Proceedings of the Fifth International WWW World Wide Web Conference Series Conference</jconf>
		<label>2</label>
	</publication>
	<publication>
		<title>The AT&amp;T Internet Difference Engine: Tracking and Viewing Changes on the Web,</title>
		<authors>FredDouglis,ThomasBall,Yih-FarnChen,EleftheriosKoutsofios</authors>
		<jconf>World Wide Web Journal Baltzer Science Publishers</jconf>
		<label>2</label>
	</publication>
	<publication>
		<title>Software Reuse Metrics for an Industrial Project,</title>
		<authors>RichardNFerri,RaghavanNPratiwadi,LynnMRivera,MohammedShakir,JohnJSnyder,DWThomas,Yih-FarnChen,GlennSFowler,BalachanderKrishnamurthy,Kiem-PhongVo</authors>
		<jconf>Fourth International Symposium Software Metrics IEEE Metrics</jconf>
		<label>2</label>
	</publication>
	<publication>
		<title>CSLDS: Chinese Sign Language Dialog System</title>
		<authors>YChen,ChangshuiYang,GaolinFang,WenGao,ZhaoqiWang</authors>
		<jconf>AMFG Analysis and Modeling of Faces and Gestures</jconf>
		<label>30</label>
	</publication>
	<publication>
		<title>A Prototype Implementation of Archival Intermemory</title>
		<authors>YuanChen,JanEdler,AndrewVGoldberg,AllanGottlieb,SumeetSobti,PeterNYianilos</authors>
		<jconf>The Fourth ACM Conference Digital Libraries Digital Libraries</jconf>
		<label>31</label>
	</publication>
	<publication>
		<title>JECho - Interactive High Performance Computing Java Event Channels</title>
		<authors>DongZhou,KarstenSchwan,GregEisenhauer,YuanChen</authors>
		<jconf>The International Parallel Distributed Processing Symposium IPDPS International Parallel and Distributed Processing Symposium</jconf>
		<label>31</label>
	</publication>
	<publication>
		<title>JECho: Supporting Distributed High Performance Applications with Java Event Channels</title>
		<authors>YChen,DongZhou,GregEisenhauer,KarstenSchwan</authors>
		<jconf>IPDPS International Parallel and Distributed Processing Symposium</jconf>
		<label>31</label>
	</publication>
	<publication>
		<title>Designing Efficient Parallel Algorithms on Mesh-Connected Computers Multiple Broadcasting,</title>
		<authors>YChen,YCChen,WTChen,GHChen,JPSheu</authors>
		<jconf>IEEE Transactions Parallel and Distributed Systems</jconf>
		<label>32</label>
	</publication>
	<publication>
		<title>Reducing Time Complexities of Semigroup Computations on Mesh-Connected Computers Multiple Broadcasting,</title>
		<authors>YChen,YCChen,WTChen,GHChen,JPSheu</authors>
		<jconf>Proceedings of ICPP International Conference Parallel Processing the th International Conference Parallel Processing St Charles</jconf>
		<label>32</label>
	</publication>
	<publication>
		<title>An Implementation of a Pratical Network Management System: TLView,</title>
		<authors>YChen,CSLu,PFChen,YCChen,etal</authors>
		<jconf>Proceedings of the th ICOIN International Conference Information Networking</jconf>
		<label>32</label>
	</publication>
	<publication>
		<title>Scalability Problems in Multiprocessors with Private Caches</title>
		<authors>YChen,Koray&amp;Ouml,ner,LuizAndr&amp;eacute,Barroso,MichelDubois</authors>
		<jconf>PARLE Parallel Architectures and Languages Europe</jconf>
		<label>33</label>
	</publication>
	<publication>
		<title>The block cipher: SEA provable resistance against DC and LC attacks,</title>
		<authors>YChen,Shih-HsuChang,Fang-HsuanCheng,Wen-HsingHsu</authors>
		<jconf>Journal of Information Science and Engineering</jconf>
		<label>34</label>
	</publication>
	<publication>
		<title>Fingerprint classification,</title>
		<authors>YChen,Sheng-HuaLee,Shih-HsuChang,Fang-HsuanCheng,Wen-HsingHsu</authors>
		<jconf>th IPPR Conference Computer Vision Graphics and Image Processing</jconf>
		<label>34</label>
	</publication>
	<publication>
		<title>The SEA block cipher algorithm,</title>
		<authors>YChen,Shih-HsuChang,Fang-HsuanCheng,andWen-HsingHsu</authors>
		<jconf>International Workshop Cryptograhic Techniques E CrpoTEC HongKong</jconf>
		<label>34</label>
	</publication>
	<publication>
		<title>The use of fingerprint-card for digital signature and encryption,</title>
		<authors>YChen,Shih-HsuChang,Chih-JenHuang,Fang-HsuanCheng,Wen-HsingHsu</authors>
		<jconf>National Computer Symposium Taipei c c</jconf>
		<label>34</label>
	</publication>
	<publication>
		<title>A robust digital image watermarking method without original image against intentional attacks and JPEG compression</title>
		<authors>YChen,Liang-TingLin,Shih-HsuChang,Wen-HsingHsu,Chih-JenHuang</authors>
		<jconf>th IPPR Conference Computer Vision Graphics and Image Processing</jconf>
		<label>34</label>
	</publication>
	<publication>
		<title>Computer simulation of color-blindness and its application to the design of color-blind-discrimination-spectacles CBDS</title>
		<authors>YChen,YCShen,YSChen,WHHsu</authors>
		<jconf>Chinese Journal of Medical and Biological Engineering</jconf>
		<label>34</label>
	</publication>
	<publication>
		<title>The Framework Supporting QoS-Enabled Web Services</title>
		<authors>YChen,DongLiu,ThomasLi,XiaochenDing,YingLi</authors>
		<jconf>ICWS IEEE International Conference Web Services</jconf>
		<label>35</label>
	</publication>
	<publication>
		<title>Managing Location Stream Using Moving Object Database</title>
		<authors>YChen,DongLiu,FangyanRao,LongZhang,XiulanYu</authors>
		<jconf>DEXA Database and Expert Systems Applications Workshops</jconf>
		<label>35</label>
	</publication>
	<publication>
		<title>A Fast Algorithm for Very Low Bit Rate Video Coding,</title>
		<authors>YChen,JC-HJu,Y-KChen,SYKung</authors>
		<jconf>IEEE Transactions Circuits and Systems for Video Technology</jconf>
		<label>36</label>
	</publication>
	<publication>
		<title>A Principal Component Clustering Approach to Object-Oriented Motion Segmentation and Estimation,</title>
		<authors>YChen,Y-TLin,Y-KChen,SYKung</authors>
		<jconf>Journal of VLSI Very Large Scale Integration Signal Processing Systems</jconf>
		<label>36</label>
	</publication>
	<publication>
		<title>True Motion Vectors for Robust Video Transmission,</title>
		<authors>YChen,AVetro,HSun,Y-KChen,SYKung</authors>
		<jconf>Proc of SPIE The International Society for Optical Engineering Visual Communications and Image Processing</jconf>
		<label>36</label>
	</publication>
	<publication>
		<title>Real-Time Detection of Video Watermark on Intel Architecture,</title>
		<authors>YChen,Y-KChen,MHolliman,RLiu,WMacy,MMYeung</authors>
		<jconf>Proc of Image and Video Communications and Processing</jconf>
		<label>36</label>
	</publication>
	<publication>
		<title>Standard Support for Content Protection</title>
		<authors>YChen,Y-KChen,MHolliman,SMacy,MYeung</authors>
		<jconf>ISO IEC JTC WG Coding of Moving Pictures and Audio M</jconf>
		<label>36</label>
	</publication>
	<publication>
		<title>Computational Analysis and System Implications of Video Watermarking Applications,</title>
		<authors>EricDebes,MatthewHolliman,WilliamMacy,Yen-KuangChen,MinervaYeung</authors>
		<jconf>for publications at the SPIE The International Society for Optical Engineering Security and Watermarking of Multimedia Contents IV Conference San Jose Computer Animation</jconf>
		<label>36</label>
	</publication>
	<publication>
		<title>Evaluating and Improving Performance of Multimedia Applications on Simultaneous Multi-Threading</title>
		<authors>YChen,EricDebes,MatthewJHolliman,MinervaMYeung,RainerLienhart</authors>
		<jconf>ICPADS International Conference Parallel and Distributed Systems</jconf>
		<label>36</label>
	</publication>
	<publication>
		<title>Exploring the Use of Hyper-Threading Technology for Multimedia Applications with Intel&amp;reg; OpenMP* Compiler</title>
		<authors>YChen,MilindGirkar,RainerLienhart,SanjivShah,StevenGe,XinminTian</authors>
		<jconf>IPDPS International Parallel and Distributed Processing Symposium</jconf>
		<label>36</label>
	</publication>
	<publication>
		<title>Standard Test Conditions and Methodology for Robust Video Watermarking and Some Preliminary Results</title>
		<authors>YChen,MHolliman,SMacy,Y-KChen,MYeung</authors>
		<jconf>ISO IEC JTC WG Coding of Moving Pictures and Audio M</jconf>
		<label>36</label>
	</publication>
	<publication>
		<title>DMTS: a distributed multimedia teleworking system</title>
		<authors>YChen,JGLiu,Jen-ChuLiu,MariaCYuang</authors>
		<jconf>LCN IEEE Conference Local Computer Networks</jconf>
		<label>37</label>
	</publication>
	<publication>
		<title>An Adaptive Processor Allocation Strategy in a Partitionable Two-Dimensional Buddy System,</title>
		<authors>Tong-YingJuang,Yu-CheeTseng,Yuh-ShyanChen,Chih-ChyangTsai</authors>
		<jconf>Proceedings of IEEE Third International Conference Algorithms Architectures for Parallel Processing ICA PP</jconf>
		<label>3</label>
	</publication>
	<publication>
		<title>Embedding a Complete Binary Tree Dilation Two and Congestion Free in Star Graphs,</title>
		<authors>Yuh-ShyanChen,Yu-CheeTseng,Tong-YingJuang,Chiou-JyuChang</authors>
		<jconf>Proceedings of the IEEE Third International Conference Algorithms Architectures for Parallel Processing ICA PP</jconf>
		<label>3</label>
	</publication>
	<publication>
		<title>A Mobile Scaffolding-Aid-Based Bird-Watching Learning System,</title>
		<authors>Yuh-ShyanChen,MichelleTai-ChienKao,Jang-PingSheu,Chao-YuChiang</authors>
		<jconf>will be to Journal of Computer Assisted Learning SSCI Journal</jconf>
		<label>3</label>
	</publication>
	<publication>
		<title>A Mobile Scaffolding-Aid-Based Bird-Watching Learning System,</title>
		<authors>Yuh-ShyanChen,MichelleTai-ChienKao,Jang-PingSheu,Chao-YuChiang</authors>
		<jconf>IEEE International Workshop Wireless and Technologies Education</jconf>
		<label>3</label>
	</publication>
	<publication>
		<title>On-Demand, Link-State, Multi-Path QoS Routing in a Wireless Mobile Ad-Hoc Network</title>
		<authors>Yuh-ShyanChen,Yu-CheeTseng,Jang-PingSheu,Po-HsuenKuo</authors>
		<jconf>Proceedings of EW European Wireless</jconf>
		<label>3</label>
	</publication>
	<publication>
		<title>Modeling and Rendering of Realistic Feathers ,</title>
		<authors>YanyunChen,YingquingXu,BainingGuo,Heung-YeungShum</authors>
		<jconf>SIGGRAPH Special Interest Group Computer Graphs</jconf>
		<label>43</label>
	</publication>
	<publication>
		<title>Modeling and Rendering of Snowy Natural Scenery Using Multi-Mapping Techniques ,</title>
		<authors>YanyunChen,HanqiuSun,HuiLin,EnhuaWu</authors>
		<jconf>the Journal of Visualization and Computer Animation Volume Issue</jconf>
		<label>43</label>
	</publication>
	<publication>
		<title>Realistic Rendering and Animation of Knitwear ,</title>
		<authors>YanyunChen,StephenLin,HuaZhong,Ying-QingXu,BainingGuo,Heung-YeungShum</authors>
		<jconf>IEEE Transactions Visualization and Computer Graphics</jconf>
		<label>43</label>
	</publication>
	<publication>
		<title>Photorealistic rendering of knitwear using the lumislice</title>
		<authors>YChen,BainingGuo,EnhuaWu,Heung-YeungShum,HuaZhong,StephenLin,Ying-QingXu</authors>
		<jconf>SIGGRAPH Special Interest Group Computer Graphs</jconf>
		<label>43</label>
	</publication>
	<publication>
		<title>Realistic Rendering and Animation of Knitwear</title>
		<authors>YChen,BainingGuo,Heung-YeungShum,HuaZhong,StephenLin,Ying-QingXu</authors>
		<jconf>IEEE Transactions Visualization and Computer Graphics</jconf>
		<label>43</label>
	</publication>
	<publication>
		<title>Photo-Realistic Rendering of Knitwear Using the Lumislice ,</title>
		<authors>Ying-QingXu,YanyunChen,SteveLin,HuaZhong,EnhuaWu,BainingGuo,Heung-YeungShum</authors>
		<jconf>SIGGRAPH Special Interest Group Computer Graphs</jconf>
		<label>43</label>
	</publication>
	<publication>
		<title>Generation of an STL file from D measurement data user-controlled data reduction</title>
		<authors>YChen,YHChen,CTNg,YZWang</authors>
		<jconf>International Journal of Advanced Manufacturing Technology London UK Springer Verlag</jconf>
		<label>44</label>
	</publication>
	<publication>
		<title>An investigation of parting direction based on dexel model and fuzzy decision making,</title>
		<authors>YChen,YHChen,YZWang,TMLeung</authors>
		<jconf>International Journal of Production Research UK Francis</jconf>
		<label>44</label>
	</publication>
	<publication>
		<title>Using AHP and Fuzzy sets to defermine the build orientation in layer-based machining</title>
		<authors>YChen,ZYang,YHChen,WSSze</authors>
		<jconf>International Journal of Computer Integrated Manufacturing UK Francis</jconf>
		<label>44</label>
	</publication>
	<publication>
		<title>A hybrid method for recognising feature interactions</title>
		<authors>YChen,CZhang,KWChan,YHChen</authors>
		<jconf>The International Journal of Manufacturing Technology Management Bradford U K MCB University Press</jconf>
		<label>44</label>
	</publication>
	<publication>
		<title>Data reduction in integrated reverse engineering and rapid prototyping</title>
		<authors>YChen,YHChen,CTNg,YZWang</authors>
		<jconf>International Journal of Computer Integrated Manufacturing London UK Francis Ltd</jconf>
		<label>44</label>
	</publication>
	<publication>
		<title>Implementation of a PDA/GPS Based Development Platform and Its Applications in Native Education,</title>
		<authors>Yen-WenChen,Zhong-JianYan,Jian-ChinHuang,I-HsuanPeng,Jun-WeiZhan</authors>
		<jconf>to be published the International Conference Communications Circuits And Systems</jconf>
		<label>45</label>
	</publication>
	<publication>
		<title>Exploiting Local Data in Parallel Array I/O on a Practical Network of Workstations</title>
		<authors>YChen,KentESeamons,MaheshSubramaniam,MarianneWinslett,SKuo,YongCho</authors>
		<jconf>IOPADS I O Parallel and Distributed Systems</jconf>
		<label>4</label>
	</publication>
	<publication>
		<title>Efficient Input and Output for Scientific Simulations</title>
		<authors>YChen,JonghyunLee,MarianneWinslett,Szu-WenKuo,YongCho</authors>
		<jconf>IOPADS I O Parallel and Distributed Systems</jconf>
		<label>4</label>
	</publication>
	<publication>
		<title>Parallel I/O Performance of Fine Grained Data Distributions</title>
		<authors>YChen,MarianneWinslett,Szu-WenKuo,YongCho</authors>
		<jconf>HPDC High Performance Distributed Computing Symposium</jconf>
		<label>4</label>
	</publication>
	<publication>
		<title>Automatic Parallel I/O Performance Optimization Using Genetic Algorithms</title>
		<authors>YChen,MarianneWinslett,Szu-WenKuo,YongCho</authors>
		<jconf>HPDC High Performance Distributed Computing Symposium</jconf>
		<label>4</label>
	</publication>
	<publication>
		<title>Application Experience with Parallel Input/Output: Panda and the H expresso Black Hole Simulation on the SP</title>
		<authors>YChen,KentESeamons,MaheshSubramaniam,MarianneWinslett,Szu-WenKuo,YongCho</authors>
		<jconf>PPSC SIAM Conference Parallel Processing for Scientific Computing</jconf>
		<label>4</label>
	</publication>
	<publication>
		<title>Automatic Parallel I/O Performance Optimization in Panda</title>
		<authors>YChen,MarianneWinslett,Szu-WenKuo,YongCho</authors>
		<jconf>SPAA ACM Symposium Parallel Algorithms and Architectures</jconf>
		<label>4</label>
	</publication>
	<publication>
		<title>Parallel Input/Output with Heterogeneous Disks</title>
		<authors>YChen,KentESeamons,MaheshSubramaniam,MarianneWinslett,Szu-WenKuo,YongCho</authors>
		<jconf>SSDBM Statistical and Scientific Database Management</jconf>
		<label>4</label>
	</publication>
	<publication>
		<title>Efficient I/O of Grid Hierarchies for AMR Computations on Parallel Disks</title>
		<authors>YChen,MarianneWinslett,Szu-WenKuo,YongCho</authors>
		<jconf>SSDBM Statistical and Scientific Database Management</jconf>
		<label>4</label>
	</publication>
	<publication>
		<title>Persistent Array Access Using Server-Directed I/O</title>
		<authors>YChen,KentESeamons,MaheshSubramaniam,MarianneWinslett,Szu-WenKuo,YongCho</authors>
		<jconf>SSDBM Statistical and Scientific Database Management</jconf>
		<label>4</label>
	</publication>
	<publication>
		<title>Scalable Message Passing in Panda</title>
		<authors>YChen,KentESeamons,MaheshSubramaniam,MarianneWinslett,Szu-WenKuo,YongCho</authors>
		<jconf>IOPADS I O Parallel and Distributed Systems</jconf>
		<label>4</label>
	</publication>
	<publication>
		<title>RISP: Address Resolution Protocol in Network Layer</title>
		<authors>YChen,NOguchi,Y-MChen,JOgawa,TTsuruoka,TTaniguchi,SNojima</authors>
		<jconf>Proceedings of the rd Conference Local Computer Networks IEEE LCN IEEE Conference Local Computer Networks</jconf>
		<label>51</label>
	</publication>
	<publication>
		<title>Assignment Strategies for Delay Guarantees Over a Multiple Link Packet Switched System</title>
		<authors>YChen,GHSasaki,YWang,Y-MChen</authors>
		<jconf>Conference of Information Sciences and Systems CISS</jconf>
		<label>51</label>
	</publication>
	<publication>
		<title>Robust Internet Transmission of Subband-Encoded Audio</title>
		<authors>YChen,Y-MChen,HWang,TTaniguchi,GHSasaki</authors>
		<jconf>Proceedings of International Symposium Internet Technology ISIT Taipei</jconf>
		<label>51</label>
	</publication>
	<publication>
		<title>Shortcut Routing for Networks Heterogeneous Routing Mechanisms</title>
		<authors>YChen,Y-MChen,JOgawa,NOguchi,SNojima,TTaniguchi,TSuzuki</authors>
		<jconf>IEEE NetWorld Interop Engineers Conference Las Vegas</jconf>
		<label>51</label>
	</publication>
	<publication>
		<title>QRISP: A Protocol for Shortcut-based QoS Provisioning</title>
		<authors>YChen,THamada,Y-MChen,JOgawa,SNojima,TSuzuki</authors>
		<jconf>Proceedings of IEEE Globecom Sydney</jconf>
		<label>51</label>
	</publication>
	<publication>
		<title>Communication Middleware for QoS Control in High-speed Networks,</title>
		<authors>YChen,C-JHou,C-CHan,Y-MChen</authors>
		<jconf>the st Annual Int l Computer Software and Application Conference CompSac</jconf>
		<label>51</label>
	</publication>
	<publication>
		<title>Line Integral Convolution for Visualization of Fiber Tract Maps from DTI</title>
		<authors>YChen,BabaCVemuri,MRao,TMareci,TMcGraw,ZWang</authors>
		<jconf>MICCAI Medical Image Computing and Computer Assisted Intervention</jconf>
		<label>53</label>
	</publication>
	<publication>
		<title>TH-SMS: Security Management System in Advanced Computational Infrastructure</title>
		<authors>YChen,QianFang,SanliLi,ZhenchunHuang,ZhihuiDu</authors>
		<jconf>ICICS International Conference Information Communications and Signal Processing</jconf>
		<label>56</label>
	</publication>
	<publication>
		<title>TH-MPI: OS Kernel Integrated Fault Tolerant MPI</title>
		<authors>YChen,QianFang,SanliLi,ZhihuiDu</authors>
		<jconf>PVM Parallel Virtual Machine MPI The Message Passing Interface Standard</jconf>
		<label>56</label>
	</publication>
	<publication>
		<title>using Prior Shape and Points in Medical Image Segmentation</title>
		<authors>YChen,DavidWilson,EdwardAGeiser,FengHuang,WeihongGuo</authors>
		<jconf>EMMCVPR Energy Minimization Methods Computer Vision and Pattern Recognition</jconf>
		<label>58</label>
	</publication>
	<publication>
		<title>Indexing of Goal Segments in Soccer Video for Semantic Retrieval</title>
		<authors>YChen,DTJONDRONEGORO,Y-PPCHEN,BPHAM</authors>
		<jconf>Data Mining from Multimedia and Complex Data C Djeraba S J Simoff and O R Zaiane Eds Springer Verlag Press</jconf>
		<label>5</label>
	</publication>
	<publication>
		<title>Sports Video Summarization using Highlights and Play-Breaks,</title>
		<authors>YChen,DTJONDRONEGORO,Y-PPCHEN,BPHAM</authors>
		<jconf>The th International ACM Multimedia Information Retrieval Workshop</jconf>
		<label>5</label>
	</publication>
	<publication>
		<title>Computational prediction of macrophage specific regulatory network</title>
		<authors>YChen,BTSE,CWELLS,TRAVASI,Y-PPCHEN</authors>
		<jconf>Presented the th International conference Intelligent Systems for Molecular Biology ISMB Poster Session Brisbane to</jconf>
		<label>5</label>
	</publication>
	<publication>
		<title>Construction of Fuzzy Shape Database,</title>
		<authors>YChen,JZHANG,BPHAM,Y-PPCHEN</authors>
		<jconf>Fuzzy Logic the New Millennium V Dimitrov and V Korotkich Eds The University of Western Sydney</jconf>
		<label>5</label>
	</publication>
	<publication>
		<title>A Fuzzy Genetic Algorithm for Creative Shape Design</title>
		<authors>YChen,JZHANG,BPHAM,Y-PPCHEN</authors>
		<jconf>Proceedings of the Fourth International Symposium Tools and Methods of Competitive Engineering Wuhan Hubei</jconf>
		<label>5</label>
	</publication>
	<publication>
		<title>Fuzzy Genetic Algorithms Based on Level Interval Algorithm</title>
		<authors>YChen,JZHANG,BPHAM,PCHEN</authors>
		<jconf>Proceedings of the th International IEEE conference Fuzzy Systems IEEE CS Press</jconf>
		<label>5</label>
	</publication>
	<publication>
		<title>Fuzzy Genetic Algorithms Fuzzy Solutions</title>
		<authors>YChen,JZHANG,BPHAM,PCHEN</authors>
		<jconf>Australian Journal of Intelligent Information Processing Systems</jconf>
		<label>5</label>
	</publication>
	<publication>
		<title>JPIPE, A pipeline module for JEMBOSS</title>
		<authors>YChen,AGARCIA,JGARCIALEYLA,RAGANLJ,CHENY-PPMA</authors>
		<jconf>Presented the th International conference Intelligent Systems for Molecular Biology ISMB Poster Session Brisbane to</jconf>
		<label>5</label>
	</publication>
	<publication>
		<title>A Fuzzy Shape Database for Creative Design: Technical Report,</title>
		<authors>YChen,JZHANG,BPHAM,PCHEN</authors>
		<jconf>Faculty of Information Technology Queensland University of Technology Brisbane Austalia FIT TR</jconf>
		<label>5</label>
	</publication>
	<publication>
		<title>Modelling and Indexing of Fuzzy Complex Shapes</title>
		<authors>YChen,JZHANG,BPHAM,Y-PPCHEN</authors>
		<jconf>Proceedings of the Sixth IFIP International Federation for Information Processing Working Conference Visual Database Systems Brisbane Kluwer Academic Publishers</jconf>
		<label>5</label>
	</publication>
	<publication>
		<title>Indexing and Information Retrieval of Shape Databases</title>
		<authors>YChen,JZHANG,BPHAM,Y-PPCHEN</authors>
		<jconf>Fuzzy Logic a Paradigm for the New Millennium Studies Fuzziness and Soft Computing V Dimitrov and V Korotkich eds Physica Verlag</jconf>
		<label>5</label>
	</publication>
	<publication>
		<title>Indexing and Retrieval of Fuzzy Shapes</title>
		<authors>YChen,JZHANG,BPHAM,Y-PPCHEN</authors>
		<jconf>Fuzzy Logic a Paradigm for the New Millennium Studies Fuzziness and Soft Computing Volume V Dimitrov and V Korotkich eds Physica Verlag pp</jconf>
		<label>5</label>
	</publication>
	<publication>
		<title>SEMA, A semantic literature annotator</title>
		<authors>YChen,AGARCIA,CJOHN,MARAGAN,Y-PPCHEN</authors>
		<jconf>Presented the th International conference Intelligent Systems for Molecular Biology ISMB Win Australian Best Poster Prize Brisbane to</jconf>
		<label>5</label>
	</publication>
	<publication>
		<title>Information Management for Microarray Experimental Data</title>
		<authors>YChen,SPROMPRAMOTE,Y-PPCHEN,FMAIRE</authors>
		<jconf>th IFAC Symposium Modelling and Control Biomedical Systems IFAC Elsevier Science pp</jconf>
		<label>5</label>
	</publication>
	<publication>
		<title>Integrated Storage for Microarray Experimental Data</title>
		<authors>YChen,SPROMPRAMOTE,Y-PPCHEN,FMAIRE</authors>
		<jconf>Presented the th International conference Intelligent Systems for Molecular Biology ISMB Poster Session Brisbane to</jconf>
		<label>5</label>
	</publication>
	<publication>
		<title>Derivation of L-system models from measurements of biological branching structures using genetic algorithms</title>
		<authors>YChen,BRUNQIANG,Y-PPCHEN,KBURRAGE,JHANAN,PROOM,JBELWARD</authors>
		<jconf>Proceedings of the Fifteenth International Conference Industrial Engineering Application of Artificial Intelligence Expert Systems</jconf>
		<label>5</label>
	</publication>
	<publication>
		<title>A Case Study on Virtual Export Trade Community</title>
		<authors>YChen,LSOON,Y-PPCHEN,AUNDERWOOD</authors>
		<jconf>Proceedings of the AUSWEB Australian World Wide Web Conference link</jconf>
		<label>5</label>
	</publication>
	<publication>
		<title>Explicit Knowledge in Web-based Export Trading</title>
		<authors>YChen,LSOON,Y-PPCHEN,AUNDERWOOD</authors>
		<jconf>Proceedings of the AUSWEB Australian World Wide Web Conference link</jconf>
		<label>5</label>
	</publication>
	<publication>
		<title>Conformal Heating Using Scanned -D Phased Array for Ultrasound Hyperthermia</title>
		<authors>KCJu,YYChen,WLLin,TSKuo:</authors>
		<jconf>Proc of Ann Conf for BMES of ROC</jconf>
		<label>63</label>
	</publication>
	<publication>
		<title>Heating Patterns of Cylindrical Ultrasound Transducers for Breast Tumors,</title>
		<authors>KCJu,YYChen,KSCheng,JYYen,WLLin</authors>
		<jconf>Proceedings of the th annual international conference of the IEEE engineering medicine and biology society p</jconf>
		<label>63</label>
	</publication>
	<publication>
		<title>Heating Patterns of Scanned Phased Array Ultrasound Transducers for External Localized Hyperthermia</title>
		<authors>KCJu,YYChen,JUYen,TSKuo,WLLin</authors>
		<jconf>World Congress Medical Physics and Biomedical Engineering</jconf>
		<label>63</label>
	</publication>
	<publication>
		<title>Scanned Cylindrical Ultrasound Applicator for Breast Hyperthermia</title>
		<authors>KCJu,YYChen,WLLin,TSKuo</authors>
		<jconf>rd Asian Congress Hyperthermic Oncology</jconf>
		<label>63</label>
	</publication>
	<publication>
		<title>Temperature distributions of cylindrical ultrasound transducers for breast tumors</title>
		<authors>KCJu,WLLin,KSCheng,YYChen,JYYen</authors>
		<jconf>Proc of th Congr of Asian Fed of Soc for Ultrasound Med and Biol Taipei</jconf>
		<label>63</label>
	</publication>
	<publication>
		<title>Cylindrical ultrasound transducers for breast tumors</title>
		<authors>TCLiang,MJShieh,WLLin,YYChen</authors>
		<jconf>Proc of Congr of the Asian Soc for Hyperthermic Oncology Tokyo</jconf>
		<label>63</label>
	</publication>
	<publication>
		<title>Optimization of power deposition for external ultrasound thermal therapy</title>
		<authors>TCLiang,JYYen,WLLin,MJShieh,YYChen,TCShih,HSKuo:</authors>
		<jconf>Proc of Ann Conf for BMES of ROC</jconf>
		<label>63</label>
	</publication>
	<publication>
		<title>Simulation study of intracavitary ultrasound hyperthermia treatments</title>
		<authors>TCLiang,WLLin,WCFan,JYYen,YYChen</authors>
		<jconf>Proc of th Congr of Asian Fed of Soc for Ultrasound Med and Biol Taipei</jconf>
		<label>63</label>
	</publication>
	<publication>
		<title>Simulation study of termperature and thermal dose distributions of cylindrical ultrasound transducers for intracavitary hyperthermia</title>
		<authors>TCLiang,WLLin,WCFan,JYYen,YYChen</authors>
		<jconf>Proc Of Ann Conf For BMES of ROC</jconf>
		<label>63</label>
	</publication>
	<publication>
		<title>SAR and temperature distributions of cylindrical ultrasound transducers for intracavitary hyperthermia</title>
		<authors>TCLiang,WLLin,WCFan,JYYen,YYChen</authors>
		<jconf>Proc of th Annual Int l Conf of the IEEE Eng Med and Biol Soc Hong Kong</jconf>
		<label>63</label>
	</publication>
	<publication>
		<title>Theoretical study of intracavitary ultrasound hyperthermia</title>
		<authors>TCLiang,WLLin,JYYen,YYChen</authors>
		<jconf>Proc of Congr of the Asian Soc for Hyperthermic Oncology Tokyo</jconf>
		<label>63</label>
	</publication>
	<publication>
		<title>Interrelationship between control parameters and tumor/bone conditions for external ultrasound hyperthermia</title>
		<authors>CTLiauh,WLLin,JYYen,YYChen</authors>
		<jconf>Biomed Eng Appl Basis Comm EI</jconf>
		<label>63</label>
	</publication>
	<publication>
		<title>Ultrasound heating technology</title>
		<authors>WLLin,MJShieh,YYChen,JYYen</authors>
		<jconf>Proc of Congr of the Asian Soc for Hyperthermic Oncology Tokyo</jconf>
		<label>63</label>
	</publication>
	<publication>
		<title>Study of control parameters and tumor/bone conditions for external ultrasound hyperthermia</title>
		<authors>WLLin,TCLiang,YYChen,JYYen,MJShieh</authors>
		<jconf>Proc Of Ann Conf For BMES of ROC</jconf>
		<label>63</label>
	</publication>
	<publication>
		<title>A theorectical study of cylindrical ultrasound transducers for intracavitary hyperthermia</title>
		<authors>WLLin,WCFan,JYYen,YYChen,MJShieh</authors>
		<jconf>International Journal of Radiation Oncology Biology Physics</jconf>
		<label>63</label>
	</publication>
	<publication>
		<title>Thermal dose distributions for intracavitary ultrasound thermal therapy,</title>
		<authors>WLLin,TCLiang,JYYen,YYChen,MJShieh</authors>
		<jconf>Physics Medicine and Biology Cond SCI Scalable Coherent Interface</jconf>
		<label>63</label>
	</publication>
	<publication>
		<title>A theoretical study of cylindrical ultrasound transducers for intracavitary hyperthermia,</title>
		<authors>WLLin,WCFan,JYYen,YYChen,MJShieh</authors>
		<jconf>International Journal of Radiation Oncology Biology Physics SCI Scalable Coherent Interface</jconf>
		<label>63</label>
	</publication>
	<publication>
		<title>Treatable Domain and Optimal Driving Frequency for Brain Tumors during Ultrasound Hyperthermia</title>
		<authors>WLLin,TCLiang,JYYen,YYChen,MJShieh</authors>
		<jconf>International Journal of Radiation Oncology Biology Physics</jconf>
		<label>63</label>
	</publication>
	<publication>
		<title>Treatable domain and optimal frequency for brain tumors during ultrasound hyperthermia,</title>
		<authors>WLLin,CTLiauh,JYYen,YYChen,MJShieh</authors>
		<jconf>International Journal of Radiation Oncology Biology Physics SCI Scalable Coherent Interface</jconf>
		<label>63</label>
	</publication>
	<publication>
		<title>Fuzzy Logic control for ultrasound hyperthermia reference temperature based on objective functions</title>
		<authors>HLLiou,WLLin,YYChen,JYYen</authors>
		<jconf>Proc of Congr of the Asian Soc for Hyperthermic Oncology Tokyo</jconf>
		<label>63</label>
	</publication>
	<publication>
		<title>Analysis of thermoprobe location using treatment quality control in ultrasound hyperthermia</title>
		<authors>HLLiou,WLLin,YYChen,JYYen</authors>
		<jconf>Proc Of Ann Conf For BMES of ROC</jconf>
		<label>63</label>
	</publication>
	<publication>
		<title>Thermoprobe location analysis using objective functions in scanned focused ultrasound hyperthermia</title>
		<authors>HLLiou,YYChen,WLLin,JYYen</authors>
		<jconf>Proc Of Ann Conf For BMES of ROC</jconf>
		<label>63</label>
	</publication>
	<publication>
		<title>Conformal Ultrasound Thermal Therapy using -D Phased Array</title>
		<authors>HLLiu,YYChen,WLLin,JYYen:</authors>
		<jconf>Proc of Ann Conf for BMES of ROC</jconf>
		<label>63</label>
	</publication>
	<publication>
		<title>Fuzzy logic control for ultrasound hyperthermia reference temperature based on objective functions,</title>
		<authors>HLLiu,WLLin,YYChen,JYYen</authors>
		<jconf>The Second Congress of the Asian Society for Hyperthermic Oncology</jconf>
		<label>63</label>
	</publication>
	<publication>
		<title>Feasibility of high temperature ultrasound therapy system for deep-seated tumors</title>
		<authors>HLLiu,YYChen,WLLin,JYYen:</authors>
		<jconf>Proc of Ann Conf for BMES of ROC</jconf>
		<label>63</label>
	</publication>
	<publication>
		<title>Heating Strategy for Large-Volume Ultrasoudn Thermal Therapy Using -D Phased Array</title>
		<authors>HLLiu,YYChen,JYYen,WLLin</authors>
		<jconf>rd Asian Congress Hyperthermic Oncology</jconf>
		<label>63</label>
	</publication>
	<publication>
		<title>A Heating System of Multiple Lens Ultrasound Transducers</title>
		<authors>CYLiu,JYYen,YYChen,WLLin:</authors>
		<jconf>Proc of Ann Conf for BMES of ROC</jconf>
		<label>63</label>
	</publication>
	<publication>
		<title>A Heating System Sector-vortex Phased Array Ultrasound Transducers for Thermal Surgery</title>
		<authors>CYLiu,JYYen,YYChen,WLLin</authors>
		<jconf>rd Asian Congress Hyperthermic Oncology</jconf>
		<label>63</label>
	</publication>
	<publication>
		<title>Relationship between control parameters and thermal dose distribution for external ultrasound thermal therapy</title>
		<authors>HLLiu,YYChen,JYYen,WLLin:</authors>
		<jconf>World Congress Medical Physics and Biomedical Engineering</jconf>
		<label>63</label>
	</publication>
	<publication>
		<title>Scanned ultrasound phased array system design in thermal therapy</title>
		<authors>HLLiu,YYChen,WLLin,JYYen,:</authors>
		<jconf>Proc of Ann Conf for BMES of ROC</jconf>
		<label>63</label>
	</publication>
	<publication>
		<title>Scanned Ultrasound Thermal Therapy System Design Using Gradient Method and Genetic Algorithms</title>
		<authors>HLLiu,YYChen,WLLin,JYYen</authors>
		<jconf>Proceedings of the International Federation for Medical Biological Engineering</jconf>
		<label>63</label>
	</publication>
	<publication>
		<title>Thermal lesion formation and determination in external ultrasound thermal therapy,</title>
		<authors>HLLiu,YYChen,WLLin,JYYen</authors>
		<jconf>IEEE Trans Ultrasonics Ferroelectrics and Frequency Control</jconf>
		<label>63</label>
	</publication>
	<publication>
		<title>Relationship among acoustic window, bone and tumor conditions for external ultrasound hyperthermia</title>
		<authors>KFLo,WLLin,YYChen,MJShieh</authors>
		<jconf>Proc of Congr of the Asian Soc for Hyperthermic Oncology Tokyo</jconf>
		<label>63</label>
	</publication>
	<publication>
		<title>A multifrequency driving system for ultrasound hyperthermia,</title>
		<authors>BYLu,WLLin,YYChen,RSYang,TSKuo,CYWang</authors>
		<jconf>IEEE Engineering Medicine and Biology SCI Scalable Coherent Interface</jconf>
		<label>63</label>
	</publication>
	<publication>
		<title>An experimental concurrently multi-frequency driving system for ultrasound hyperthermia</title>
		<authors>BYLu,WLLin,YYChen,RSYang,TSKuo,CYWang</authors>
		<jconf>IEEE Engineering Medicine and Biology Magazine</jconf>
		<label>63</label>
	</publication>
	<publication>
		<title>The temperature distributions of bone tumor therapy using scanned focused ultrasound system</title>
		<authors>BYLu,WLLin,RSYang,YYChen,CYWang,TSKuo:</authors>
		<jconf>Proc of the First Joint BMES EMBS Conference</jconf>
		<label>63</label>
	</publication>
	<publication>
		<title>Estimation of ultrasound transducer and tissue parameters artificial neural network</title>
		<authors>YYChen,MJShieh,JYYen,CHChen,WLLin</authors>
		<jconf>Chinese J of Medical and Biological Engineering</jconf>
		<label>63</label>
	</publication>
	<publication>
		<title>A Self-Growing Probabilistic Decision-Based Neural Network for Anchor/Speaker Identification</title>
		<authors>YChen,CLTseng,HTPao,Hsin-ChiaFu</authors>
		<jconf>ICANN Int Conference Artificial Neural Networks</jconf>
		<label>64</label>
	</publication>
	<publication>
		<title>Evaluation of Quantitative Structure-Activity Relationship Methods for Large-Scale Prediction of Chemicals Binding to the Estrogen Receptor</title>
		<authors>YChen,DanielMSheehan,DavidRLowis,DeanWGoddette,RogerPerkins,TrevorWHeritage,WeidaTong,WilliamJWelsh</authors>
		<jconf>Journal of Chemical Information and Computer Sciences</jconf>
		<label>67</label>
	</publication>
	<publication>
		<title>UTLB: A Mechanism for Address Translation on Network Interfaces</title>
		<authors>YChen,AngelosBilas,CezaryDubnicki,KaiLi,StefanosNDamianakis</authors>
		<jconf>ASPLOS Architectural Support for Programming Languages and Operating Systems</jconf>
		<label>6</label>
	</publication>
	<publication>
		<title>Design Choices in the SHRIMP System: An Empirical Study</title>
		<authors>MatthiasABlumrich,RichardDAlpert,YuqunChen,DouglasWClark,StefanosNDamianakis,CezaryDubnicki,EdwardWFelten,LiviuIftode,KaiLi,MargaretMartonosi,RobertAShillner</authors>
		<jconf>Appears the Proceedings of the th Annual International Symposium Computer Architecture ISCA International Symposium Computer Architecture pages</jconf>
		<label>6</label>
	</publication>
	<publication>
		<title>Oblivious Hashing: Silent Verification of Code Execution</title>
		<authors>YuqunChen,MatthewCary,MariuszJakubowski,RuomingPang,VenkatesanRamarathnam</authors>
		<jconf>Appears the Proceedings of th International Workshop Information Hiding Noordwijkerhout The</jconf>
		<label>6</label>
	</publication>
	<publication>
		<title>High-Assurance Computing on Open Hardware Architectures</title>
		<authors>YuqunChen,PaulEngland,MarcusPeinado,BryanWillman</authors>
		<jconf>Microsoft Research Technical Report MSR TR</jconf>
		<label>6</label>
	</publication>
	<publication>
		<title>Porting a User-level Communication Architecture to NT: Experience and Performance</title>
		<authors>YuqunChen,StefanosNDamianakis,SanjeevKumar,XiangYu,KaiLi</authors>
		<jconf>Appears the Proceedings of rd Usenix Windows Symposium</jconf>
		<label>6</label>
	</publication>
	<publication>
		<title>UTLB: A Mechanism for Translations on Network Interface</title>
		<authors>YuqunChen,CzarekDubnicki,StefanosDamianakis,AngelosBilas,KaiLi</authors>
		<jconf>Appears Architectural Support for Programming Languages and Operating Systems ASPLOS Architectural Support for Programming Languages and Operating Systems VIII San Jose</jconf>
		<label>6</label>
	</publication>
	<publication>
		<title>API and Performance of VMMC-</title>
		<authors>CezaryDubnicki,AngelosBilas,YuqunChen,StefanosDamianakis,KaiLi</authors>
		<jconf>Appears Hot Interconnects Symposium V Computer Animation</jconf>
		<label>6</label>
	</publication>
	<publication>
		<title>Trading Capacity for Performance in a Disk Array</title>
		<authors>YChen,ArvindKrishnamurthy,BenjaminGum,KaiLi,RandolphYWang,ThomasEAnderson,XiangYu</authors>
		<jconf>OSDI Operating Systems Design and Implementation</jconf>
		<label>6</label>
	</publication>
	<publication>
		<title>Trading Capacity For Performance In A Disk Array</title>
		<authors>YChen,KLi,AKrishnamurthy,TAnderson</authors>
		<jconf>th USENIX the Advanced Computing Systems Association Symposium Operating Systems Design and Implementation</jconf>
		<label>6</label>
	</publication>
	<publication>
		<title>Parallel ROLAP Data Cube Construction On Shared-Nothing Multiprocessors</title>
		<authors>YChen,AndrewRau-Chaplin,FrankKHADehne,ToddEavis</authors>
		<jconf>IPDPS International Parallel and Distributed Processing Symposium</jconf>
		<label>70</label>
	</publication>
	<publication>
		<title>On Neural Network Implementation of K-Nearest Heighbor Classifiers</title>
		<authors>YChen,YQChen,RIDamper,MSNixon</authors>
		<jconf>IEEE Transactions Circuit and Systems I</jconf>
		<label>8</label>
	</publication>
	<publication>
		<title>On Texture Classification</title>
		<authors>YChen,YQChen,MSNixon,DWThomas</authors>
		<jconf>International Journal of Systems Science</jconf>
		<label>8</label>
	</publication>
	<publication>
		<title>Quantifying Network Denial of Service: A Location Service Case Study</title>
		<authors>YChen,AdamBargteil,DavidBindel,JohnKubiatowicz,RandyHKatz</authors>
		<jconf>ICICS International Conference Information Communications and Signal Processing</jconf>
		<label>9</label>
	</publication>
	<publication>
		<title>OceanStore: An Architecture for Global-Scale Persistent Storage</title>
		<authors>YChen,BenYZhao,ChrisWells,DavidBindel,DennisGeels,HakimWeatherspoon,JohnKubiatowicz,PatrickREaton,RamakrishnaGummadi,SeanCRhea,StevenECzerwinski,WestleyWeimer</authors>
		<jconf>ASPLOS Architectural Support for Programming Languages and Operating Systems</jconf>
		<label>9</label>
	</publication>
</person>
