<?xml version="1.0" encoding="utf-8"?>
<person>
	<FullName>Andreas Spillner</FullName>
	<publication>
		<title>Die wissenschaftlichen Arbeiten von Reinhold Franck</title>
		<year>1992</year>
		<authors>björn brünjes,jens herrmann,jutta hindersmann,joachim müller,ingrid nikschat-tillwick,karin vosseberg</authors>
		<jconf>Birthday ...</jconf>
		<label>63</label>
		<keyword></keyword>
		<organization>null</organization>
		<abstract></abstract>
	</publication>
	<publication>
		<title>Objektorientierte Softwareentwicklung im Rahmen eines Ausbildungsprojektes</title>
		<year>1993</year>
		<authors>antje von knethen,joachim müller</authors>
		<jconf>GI-Jahrestagung</jconf>
		<label>63</label>
		<keyword></keyword>
		<organization>null</organization>
		<abstract></abstract>
	</publication>
	<publication>
		<title>Use of MeDoc Offerings in Technical Education</title>
		<year>1998</year>
		<authors></authors>
		<jconf>Multimedia Electronic Documents - MeDoc</jconf>
		<label>63</label>
		<keyword></keyword>
		<organization>null</organization>
		<abstract></abstract>
	</publication>
</person>
