<?xml version="1.0" encoding="utf-8"?>
<person>
	<FullName>Bo Yu</FullName>
	<publication>
		<title>Distributed Data Aggregation Scheduling in Wireless Sensor Networks</title>
		<year>2009</year>
		<authors>jiangchuan li,yong li</authors>
		<jconf>IEEE INFOCOM</jconf>
		<label>105</label>
		<keyword>Data Aggregation;Distributed Algorithm;Distributed Data;Maximal Independent Set;Scheduling Algorithm;Scheduling Problem;Wireless Sensor Network;</keyword>
		<organization>null</organization>
		<abstract>Abstract—Data aggregation is an essential operation in wireless sensor network applications. This paper focuses on the data aggregation scheduling problem. Based on maximal independent sets, a distributed algorithm to generate a collision-free schedule for data aggregation in wireless sensor networks is proposed. The time latency of the aggregation schedule generated by the proposed algorithm is minimized using a greedy strategy.</abstract>
	</publication>
</person>
