<?xml version="1.0" encoding="utf-8"?>
<person>
	<FullName>Charles Davis</FullName>
	<publication>
		<title>Systems Limitations Hamper Integration of Accessible Information Technology in Northwest U.S. K-12 Schools</title>
		<year>2007</year>
		<authors>jennifer p. wisdom,nathan white,kimberley goldsmith,sarann bielavitz,amy rees</authors>
		<jconf>Educational Technology &amp; Society</jconf>
		<label>126</label>
		<keyword>assistive technology;Information Technology;Needs Assessment;Pacific Northwest;</keyword>
		<organization>null</organization>
		<abstract>Although federal U.S. regulations require schools to provide equal access to educational opportunities for all students, many technologies used in K-12 schools present accessibility barriers for students with disabilities. Interviews assessed knowledge of educational department staff, teachers, and parents of children in K-12 schools in the Pacific Northwest U.S. regarding accessible electronic and information technology, barriers to technology access, and</abstract>
	</publication>
</person>
