<?xml version="1.0" encoding="utf-8"?>
<person>
	<FullName>Christopher Bailey</FullName>
	<publication>
		<title>On ATM Cell Batching and Its Effects on Bus Arbitration in a Conventional Multimedia Server</title>
		<year>2000</year>
		<authors>martin maierhofer</authors>
		<jconf>EUROMICRO</jconf>
		<label>156</label>
		<keyword>Multimedia Server;</keyword>
		<organization>null</organization>
		<abstract></abstract>
	</publication>
	<publication>
		<title>An Assessment of Shared Local Memory Buffering for Enhanced Multimedia Server Scalability</title>
		<year>1999</year>
		<authors>martin maierhofer</authors>
		<jconf>Internet, Multimedia Systems and Applications</jconf>
		<label>156</label>
		<keyword>Multimedia Server;</keyword>
		<organization>null</organization>
		<abstract></abstract>
	</publication>
	<publication>
		<title>An Investigation of Arbitration in Servers for Distributed Multimedia Applications</title>
		<year>1999</year>
		<authors>martin maierhofer,hadj batatia,reza sotudeh</authors>
		<jconf>Parallel and Distributed Processing Techniques and Applications</jconf>
		<label>156</label>
		<keyword>Distributed Multimedia Applications;</keyword>
		<organization>null</organization>
		<abstract></abstract>
	</publication>
</person>
