<?xml version="1.0" encoding="utf-8"?>
<person>
	<FullName>James R. Anderson</FullName>
	<publication>
		<title>Ultrastructural Mapping of Neural Circuitry: A Computational Framework</title>
		<year>2009</year>
		<authors>bryan w. jones,jia-hui yang,maggie v. shaw,carl b. watt,paul koshevoy,joël spaltenstein,elizabeth jurrus,kannan umadevi venkataraju,ross t. whitaker,david n. mastronarde,tolga tasdizen,robert marc</authors>
		<jconf>IEEE International Symposium on Biomedical Imaging</jconf>
		<label>344</label>
		<keyword></keyword>
		<organization>null</organization>
		<abstract></abstract>
	</publication>
</person>
