<?xml version="1.0" encoding="utf-8"?>
<person>
	<personID>10427</personID>
	<FullName>Robert Allen</FullName>
	<FirstName>Robert</FirstName>
	<LastName>Allen</LastName>
	<publication>
		<title>Running an NSF REU program: observations, comments and suggestions</title>
		<year>1992</year>
		<authors>David Cordes,Robert Allen</authors>
		<jconf>ACM Southeast Regional Conference</jconf>
		<id>6387</id>
		<label>2</label>
		<organization>University of Alabama, Tuscaloosa, Alabama</organization>
	</publication>
	<publication>
		<title>Specifying and Analyzing Dynamic Software Architectures</title>
		<year>1998</year>
		<authors>Robert Allen,Remi Douence,David Garlan</authors>
		<jconf>FASE</jconf>
		<id>202092</id>
		<label>10</label>
		<organization>null</organization>
	</publication>
	<publication>
		<title>Formalizing Architectural Connection</title>
		<year>1994</year>
		<authors>Robert J. Allen,David Garlan</authors>
		<jconf>ICSE</jconf>
		<id>361282</id>
		<label>10</label>
		<organization>null</organization>
	</publication>
	<publication>
		<title>Architectural Mismatch or Why It's Hard to Build Systems Out Of Existing Parts</title>
		<year>1995</year>
		<authors>David Garlan,Robert Allen,John Ockerbloom</authors>
		<jconf>ICSE</jconf>
		<id>362018</id>
		<label>10</label>
		<organization>Carnegie Mellon University, Pittsburgh, PA</organization>
	</publication>
	<publication>
		<title>Beyond Definition/Use: Architectural Interconnection</title>
		<year>1994</year>
		<authors>Robert J. Allen,David Garlan</authors>
		<jconf>Workshop on Interface Definition Languages</jconf>
		<id>373151</id>
		<label>10</label>
		<organization>null</organization>
	</publication>
	<publication>
		<title>Using Style to Understand Descriptions of Software Architecture</title>
		<year>1993</year>
		<authors>Gregory D. Abowd,Robert Allen,David Garlan</authors>
		<jconf>SIGSOFT FSE</jconf>
		<id>601053</id>
		<label>10</label>
		<organization>null</organization>
	</publication>
	<publication>
		<title>Formal Modeling and Analysis of the HLA Component Integration Standard</title>
		<year>1998</year>
		<authors>Robert Allen,David Garlan</authors>
		<jconf>SIGSOFT FSE</jconf>
		<id>601061</id>
		<label>10</label>
		<organization>null</organization>
	</publication>
	<publication>
		<title>Exploiting Style in Architectural Design Environments</title>
		<year>1994</year>
		<authors>David Garlan,Robert Allen,John Ockerbloom</authors>
		<jconf>SIGSOFT FSE</jconf>
		<id>601089</id>
		<label>10</label>
		<organization>null</organization>
	</publication>
	<publication>
		<title>Using an architecture description language for quantitative analysis of real-time systems</title>
		<year>2002</year>
		<authors>Robert Allen,Steve Vestal,Dennis Cornhill,Bruce Lewis</authors>
		<jconf>Workshop on Software and Performance</jconf>
		<id>666414</id>
		<label>3</label>
		<organization>Boeing, Seattle, WA</organization>
	</publication>
	<publication>
		<title>Neuro-fuzzy closed-loop control of depth of anaesthesia</title>
		<year>2001</year>
		<authors>Robert Allen,David Smith</authors>
		<jconf>Artificial Intelligence in Medicine</jconf>
		<id>759551</id>
		<label>4</label>
		<organization>null</organization>
	</publication>
	<publication>
		<title>The Web: Interactive and Multimedia Education</title>
		<year>1998</year>
		<authors>Robert Allen</authors>
		<jconf>Computer Networks</jconf>
		<id>793283</id>
		<label>10</label>
		<organization>null</organization>
	</publication>
	<publication>
		<title>RAVE: Real-Time Services for the Web</title>
		<year>1996</year>
		<authors>Paul England,Robert B. Allen,Ron Underwood</authors>
		<jconf>Computer Networks</jconf>
		<id>793951</id>
		<label>11</label>
		<organization>null</organization>
	</publication>
	<publication>
		<title>An improved algorithm for relational distance graph matching</title>
		<year>1996</year>
		<authors>Luigi Cinque,Dean Yasuda,Linda G. Shapiro,Steven L. Tanimoto,Robert Allen</authors>
		<jconf>Pattern Recognition</jconf>
		<id>1039031</id>
		<label>8</label>
		<organization>null</organization>
	</publication>
	<publication>
		<title>Architectural Mismatch: Why Reuse Is So Hard</title>
		<year>1995</year>
		<authors>David Garlan,Robert Allen,John Ockerbloom</authors>
		<jconf>IEEE Software</jconf>
		<id>1070805</id>
		<label>10</label>
		<organization>Sch. of Comput. Sci., Carnegie Mellon Univ., Pittsburgh, PA</organization>
	</publication>
	<publication>
		<title>Automated segmentation of lumbar vertebrae in digital videofluoroscopic images</title>
		<year>2004</year>
		<authors>Yalin Zheng,Mark S. Nixon,Robert Allen</authors>
		<jconf>IEEE Trans. Med. Imaging</jconf>
		<id>1115830</id>
		<label>5</label>
		<organization>null</organization>
	</publication>
	<publication>
		<title>A Formal Basis for Architectural Connection</title>
		<year>1997</year>
		<authors>Robert Allen,David Garlan</authors>
		<jconf>ACM Trans. Softw. Eng. Methodol.</jconf>
		<id>1124189</id>
		<label>10</label>
		<organization>null</organization>
	</publication>
	<publication>
		<title>Errata: A Formal Basis for Architectural Connection</title>
		<year>1998</year>
		<authors>Robert Allen,David Garlan</authors>
		<jconf>ACM Trans. Softw. Eng. Methodol.</jconf>
		<id>1124191</id>
		<label>10</label>
		<organization>null</organization>
	</publication>
	<publication>
		<title>A Parallel Algorithm for Graph Matching and Its MasPar Implementation</title>
		<year>1997</year>
		<authors>Robert Allen,Luigi Cinque,Steven L. Tanimoto,Linda G. Shapiro,Dean Yasuda</authors>
		<jconf>IEEE Trans. Parallel Distrib. Syst.</jconf>
		<id>1124637</id>
		<label>8</label>
		<organization>Hewlett-Packard Company, Palo Alto, CA</organization>
	</publication>
	<publication>
		<title>Automated tracking in digitized videofluoroscopy sequences for spine kinematic analysis</title>
		<year>2009</year>
		<authors>Shing Chun Benny Lam,Brendan McCane,Robert Allen</authors>
		<jconf>Image Vision Comput.</jconf>
		<id>1276997</id>
		<label>6</label>
		<organization>Institute of Sound and Vibration Research, University of Southampton, Southampton SO17 1BJ, UK</organization>
	</publication>
	<publication>
		<title>Architectural Mismatch: Why Reuse Is Still So Hard.</title>
		<year>2009</year>
		<authors>David Garlan,Robert Allen,John Ockerbloom</authors>
		<jconf>IEEE Software</jconf>
		<id>1342563</id>
		<label>10</label>
		<organization>IBM</organization>
	</publication>
	<publication>
		<title>Towards Formalized Software Architectures</title>
		<year>1992</year>
		<authors>Robert Allen,David Garlan</authors>
		<jconf>null</jconf>
		<id>1415167</id>
		<label>10</label>
		<organization>null</organization>
	</publication>
	<publication>
		<title>A Case Study in Architectural Modelling: The AEGIS System</title>
		<year>1996</year>
		<authors>Robert Allen,David Garlan</authors>
		<jconf>Proceedings of the 8th International Workshop on Software Specification and Design</jconf>
		<id>1416206</id>
		<label>10</label>
		<organization>Computer Science Department, Carnegie Mellon University, Pittsburgh, PA</organization>
	</publication>
	<publication>
		<title>Formal Connectors</title>
		<year>1994</year>
		<authors>Robert Allen,David Garlan</authors>
		<jconf>null</jconf>
		<id>1426360</id>
		<label>10</label>
		<organization>null</organization>
	</publication>
	<publication>
		<title>Writing device drivers with Turbo C</title>
		<year>1990</year>
		<authors>Robert Allen</authors>
		<jconf>MS-DOS system programming (2nd ed.)</jconf>
		<id>1503954</id>
		<label>7</label>
		<organization>null</organization>
	</publication>
</person>